{"type":"FeatureCollection","features":[{"type":"Feature","geometry":{"type":"Polygon","coordinates":[[[71.42925,51.11419],[71.42918,51.11401],[71.42749,51.11424],[71.42755,51.11446],[71.42771,51.11439],[71.42925,51.11419]]]},"properties":{"layer":"building","districtId":"esil","osmType":"way","osmId":230414678,"building":"yes","height":null,"levels":"16"}},{"type":"Feature","geometry":{"type":"Polygon","coordinates":[[[71.43023,51.11408],[71.43046,51.11405],[71.43043,51.11398],[71.43093,51.11391],[71.43137,51.11518],[71.43083,51.11525],[71.4308,51.11518],[71.43062,51.1152],[71.43069,51.11541],[71.43167,51.11527],[71.43114,51.11376],[71.43016,51.11389],[71.43023,51.11408]]]},"properties":{"layer":"building","districtId":"esil","osmType":"way","osmId":230414683,"building":"apartments","height":null,"levels":"10"}},{"type":"Feature","geometry":{"type":"Polygon","coordinates":[[[71.42727,51.11167],[71.42649,51.11179],[71.427,51.11306],[71.42745,51.11299],[71.42762,51.11341],[71.42928,51.11315],[71.42906,51.11258],[71.42879,51.11262],[71.42896,51.11305],[71.4278,51.11323],[71.4277,51.11299],[71.42767,51.11291],[71.42759,51.11292],[71.42756,51.11284],[71.42749,51.11285],[71.42747,51.1128],[71.42718,51.11283],[71.42682,51.11192],[71.42734,51.11184],[71.42727,51.11167]]]},"properties":{"layer":"building","districtId":"esil","osmType":"way","osmId":240873349,"building":"apartments","height":null,"levels":"18"}},{"type":"Feature","geometry":{"type":"Polygon","coordinates":[[[71.42793,51.10663],[71.42795,51.10669],[71.42792,51.10669],[71.42796,51.10683],[71.42799,51.10682],[71.42807,51.10715],[71.4283,51.10712],[71.42826,51.10699],[71.42831,51.10698],[71.42829,51.10692],[71.42824,51.10692],[71.42817,51.10673],[71.42836,51.1067],[71.42838,51.10677],[71.42873,51.10672],[71.4287,51.10666],[71.42887,51.10663],[71.42893,51.10682],[71.4289,51.10682],[71.42892,51.10689],[71.42896,51.10689],[71.42902,51.10707],[71.42884,51.10709],[71.42882,51.10703],[71.4285,51.10708],[71.42859,51.10734],[71.42891,51.1073],[71.42889,51.10723],[71.42929,51.10718],[71.4292,51.10686],[71.42917,51.10686],[71.42904,51.10647],[71.42869,51.10652],[71.42863,51.10646],[71.42852,51.10644],[71.42838,51.10646],[71.42829,51.10652],[71.4283,51.10658],[71.42793,51.10663]]]},"properties":{"layer":"building","districtId":"esil","osmType":"way","osmId":242598854,"building":"kindergarten","height":null,"levels":"2"}},{"type":"Feature","geometry":{"type":"Polygon","coordinates":[[[71.42806,51.10786],[71.42811,51.10797],[71.42831,51.10794],[71.42827,51.10783],[71.42806,51.10786]]]},"properties":{"layer":"building","districtId":"esil","osmType":"way","osmId":258656412,"building":"yes","height":null,"levels":null}},{"type":"Feature","geometry":{"type":"Polygon","coordinates":[[[71.43621,51.10955],[71.43608,51.10935],[71.43634,51.10929],[71.43651,51.10955],[71.43648,51.10956],[71.43657,51.1097],[71.4366,51.10969],[71.43664,51.10976],[71.43659,51.10978],[71.43662,51.10983],[71.43647,51.10986],[71.43645,51.10984],[71.43639,51.10985],[71.43621,51.10955]]]},"properties":{"layer":"building","districtId":"esil","osmType":"way","osmId":398750705,"building":"yes","height":null,"levels":"6"}},{"type":"Feature","geometry":{"type":"Polygon","coordinates":[[[71.43564,51.10919],[71.43575,51.10917],[71.43577,51.1092],[71.43601,51.10915],[71.43599,51.10911],[71.43609,51.10909],[71.43611,51.10912],[71.43618,51.10911],[71.43626,51.10926],[71.4357,51.10938],[71.43568,51.10934],[71.43564,51.10934],[71.43559,51.10925],[71.43566,51.10923],[71.43564,51.10919]]]},"properties":{"layer":"building","districtId":"esil","osmType":"way","osmId":398750706,"building":"yes","height":null,"levels":"6"}},{"type":"Feature","geometry":{"type":"Polygon","coordinates":[[[71.43308,51.10914],[71.43348,51.10909],[71.43346,51.10901],[71.43366,51.10898],[71.43367,51.10902],[71.43473,51.10887],[71.43463,51.1086],[71.43358,51.10874],[71.4336,51.1088],[71.43339,51.10882],[71.43337,51.10877],[71.43297,51.10883],[71.43308,51.10914]]]},"properties":{"layer":"building","districtId":"esil","osmType":"way","osmId":424980089,"building":"yes","height":null,"levels":"11"}},{"type":"Feature","geometry":{"type":"Polygon","coordinates":[[[71.42988,51.10817],[71.4307,51.10805],[71.4306,51.10777],[71.43032,51.1078],[71.43037,51.10797],[71.4302,51.10799],[71.43018,51.10792],[71.42981,51.10797],[71.42988,51.10817]]]},"properties":{"layer":"building","districtId":"esil","osmType":"way","osmId":424980282,"building":"yes","height":null,"levels":"6"}},{"type":"Feature","geometry":{"type":"Polygon","coordinates":[[[71.42986,51.10867],[71.43085,51.10853],[71.43072,51.10817],[71.43037,51.10822],[71.43041,51.10833],[71.43049,51.10832],[71.43052,51.10839],[71.4298,51.10849],[71.42986,51.10867]]]},"properties":{"layer":"building","districtId":"esil","osmType":"way","osmId":424980288,"building":"yes","height":null,"levels":"7"}},{"type":"Feature","geometry":{"type":"Polygon","coordinates":[[[71.42824,51.11196],[71.42834,51.11228],[71.42905,51.11218],[71.42893,51.11183],[71.42938,51.11177],[71.42932,51.11159],[71.42887,51.11165],[71.42875,51.11131],[71.42804,51.1114],[71.42814,51.11169],[71.4279,51.11172],[71.42795,51.11185],[71.42786,51.11187],[71.42789,51.11195],[71.42798,51.11194],[71.42799,51.112],[71.42824,51.11196]]]},"properties":{"layer":"building","districtId":"esil","osmType":"way","osmId":425276258,"building":"school","height":null,"levels":"3"}},{"type":"Feature","geometry":{"type":"Polygon","coordinates":[[[71.42734,51.10777],[71.42694,51.10783],[71.42696,51.10787],[71.42673,51.1079],[71.42676,51.10799],[71.42667,51.10801],[71.42678,51.10832],[71.42687,51.10831],[71.4269,51.1084],[71.42718,51.10836],[71.42714,51.10825],[71.42706,51.10826],[71.42697,51.10801],[71.4274,51.10794],[71.42734,51.10777]]]},"properties":{"layer":"building","districtId":"esil","osmType":"way","osmId":425276262,"building":"yes","height":null,"levels":"7"}},{"type":"Feature","geometry":{"type":"Polygon","coordinates":[[[71.42684,51.10857],[71.42687,51.10865],[71.4268,51.10866],[71.42693,51.10901],[71.42699,51.109],[71.42702,51.10907],[71.42727,51.10903],[71.42729,51.10907],[71.42771,51.10901],[71.4277,51.10897],[71.42792,51.10894],[71.42789,51.10885],[71.42798,51.10883],[71.42786,51.10852],[71.42778,51.10853],[71.42775,51.10845],[71.42749,51.10848],[71.42752,51.10858],[71.4276,51.10857],[71.42769,51.10881],[71.42716,51.10888],[71.42707,51.10864],[71.42713,51.10863],[71.4271,51.10853],[71.42684,51.10857]]]},"properties":{"layer":"building","districtId":"esil","osmType":"way","osmId":425276263,"building":"apartments","height":null,"levels":"7"}},{"type":"Feature","geometry":{"type":"Polygon","coordinates":[[[71.42819,51.11086],[71.42835,51.11084],[71.42836,51.11086],[71.42846,51.11085],[71.42845,51.11082],[71.42861,51.1108],[71.42855,51.11064],[71.4288,51.11061],[71.42877,51.1105],[71.4288,51.11049],[71.42878,51.11045],[71.42875,51.11046],[71.42872,51.11035],[71.42854,51.11038],[71.42854,51.11035],[71.42833,51.11038],[71.42837,51.1105],[71.42847,51.11049],[71.42848,51.11052],[71.42831,51.11055],[71.42835,51.11066],[71.42828,51.11067],[71.42826,51.1106],[71.42806,51.11063],[71.4281,51.11076],[71.42815,51.11075],[71.42819,51.11086]]]},"properties":{"layer":"building","districtId":"esil","osmType":"way","osmId":425276265,"building":"kindergarten","height":null,"levels":null}},{"type":"Feature","geometry":{"type":"Polygon","coordinates":[[[71.43455,51.11254],[71.43673,51.11224],[71.43675,51.11223],[71.4366,51.1118],[71.43629,51.11184],[71.43638,51.11209],[71.43475,51.11232],[71.43469,51.11214],[71.43411,51.11222],[71.43403,51.11199],[71.43371,51.11204],[71.43387,51.1125],[71.4345,51.11242],[71.43455,51.11254]]]},"properties":{"layer":"building","districtId":"esil","osmType":"way","osmId":501428072,"building":"yes","height":null,"levels":"18"}},{"type":"Feature","geometry":{"type":"Polygon","coordinates":[[[71.43123,51.11049],[71.43091,51.11053],[71.43098,51.11074],[71.43157,51.11066],[71.43133,51.10999],[71.42996,51.11018],[71.43011,51.1106],[71.43041,51.11056],[71.43033,51.11033],[71.43113,51.11022],[71.43123,51.11049]]]},"properties":{"layer":"building","districtId":"esil","osmType":"way","osmId":501428074,"building":"yes","height":null,"levels":"10"}},{"type":"Feature","geometry":{"type":"Polygon","coordinates":[[[71.43046,51.10991],[71.4304,51.10975],[71.42986,51.10983],[71.42983,51.10976],[71.42958,51.1098],[71.42966,51.11002],[71.43046,51.10991]]]},"properties":{"layer":"building","districtId":"esil","osmType":"way","osmId":501428075,"building":"yes","height":null,"levels":"10"}},{"type":"Feature","geometry":{"type":"Polygon","coordinates":[[[71.43079,51.10927],[71.43091,51.10963],[71.43082,51.10964],[71.43089,51.10984],[71.43125,51.10979],[71.431,51.10906],[71.4295,51.10926],[71.42951,51.10929],[71.4294,51.1093],[71.42948,51.10954],[71.42974,51.10951],[71.42971,51.10942],[71.43079,51.10927]]]},"properties":{"layer":"building","districtId":"esil","osmType":"way","osmId":501428076,"building":"yes","height":null,"levels":"10"}},{"type":"Feature","geometry":{"type":"Polygon","coordinates":[[[71.4262,51.11023],[71.4265,51.11019],[71.42637,51.1098],[71.4269,51.10973],[71.42735,51.11109],[71.42763,51.11106],[71.42712,51.10952],[71.42632,51.10963],[71.42604,51.10966],[71.42618,51.11006],[71.42589,51.1101],[71.42632,51.1114],[71.42723,51.11128],[71.42718,51.11113],[71.42653,51.11122],[71.4262,51.11023]]]},"properties":{"layer":"building","districtId":"esil","osmType":"way","osmId":501428077,"building":"apartments","height":null,"levels":"10"}},{"type":"Feature","geometry":{"type":"Polygon","coordinates":[[[71.43114,51.11123],[71.43139,51.11119],[71.43128,51.11088],[71.43103,51.11092],[71.43114,51.11123]]]},"properties":{"layer":"building","districtId":"esil","osmType":"way","osmId":501428078,"building":"yes","height":null,"levels":"10"}},{"type":"Feature","geometry":{"type":"Polygon","coordinates":[[[71.43209,51.1081],[71.43322,51.10794],[71.43333,51.10824],[71.4325,51.10836],[71.43245,51.10821],[71.43215,51.10825],[71.43209,51.1081]]]},"properties":{"layer":"building","districtId":"esil","osmType":"way","osmId":506032632,"building":"office","height":null,"levels":"8"}},{"type":"Feature","geometry":{"type":"Polygon","coordinates":[[[71.43488,51.10901],[71.43554,51.10891],[71.43538,51.10848],[71.4349,51.10855],[71.43494,51.10867],[71.43531,51.10861],[71.43537,51.10879],[71.43482,51.10887],[71.43488,51.10901]]]},"properties":{"layer":"building","districtId":"esil","osmType":"way","osmId":506032633,"building":"yes","height":null,"levels":null}},{"type":"Feature","geometry":{"type":"Polygon","coordinates":[[[71.42794,51.11012],[71.4281,51.1101],[71.428,51.10984],[71.42865,51.10974],[71.42875,51.11001],[71.4289,51.10999],[71.42876,51.1096],[71.42864,51.10958],[71.42836,51.10962],[71.42833,51.1096],[71.42825,51.10958],[71.42818,51.1096],[71.42815,51.10966],[71.42783,51.10971],[71.42781,51.10977],[71.42794,51.11012]]]},"properties":{"layer":"building","districtId":"esil","osmType":"way","osmId":506032634,"building":"public","height":null,"levels":null}},{"type":"Feature","geometry":{"type":"Polygon","coordinates":[[[71.42659,51.10743],[71.42639,51.10686],[71.42646,51.10685],[71.42641,51.10673],[71.42612,51.10677],[71.42642,51.1076],[71.42756,51.10744],[71.42726,51.10661],[71.42696,51.10666],[71.42701,51.10681],[71.42709,51.1068],[71.42728,51.10733],[71.42659,51.10743]]]},"properties":{"layer":"building","districtId":"esil","osmType":"way","osmId":549307749,"building":"apartments","height":null,"levels":"5"}},{"type":"Feature","geometry":{"type":"Polygon","coordinates":[[[71.42631,51.10918],[71.42669,51.10911],[71.4262,51.10775],[71.4258,51.10782],[71.42631,51.10918]]]},"properties":{"layer":"building","districtId":"esil","osmType":"way","osmId":608042200,"building":"apartments","height":null,"levels":"16"}},{"type":"Feature","geometry":{"type":"Polygon","coordinates":[[[71.4256,51.10927],[71.42595,51.10922],[71.42535,51.10759],[71.425,51.10764],[71.4256,51.10927]]]},"properties":{"layer":"building","districtId":"esil","osmType":"way","osmId":608042203,"building":"apartments","height":null,"levels":"16"}},{"type":"Feature","geometry":{"type":"Polygon","coordinates":[[[71.42734,51.10847],[71.42743,51.10839],[71.42731,51.10834],[71.42723,51.10842],[71.42734,51.10847]]]},"properties":{"layer":"building","districtId":"esil","osmType":"way","osmId":734511228,"building":"yes","height":null,"levels":"1"}},{"type":"Feature","geometry":{"type":"Polygon","coordinates":[[[71.42703,51.11344],[71.42733,51.1134],[71.42724,51.11316],[71.42693,51.11321],[71.42703,51.11344]]]},"properties":{"layer":"building","districtId":"esil","osmType":"way","osmId":734511256,"building":"commercial","height":null,"levels":"5"}},{"type":"Feature","geometry":{"type":"Polygon","coordinates":[[[71.42774,51.11262],[71.42768,51.11248],[71.42758,51.1125],[71.42763,51.11264],[71.42774,51.11262]]]},"properties":{"layer":"building","districtId":"esil","osmType":"way","osmId":734512744,"building":"yes","height":null,"levels":"1"}},{"type":"Feature","geometry":{"type":"Polygon","coordinates":[[[71.42798,51.11307],[71.42859,51.11298],[71.42849,51.11269],[71.42787,51.11278],[71.42798,51.11307]]]},"properties":{"layer":"building","districtId":"esil","osmType":"way","osmId":734512745,"building":"yes","height":null,"levels":"1"}},{"type":"Feature","geometry":{"type":"Polygon","coordinates":[[[71.42968,51.10742],[71.43033,51.10733],[71.43038,51.10744],[71.43056,51.10741],[71.43047,51.10718],[71.42964,51.1073],[71.42968,51.10742]]]},"properties":{"layer":"building","districtId":"esil","osmType":"way","osmId":734512747,"building":"yes","height":null,"levels":"1"}},{"type":"Feature","geometry":{"type":"Polygon","coordinates":[[[71.42998,51.1061],[71.42947,51.10617],[71.42943,51.10605],[71.42993,51.10597],[71.42998,51.1061]]]},"properties":{"layer":"building","districtId":"esil","osmType":"way","osmId":915441138,"building":"office","height":null,"levels":"6"}},{"type":"Feature","geometry":{"type":"Polygon","coordinates":[[[71.42708,51.10624],[71.42685,51.10627],[71.42688,51.10634],[71.42628,51.10642],[71.42617,51.10609],[71.42597,51.10611],[71.42612,51.10656],[71.42714,51.10642],[71.42708,51.10624]]]},"properties":{"layer":"building","districtId":"esil","osmType":"way","osmId":915441142,"building":"yes","height":null,"levels":null}},{"type":"Feature","geometry":{"type":"Polygon","coordinates":[[[71.42545,51.10761],[71.4255,51.10776],[71.42605,51.10768],[71.426,51.10753],[71.42545,51.10761]]]},"properties":{"layer":"building","districtId":"esil","osmType":"way","osmId":1089447289,"building":"apartments","height":null,"levels":null}},{"type":"Feature","geometry":{"type":"Polygon","coordinates":[[[71.43359,51.1072],[71.4342,51.10711],[71.43415,51.10697],[71.43376,51.10703],[71.43356,51.10649],[71.4344,51.10637],[71.43477,51.10702],[71.43497,51.10697],[71.43451,51.10621],[71.4333,51.10639],[71.43359,51.1072]]]},"properties":{"layer":"building","districtId":"esil","osmType":"way","osmId":1100946238,"building":"apartments","height":null,"levels":"9"}},{"type":"Feature","geometry":{"type":"Polygon","coordinates":[[[71.43459,51.10723],[71.43519,51.10714],[71.43548,51.10793],[71.43391,51.10815],[71.43362,51.10734],[71.43395,51.10729],[71.434,51.10744],[71.4339,51.10745],[71.4341,51.10799],[71.43523,51.10783],[71.43504,51.10729],[71.43463,51.10735],[71.43459,51.10723]]]},"properties":{"layer":"building","districtId":"esil","osmType":"way","osmId":1305230951,"building":"apartments","height":null,"levels":"9"}},{"type":"Feature","geometry":{"type":"Polygon","coordinates":[[[71.42996,51.11093],[71.43007,51.11091],[71.43011,51.111],[71.43,51.11102],[71.42996,51.11093]]]},"properties":{"layer":"building","districtId":"esil","osmType":"way","osmId":1343459253,"building":"service","height":null,"levels":"1"}},{"type":"Feature","geometry":{"type":"Polygon","coordinates":[[[71.42542,51.10671],[71.42561,51.10724],[71.42587,51.1072],[71.42568,51.10667],[71.42542,51.10671]]]},"properties":{"layer":"building","districtId":"esil","osmType":"way","osmId":1443454478,"building":"construction","height":null,"levels":null}},{"type":"Feature","geometry":{"type":"Polygon","coordinates":[[[71.43015,51.10686],[71.43039,51.10682],[71.43018,51.1063],[71.42994,51.10634],[71.43015,51.10686]]]},"properties":{"layer":"building","districtId":"esil","osmType":"way","osmId":1445735910,"building":"office","height":null,"levels":"9"}},{"type":"Feature","geometry":{"type":"Polygon","coordinates":[[[71.43602,51.11002],[71.43616,51.10999],[71.43621,51.11008],[71.43607,51.11011],[71.43602,51.11002]]]},"properties":{"layer":"building","districtId":"esil","osmType":"way","osmId":1461292509,"building":"service","height":null,"levels":"1"}},{"type":"Feature","geometry":{"type":"Polygon","coordinates":[[[71.42809,51.11027],[71.42897,51.11016],[71.42894,51.11008],[71.42806,51.1102],[71.42809,51.11027]]]},"properties":{"layer":"building","districtId":"esil","osmType":"way","osmId":1461292514,"building":"service","height":null,"levels":"1"}},{"type":"Feature","geometry":{"type":"Polygon","coordinates":[[[71.43089,51.11102],[71.43085,51.11088],[71.43073,51.11089],[71.43077,51.11103],[71.43089,51.11102]]]},"properties":{"layer":"building","districtId":"esil","osmType":"way","osmId":1461292518,"building":"service","height":null,"levels":"1"}},{"type":"Feature","geometry":{"type":"Polygon","coordinates":[[[71.43259,51.10872],[71.43261,51.10878],[71.43289,51.10874],[71.43287,51.10869],[71.43259,51.10872]]]},"properties":{"layer":"building","districtId":"esil","osmType":"way","osmId":1461751872,"building":"yes","height":null,"levels":null}},{"type":"Feature","geometry":{"type":"Polygon","coordinates":[[[71.42424,51.111],[71.42399,51.11027],[71.42494,51.11015],[71.42519,51.11088],[71.42424,51.111]]]},"properties":{"layer":"building","districtId":"esil","osmType":"way","osmId":1475406193,"building":"construction","height":null,"levels":null}},{"type":"Feature","geometry":{"type":"Polygon","coordinates":[[[71.3907,51.19387],[71.39082,51.19383],[71.39037,51.19327],[71.39025,51.19331],[71.3907,51.19387]]]},"properties":{"layer":"building","districtId":"saryarka","osmType":"way","osmId":39020543,"building":"apartments","height":null,"levels":"5"}},{"type":"Feature","geometry":{"type":"Polygon","coordinates":[[[71.38801,51.19285],[71.38795,51.19278],[71.3881,51.19273],[71.3882,51.19285],[71.38816,51.19289],[71.38801,51.19285]]]},"properties":{"layer":"building","districtId":"saryarka","osmType":"way","osmId":230398142,"building":"residential","height":null,"levels":"1"}},{"type":"Feature","geometry":{"type":"Polygon","coordinates":[[[71.38971,51.19408],[71.38987,51.19402],[71.3898,51.19393],[71.38964,51.19399],[71.38971,51.19408]]]},"properties":{"layer":"building","districtId":"saryarka","osmType":"way","osmId":230458882,"building":"yes","height":null,"levels":"1"}},{"type":"Feature","geometry":{"type":"Polygon","coordinates":[[[71.39058,51.19417],[71.39102,51.19403],[71.3909,51.19388],[71.39046,51.19402],[71.39058,51.19417]]]},"properties":{"layer":"building","districtId":"saryarka","osmType":"way","osmId":230459216,"building":"yes","height":null,"levels":"1"}},{"type":"Feature","geometry":{"type":"Polygon","coordinates":[[[71.39144,51.18852],[71.39164,51.18873],[71.39186,51.18865],[71.39185,51.18863],[71.39188,51.18862],[71.39183,51.18856],[71.39179,51.18857],[71.39172,51.1885],[71.39168,51.18852],[71.39162,51.18845],[71.39144,51.18852]]]},"properties":{"layer":"building","districtId":"saryarka","osmType":"way","osmId":241592448,"building":"yes","height":null,"levels":"2"}},{"type":"Feature","geometry":{"type":"Polygon","coordinates":[[[71.39193,51.18831],[71.39197,51.18835],[71.39213,51.1883],[71.39208,51.18825],[71.39193,51.18831]]]},"properties":{"layer":"building","districtId":"saryarka","osmType":"way","osmId":241592511,"building":"yes","height":null,"levels":"1"}},{"type":"Feature","geometry":{"type":"Polygon","coordinates":[[[71.39412,51.19028],[71.39432,51.19046],[71.39455,51.19035],[71.39436,51.19018],[71.39412,51.19028]]]},"properties":{"layer":"building","districtId":"saryarka","osmType":"way","osmId":241592519,"building":"yes","height":null,"levels":"1"}},{"type":"Feature","geometry":{"type":"Polygon","coordinates":[[[71.39347,51.18724],[71.39359,51.18734],[71.39378,51.18725],[71.39366,51.18715],[71.39347,51.18724]]]},"properties":{"layer":"building","districtId":"saryarka","osmType":"way","osmId":241592529,"building":"yes","height":null,"levels":"1"}},{"type":"Feature","geometry":{"type":"Polygon","coordinates":[[[71.39389,51.19013],[71.39405,51.19028],[71.39435,51.19015],[71.3943,51.1901],[71.39426,51.19012],[71.39414,51.19002],[71.39389,51.19013]]]},"properties":{"layer":"building","districtId":"saryarka","osmType":"way","osmId":241592533,"building":"yes","height":null,"levels":"1"}},{"type":"Feature","geometry":{"type":"Polygon","coordinates":[[[71.39415,51.18712],[71.39446,51.18703],[71.3944,51.18693],[71.39421,51.18699],[71.39424,51.18704],[71.39415,51.18706],[71.39415,51.18712]]]},"properties":{"layer":"building","districtId":"saryarka","osmType":"way","osmId":241592547,"building":"yes","height":null,"levels":"1"}},{"type":"Feature","geometry":{"type":"Polygon","coordinates":[[[71.38921,51.19371],[71.38912,51.19358],[71.38926,51.19354],[71.38935,51.19366],[71.38921,51.19371]]]},"properties":{"layer":"building","districtId":"saryarka","osmType":"way","osmId":320767723,"building":"yes","height":null,"levels":"1"}},{"type":"Feature","geometry":{"type":"Polygon","coordinates":[[[71.38105,51.1883],[71.3816,51.18802],[71.38366,51.18966],[71.38344,51.18977],[71.3817,51.18838],[71.38136,51.18855],[71.38105,51.1883]]]},"properties":{"layer":"building","districtId":"saryarka","osmType":"way","osmId":415935850,"building":"apartments","height":null,"levels":"12"}},{"type":"Feature","geometry":{"type":"Polygon","coordinates":[[[71.38866,51.19405],[71.38822,51.19348],[71.38724,51.19379],[71.38724,51.19375],[71.38693,51.19385],[71.38702,51.19396],[71.38731,51.19387],[71.38734,51.19392],[71.38811,51.19366],[71.38846,51.19411],[71.38852,51.19409],[71.38864,51.19425],[71.38883,51.19419],[71.38867,51.19399],[71.38866,51.19405]]]},"properties":{"layer":"building","districtId":"saryarka","osmType":"way","osmId":425390961,"building":"apartments","height":null,"levels":null}},{"type":"Feature","geometry":{"type":"Polygon","coordinates":[[[71.38747,51.19228],[71.38758,51.19225],[71.38755,51.1922],[71.38759,51.19219],[71.38755,51.19214],[71.38738,51.19219],[71.3874,51.19222],[71.38734,51.19224],[71.38739,51.19231],[71.38759,51.19247],[71.38784,51.1924],[71.3878,51.19234],[71.3876,51.19239],[71.38747,51.19228]]]},"properties":{"layer":"building","districtId":"saryarka","osmType":"way","osmId":498548177,"building":"yes","height":null,"levels":null}},{"type":"Feature","geometry":{"type":"Polygon","coordinates":[[[71.38583,51.19073],[71.38613,51.19062],[71.38599,51.19047],[71.38569,51.19058],[71.38583,51.19073]]]},"properties":{"layer":"building","districtId":"saryarka","osmType":"way","osmId":498548195,"building":"yes","height":null,"levels":"1"}},{"type":"Feature","geometry":{"type":"Polygon","coordinates":[[[71.38544,51.19011],[71.38559,51.19006],[71.38554,51.19],[71.38538,51.19005],[71.38544,51.19011]]]},"properties":{"layer":"building","districtId":"saryarka","osmType":"way","osmId":498548200,"building":"yes","height":null,"levels":"1"}},{"type":"Feature","geometry":{"type":"Polygon","coordinates":[[[71.38515,51.18966],[71.38529,51.18962],[71.38521,51.18951],[71.38506,51.18956],[71.38515,51.18966]]]},"properties":{"layer":"building","districtId":"saryarka","osmType":"way","osmId":498548201,"building":"yes","height":null,"levels":"1"}},{"type":"Feature","geometry":{"type":"Polygon","coordinates":[[[71.38493,51.18948],[71.38514,51.18943],[71.38506,51.18932],[71.38486,51.18937],[71.38493,51.18948]]]},"properties":{"layer":"building","districtId":"saryarka","osmType":"way","osmId":498548202,"building":"yes","height":null,"levels":"1"}},{"type":"Feature","geometry":{"type":"Polygon","coordinates":[[[71.38461,51.18907],[71.38477,51.18902],[71.38467,51.18888],[71.38451,51.18893],[71.38461,51.18907]]]},"properties":{"layer":"building","districtId":"saryarka","osmType":"way","osmId":498548204,"building":"yes","height":null,"levels":"1"}},{"type":"Feature","geometry":{"type":"Polygon","coordinates":[[[71.38391,51.1888],[71.384,51.18876],[71.38384,51.18862],[71.38376,51.18865],[71.38391,51.1888]]]},"properties":{"layer":"building","districtId":"saryarka","osmType":"way","osmId":498548206,"building":"yes","height":null,"levels":"1"}},{"type":"Feature","geometry":{"type":"Polygon","coordinates":[[[71.38417,51.18853],[71.38429,51.1885],[71.38419,51.18837],[71.38407,51.1884],[71.38417,51.18853]]]},"properties":{"layer":"building","districtId":"saryarka","osmType":"way","osmId":498548212,"building":"yes","height":null,"levels":"1"}},{"type":"Feature","geometry":{"type":"Polygon","coordinates":[[[71.38499,51.18755],[71.38515,51.1875],[71.38507,51.1874],[71.38491,51.18745],[71.38499,51.18755]]]},"properties":{"layer":"building","districtId":"saryarka","osmType":"way","osmId":498548442,"building":"yes","height":null,"levels":"1"}},{"type":"Feature","geometry":{"type":"Polygon","coordinates":[[[71.38564,51.18785],[71.38583,51.18776],[71.38569,51.18764],[71.38552,51.18773],[71.38564,51.18785]]]},"properties":{"layer":"building","districtId":"saryarka","osmType":"way","osmId":498548447,"building":"yes","height":null,"levels":"1"}},{"type":"Feature","geometry":{"type":"Polygon","coordinates":[[[71.38515,51.18804],[71.38533,51.18797],[71.38527,51.1879],[71.38508,51.18797],[71.38515,51.18804]]]},"properties":{"layer":"building","districtId":"saryarka","osmType":"way","osmId":498548449,"building":"yes","height":null,"levels":"1"}},{"type":"Feature","geometry":{"type":"Polygon","coordinates":[[[71.38479,51.18852],[71.38491,51.18847],[71.38481,51.18838],[71.38469,51.18843],[71.38479,51.18852]]]},"properties":{"layer":"building","districtId":"saryarka","osmType":"way","osmId":498548454,"building":"yes","height":null,"levels":"1"}},{"type":"Feature","geometry":{"type":"Polygon","coordinates":[[[71.38527,51.18832],[71.38537,51.18829],[71.38527,51.18816],[71.38517,51.18819],[71.38527,51.18832]]]},"properties":{"layer":"building","districtId":"saryarka","osmType":"way","osmId":498548456,"building":"yes","height":null,"levels":"1"}},{"type":"Feature","geometry":{"type":"Polygon","coordinates":[[[71.38627,51.18796],[71.38642,51.18792],[71.38634,51.18783],[71.3862,51.18787],[71.38627,51.18796]]]},"properties":{"layer":"building","districtId":"saryarka","osmType":"way","osmId":498548460,"building":"yes","height":null,"levels":"1"}},{"type":"Feature","geometry":{"type":"Polygon","coordinates":[[[71.38683,51.18778],[71.38694,51.18774],[71.38685,51.18765],[71.38674,51.18769],[71.38683,51.18778]]]},"properties":{"layer":"building","districtId":"saryarka","osmType":"way","osmId":498548464,"building":"yes","height":null,"levels":"1"}},{"type":"Feature","geometry":{"type":"Polygon","coordinates":[[[71.38722,51.18767],[71.38731,51.18762],[71.38719,51.18752],[71.38709,51.18757],[71.38722,51.18767]]]},"properties":{"layer":"building","districtId":"saryarka","osmType":"way","osmId":498548466,"building":"yes","height":null,"levels":"1"}},{"type":"Feature","geometry":{"type":"Polygon","coordinates":[[[71.38761,51.18748],[71.38772,51.18744],[71.38765,51.18736],[71.38754,51.1874],[71.38761,51.18748]]]},"properties":{"layer":"building","districtId":"saryarka","osmType":"way","osmId":498548473,"building":"yes","height":null,"levels":"1"}},{"type":"Feature","geometry":{"type":"Polygon","coordinates":[[[71.38755,51.18723],[71.38764,51.18717],[71.3875,51.18708],[71.3874,51.18714],[71.38755,51.18723]]]},"properties":{"layer":"building","districtId":"saryarka","osmType":"way","osmId":498548478,"building":"yes","height":null,"levels":"1"}},{"type":"Feature","geometry":{"type":"Polygon","coordinates":[[[71.38707,51.18688],[71.38719,51.18682],[71.3871,51.18675],[71.38698,51.18681],[71.38707,51.18688]]]},"properties":{"layer":"building","districtId":"saryarka","osmType":"way","osmId":498548482,"building":"yes","height":null,"levels":"1"}},{"type":"Feature","geometry":{"type":"Polygon","coordinates":[[[71.38677,51.18654],[71.38692,51.18648],[71.38685,51.18641],[71.38669,51.18647],[71.38677,51.18654]]]},"properties":{"layer":"building","districtId":"saryarka","osmType":"way","osmId":498548483,"building":"yes","height":null,"levels":"1"}},{"type":"Feature","geometry":{"type":"Polygon","coordinates":[[[71.38692,51.18672],[71.38711,51.18665],[71.38705,51.18658],[71.38685,51.18665],[71.38692,51.18672]]]},"properties":{"layer":"building","districtId":"saryarka","osmType":"way","osmId":498548486,"building":"yes","height":null,"levels":"1"}},{"type":"Feature","geometry":{"type":"Polygon","coordinates":[[[71.38802,51.18729],[71.38815,51.18723],[71.38801,51.18712],[71.38789,51.18719],[71.38802,51.18729]]]},"properties":{"layer":"building","districtId":"saryarka","osmType":"way","osmId":498548500,"building":"yes","height":null,"levels":"1"}},{"type":"Feature","geometry":{"type":"Polygon","coordinates":[[[71.38762,51.18657],[71.38773,51.18652],[71.38756,51.18635],[71.38745,51.1864],[71.38762,51.18657]]]},"properties":{"layer":"building","districtId":"saryarka","osmType":"way","osmId":498548501,"building":"yes","height":null,"levels":"1"}},{"type":"Feature","geometry":{"type":"Polygon","coordinates":[[[71.38851,51.18647],[71.38868,51.18637],[71.38855,51.18629],[71.38838,51.18638],[71.38851,51.18647]]]},"properties":{"layer":"building","districtId":"saryarka","osmType":"way","osmId":498548508,"building":"yes","height":null,"levels":"1"}},{"type":"Feature","geometry":{"type":"Polygon","coordinates":[[[71.38785,51.1863],[71.38802,51.18623],[71.38794,51.18615],[71.38777,51.18622],[71.38785,51.1863]]]},"properties":{"layer":"building","districtId":"saryarka","osmType":"way","osmId":498548509,"building":"yes","height":null,"levels":"1"}},{"type":"Feature","geometry":{"type":"Polygon","coordinates":[[[71.3884,51.1863],[71.38853,51.18622],[71.38835,51.1861],[71.38822,51.18618],[71.3884,51.1863]]]},"properties":{"layer":"building","districtId":"saryarka","osmType":"way","osmId":498548510,"building":"yes","height":null,"levels":"1"}},{"type":"Feature","geometry":{"type":"Polygon","coordinates":[[[71.38832,51.18716],[71.38844,51.18709],[71.38829,51.18699],[71.38817,51.18706],[71.38832,51.18716]]]},"properties":{"layer":"building","districtId":"saryarka","osmType":"way","osmId":498548519,"building":"yes","height":null,"levels":"1"}},{"type":"Feature","geometry":{"type":"Polygon","coordinates":[[[71.388,51.18693],[71.38816,51.18686],[71.38804,51.18676],[71.38789,51.18682],[71.388,51.18693]]]},"properties":{"layer":"building","districtId":"saryarka","osmType":"way","osmId":498548520,"building":"yes","height":null,"levels":"1"}},{"type":"Feature","geometry":{"type":"Polygon","coordinates":[[[71.38856,51.18682],[71.38866,51.18676],[71.38845,51.18663],[71.38835,51.18669],[71.38856,51.18682]]]},"properties":{"layer":"building","districtId":"saryarka","osmType":"way","osmId":498548521,"building":"yes","height":null,"levels":"1"}},{"type":"Feature","geometry":{"type":"Polygon","coordinates":[[[71.3891,51.18673],[71.38921,51.18667],[71.38911,51.1866],[71.389,51.18666],[71.3891,51.18673]]]},"properties":{"layer":"building","districtId":"saryarka","osmType":"way","osmId":498548522,"building":"yes","height":null,"levels":"1"}},{"type":"Feature","geometry":{"type":"Polygon","coordinates":[[[71.38891,51.18706],[71.38907,51.18699],[71.38897,51.1869],[71.38881,51.18697],[71.38891,51.18706]]]},"properties":{"layer":"building","districtId":"saryarka","osmType":"way","osmId":498548523,"building":"yes","height":null,"levels":"1"}},{"type":"Feature","geometry":{"type":"Polygon","coordinates":[[[71.38929,51.18693],[71.38948,51.18684],[71.38937,51.18676],[71.38918,51.18686],[71.38929,51.18693]]]},"properties":{"layer":"building","districtId":"saryarka","osmType":"way","osmId":498548524,"building":"yes","height":null,"levels":"1"}},{"type":"Feature","geometry":{"type":"Polygon","coordinates":[[[71.38948,51.1866],[71.38967,51.18651],[71.3896,51.18645],[71.38941,51.18654],[71.38948,51.1866]]]},"properties":{"layer":"building","districtId":"saryarka","osmType":"way","osmId":498548526,"building":"yes","height":null,"levels":"1"}},{"type":"Feature","geometry":{"type":"Polygon","coordinates":[[[71.3892,51.18657],[71.38944,51.18647],[71.38931,51.18635],[71.38907,51.18645],[71.3892,51.18657]]]},"properties":{"layer":"building","districtId":"saryarka","osmType":"way","osmId":498548528,"building":"yes","height":null,"levels":"1"}},{"type":"Feature","geometry":{"type":"Polygon","coordinates":[[[71.38891,51.18625],[71.38908,51.18618],[71.389,51.1861],[71.38882,51.18618],[71.38891,51.18625]]]},"properties":{"layer":"building","districtId":"saryarka","osmType":"way","osmId":498548529,"building":"yes","height":null,"levels":"1"}},{"type":"Feature","geometry":{"type":"Polygon","coordinates":[[[71.38644,51.18996],[71.38659,51.1899],[71.38642,51.18972],[71.38627,51.18978],[71.38644,51.18996]]]},"properties":{"layer":"building","districtId":"saryarka","osmType":"way","osmId":498548536,"building":"yes","height":null,"levels":"1"}},{"type":"Feature","geometry":{"type":"Polygon","coordinates":[[[71.386,51.18984],[71.38613,51.18978],[71.38603,51.18969],[71.3859,51.18975],[71.386,51.18984]]]},"properties":{"layer":"building","districtId":"saryarka","osmType":"way","osmId":498548537,"building":"yes","height":null,"levels":"1"}},{"type":"Feature","geometry":{"type":"Polygon","coordinates":[[[71.38582,51.18969],[71.38593,51.18964],[71.3858,51.18952],[71.38569,51.18956],[71.38582,51.18969]]]},"properties":{"layer":"building","districtId":"saryarka","osmType":"way","osmId":498548538,"building":"yes","height":null,"levels":"1"}},{"type":"Feature","geometry":{"type":"Polygon","coordinates":[[[71.38694,51.18977],[71.38708,51.18972],[71.38687,51.1895],[71.38673,51.18955],[71.38694,51.18977]]]},"properties":{"layer":"building","districtId":"saryarka","osmType":"way","osmId":498548541,"building":"yes","height":null,"levels":"1"}},{"type":"Feature","geometry":{"type":"Polygon","coordinates":[[[71.3871,51.18958],[71.38719,51.18953],[71.38704,51.18941],[71.38695,51.18946],[71.3871,51.18958]]]},"properties":{"layer":"building","districtId":"saryarka","osmType":"way","osmId":498548542,"building":"yes","height":null,"levels":"1"}},{"type":"Feature","geometry":{"type":"Polygon","coordinates":[[[71.38757,51.18954],[71.38769,51.18949],[71.38755,51.18936],[71.38743,51.18941],[71.38757,51.18954]]]},"properties":{"layer":"building","districtId":"saryarka","osmType":"way","osmId":498548544,"building":"yes","height":null,"levels":"1"}},{"type":"Feature","geometry":{"type":"Polygon","coordinates":[[[71.3882,51.18936],[71.3883,51.18931],[71.38818,51.1892],[71.38808,51.18925],[71.3882,51.18936]]]},"properties":{"layer":"building","districtId":"saryarka","osmType":"way","osmId":498548546,"building":"yes","height":null,"levels":"1"}},{"type":"Feature","geometry":{"type":"Polygon","coordinates":[[[71.38757,51.18893],[71.38771,51.18889],[71.38761,51.18877],[71.38747,51.18882],[71.38757,51.18893]]]},"properties":{"layer":"building","districtId":"saryarka","osmType":"way","osmId":498548550,"building":"yes","height":null,"levels":"1"}},{"type":"Feature","geometry":{"type":"Polygon","coordinates":[[[71.38656,51.18926],[71.38677,51.18917],[71.38671,51.18912],[71.3865,51.1892],[71.38656,51.18926]]]},"properties":{"layer":"building","districtId":"saryarka","osmType":"way","osmId":498548554,"building":"yes","height":null,"levels":"1"}},{"type":"Feature","geometry":{"type":"Polygon","coordinates":[[[71.38697,51.18887],[71.38712,51.18881],[71.38703,51.18872],[71.38688,51.18878],[71.38697,51.18887]]]},"properties":{"layer":"building","districtId":"saryarka","osmType":"way","osmId":498548555,"building":"yes","height":null,"levels":"1"}},{"type":"Feature","geometry":{"type":"Polygon","coordinates":[[[71.38731,51.18869],[71.38748,51.18863],[71.38741,51.18854],[71.38723,51.1886],[71.38731,51.18869]]]},"properties":{"layer":"building","districtId":"saryarka","osmType":"way","osmId":498548556,"building":"yes","height":null,"levels":"1"}},{"type":"Feature","geometry":{"type":"Polygon","coordinates":[[[71.38723,51.18843],[71.38734,51.1884],[71.38727,51.18829],[71.38715,51.18833],[71.38723,51.18843]]]},"properties":{"layer":"building","districtId":"saryarka","osmType":"way","osmId":498548557,"building":"yes","height":null,"levels":"1"}},{"type":"Feature","geometry":{"type":"Polygon","coordinates":[[[71.38689,51.1886],[71.38699,51.18855],[71.38683,51.18841],[71.38673,51.18845],[71.38689,51.1886]]]},"properties":{"layer":"building","districtId":"saryarka","osmType":"way","osmId":498548559,"building":"yes","height":null,"levels":"1"}},{"type":"Feature","geometry":{"type":"Polygon","coordinates":[[[71.38628,51.18911],[71.38638,51.18908],[71.38631,51.18898],[71.38621,51.18901],[71.38628,51.18911]]]},"properties":{"layer":"building","districtId":"saryarka","osmType":"way","osmId":498548563,"building":"yes","height":null,"levels":"1"}},{"type":"Feature","geometry":{"type":"Polygon","coordinates":[[[71.38599,51.18932],[71.38612,51.18927],[71.386,51.18913],[71.38587,51.18917],[71.38599,51.18932]]]},"properties":{"layer":"building","districtId":"saryarka","osmType":"way","osmId":498548565,"building":"yes","height":null,"levels":"1"}},{"type":"Feature","geometry":{"type":"Polygon","coordinates":[[[71.38561,51.18944],[71.38595,51.18933],[71.38588,51.18926],[71.38555,51.18937],[71.38561,51.18944]]]},"properties":{"layer":"building","districtId":"saryarka","osmType":"way","osmId":498548566,"building":"yes","height":null,"levels":"1"}},{"type":"Feature","geometry":{"type":"Polygon","coordinates":[[[71.38571,51.18894],[71.38588,51.18886],[71.3858,51.1888],[71.38563,51.18888],[71.38571,51.18894]]]},"properties":{"layer":"building","districtId":"saryarka","osmType":"way","osmId":498548569,"building":"yes","height":null,"levels":"1"}},{"type":"Feature","geometry":{"type":"Polygon","coordinates":[[[71.38517,51.18896],[71.38537,51.18887],[71.38529,51.1888],[71.38509,51.18889],[71.38517,51.18896]]]},"properties":{"layer":"building","districtId":"saryarka","osmType":"way","osmId":498548572,"building":"yes","height":null,"levels":"1"}},{"type":"Feature","geometry":{"type":"Polygon","coordinates":[[[71.38589,51.18862],[71.386,51.18856],[71.38579,51.18841],[71.38568,51.18846],[71.38589,51.18862]]]},"properties":{"layer":"building","districtId":"saryarka","osmType":"way","osmId":498548574,"building":"yes","height":null,"levels":"1"}},{"type":"Feature","geometry":{"type":"Polygon","coordinates":[[[71.3862,51.18853],[71.38632,51.18845],[71.38617,51.18836],[71.38605,51.18843],[71.3862,51.18853]]]},"properties":{"layer":"building","districtId":"saryarka","osmType":"way","osmId":498548575,"building":"yes","height":null,"levels":"1"}},{"type":"Feature","geometry":{"type":"Polygon","coordinates":[[[71.38631,51.18835],[71.38645,51.18829],[71.38635,51.18819],[71.38621,51.18825],[71.38631,51.18835]]]},"properties":{"layer":"building","districtId":"saryarka","osmType":"way","osmId":498548576,"building":"yes","height":null,"levels":"1"}},{"type":"Feature","geometry":{"type":"Polygon","coordinates":[[[71.3869,51.18815],[71.38701,51.1881],[71.38683,51.18795],[71.38673,51.188],[71.3869,51.18815]]]},"properties":{"layer":"building","districtId":"saryarka","osmType":"way","osmId":498548579,"building":"yes","height":null,"levels":"1"}},{"type":"Feature","geometry":{"type":"Polygon","coordinates":[[[71.38901,51.18742],[71.38916,51.18737],[71.38906,51.18726],[71.38892,51.18732],[71.38901,51.18742]]]},"properties":{"layer":"building","districtId":"saryarka","osmType":"way","osmId":498548580,"building":"yes","height":null,"levels":"1"}},{"type":"Feature","geometry":{"type":"Polygon","coordinates":[[[71.38871,51.18756],[71.38887,51.1875],[71.38876,51.18738],[71.38859,51.18745],[71.38871,51.18756]]]},"properties":{"layer":"building","districtId":"saryarka","osmType":"way","osmId":498548581,"building":"yes","height":null,"levels":"1"}},{"type":"Feature","geometry":{"type":"Polygon","coordinates":[[[71.38765,51.18795],[71.38779,51.18791],[71.3877,51.18781],[71.38757,51.18785],[71.38765,51.18795]]]},"properties":{"layer":"building","districtId":"saryarka","osmType":"way","osmId":498548584,"building":"yes","height":null,"levels":"1"}},{"type":"Feature","geometry":{"type":"Polygon","coordinates":[[[71.38723,51.18808],[71.38735,51.18804],[71.3872,51.18784],[71.38708,51.18788],[71.38723,51.18808]]]},"properties":{"layer":"building","districtId":"saryarka","osmType":"way","osmId":498548586,"building":"yes","height":null,"levels":"1"}},{"type":"Feature","geometry":{"type":"Polygon","coordinates":[[[71.38761,51.18828],[71.38778,51.18822],[71.38769,51.18813],[71.38753,51.1882],[71.38761,51.18828]]]},"properties":{"layer":"building","districtId":"saryarka","osmType":"way","osmId":498548587,"building":"yes","height":null,"levels":"1"}},{"type":"Feature","geometry":{"type":"Polygon","coordinates":[[[71.3878,51.18864],[71.38799,51.18858],[71.38792,51.18849],[71.38773,51.18855],[71.3878,51.18864]]]},"properties":{"layer":"building","districtId":"saryarka","osmType":"way","osmId":498548590,"building":"yes","height":null,"levels":"1"}},{"type":"Feature","geometry":{"type":"Polygon","coordinates":[[[71.38849,51.18893],[71.38865,51.18888],[71.38857,51.18879],[71.38842,51.18884],[71.38849,51.18893]]]},"properties":{"layer":"building","districtId":"saryarka","osmType":"way","osmId":498548593,"building":"yes","height":null,"levels":"1"}},{"type":"Feature","geometry":{"type":"Polygon","coordinates":[[[71.38913,51.18886],[71.38928,51.18879],[71.38917,51.18869],[71.38902,51.18876],[71.38913,51.18886]]]},"properties":{"layer":"building","districtId":"saryarka","osmType":"way","osmId":498548598,"building":"yes","height":null,"levels":"1"}},{"type":"Feature","geometry":{"type":"Polygon","coordinates":[[[71.38947,51.18886],[71.38966,51.18879],[71.38943,51.18853],[71.38925,51.1886],[71.38947,51.18886]]]},"properties":{"layer":"building","districtId":"saryarka","osmType":"way","osmId":498548599,"building":"yes","height":null,"levels":"1"}},{"type":"Feature","geometry":{"type":"Polygon","coordinates":[[[71.39005,51.18864],[71.39021,51.18856],[71.3901,51.18848],[71.38995,51.18855],[71.39005,51.18864]]]},"properties":{"layer":"building","districtId":"saryarka","osmType":"way","osmId":498548601,"building":"yes","height":null,"levels":"1"}},{"type":"Feature","geometry":{"type":"Polygon","coordinates":[[[71.39121,51.18822],[71.39137,51.18815],[71.39127,51.18806],[71.39111,51.18813],[71.39121,51.18822]]]},"properties":{"layer":"building","districtId":"saryarka","osmType":"way","osmId":498548605,"building":"yes","height":null,"levels":"1"}},{"type":"Feature","geometry":{"type":"Polygon","coordinates":[[[71.39086,51.18783],[71.39099,51.18777],[71.39089,51.18767],[71.39075,51.18772],[71.39086,51.18783]]]},"properties":{"layer":"building","districtId":"saryarka","osmType":"way","osmId":498548608,"building":"yes","height":null,"levels":"1"}},{"type":"Feature","geometry":{"type":"Polygon","coordinates":[[[71.38944,51.18719],[71.38957,51.18713],[71.38948,51.18704],[71.38934,51.1871],[71.38944,51.18719]]]},"properties":{"layer":"building","districtId":"saryarka","osmType":"way","osmId":498548609,"building":"yes","height":null,"levels":"1"}},{"type":"Feature","geometry":{"type":"Polygon","coordinates":[[[71.39064,51.18766],[71.39056,51.18758],[71.39013,51.18777],[71.39021,51.18784],[71.39064,51.18766]]]},"properties":{"layer":"building","districtId":"saryarka","osmType":"way","osmId":498548612,"building":"yes","height":null,"levels":"1"}},{"type":"Feature","geometry":{"type":"Polygon","coordinates":[[[71.38961,51.18739],[71.38971,51.18735],[71.38958,51.18723],[71.38949,51.18728],[71.38961,51.18739]]]},"properties":{"layer":"building","districtId":"saryarka","osmType":"way","osmId":498548614,"building":"yes","height":null,"levels":"1"}},{"type":"Feature","geometry":{"type":"Polygon","coordinates":[[[71.38996,51.18715],[71.39008,51.1871],[71.39001,51.18702],[71.38988,51.18707],[71.38996,51.18715]]]},"properties":{"layer":"building","districtId":"saryarka","osmType":"way","osmId":498548616,"building":"yes","height":null,"levels":"1"}},{"type":"Feature","geometry":{"type":"Polygon","coordinates":[[[71.38991,51.187],[71.39008,51.18694],[71.39,51.18686],[71.38983,51.18692],[71.38991,51.187]]]},"properties":{"layer":"building","districtId":"saryarka","osmType":"way","osmId":498548617,"building":"yes","height":null,"levels":"1"}},{"type":"Feature","geometry":{"type":"Polygon","coordinates":[[[71.39,51.18915],[71.39019,51.18908],[71.3901,51.18899],[71.38992,51.18906],[71.39,51.18915]]]},"properties":{"layer":"building","districtId":"saryarka","osmType":"way","osmId":498548624,"building":"yes","height":null,"levels":"1"}},{"type":"Feature","geometry":{"type":"Polygon","coordinates":[[[71.39,51.18939],[71.3901,51.18935],[71.3898,51.18907],[71.3897,51.18911],[71.39,51.18939]]]},"properties":{"layer":"building","districtId":"saryarka","osmType":"way","osmId":498548625,"building":"yes","height":null,"levels":"1"}},{"type":"Feature","geometry":{"type":"Polygon","coordinates":[[[71.38937,51.18937],[71.38949,51.18933],[71.38938,51.1892],[71.38925,51.18924],[71.38937,51.18937]]]},"properties":{"layer":"building","districtId":"saryarka","osmType":"way","osmId":498548627,"building":"yes","height":null,"levels":"1"}},{"type":"Feature","geometry":{"type":"Polygon","coordinates":[[[71.38912,51.18945],[71.38926,51.18941],[71.38918,51.18931],[71.38904,51.18935],[71.38912,51.18945]]]},"properties":{"layer":"building","districtId":"saryarka","osmType":"way","osmId":498548628,"building":"yes","height":null,"levels":"1"}},{"type":"Feature","geometry":{"type":"Polygon","coordinates":[[[71.38912,51.18972],[71.38927,51.18964],[71.38916,51.18956],[71.38901,51.18963],[71.38912,51.18972]]]},"properties":{"layer":"building","districtId":"saryarka","osmType":"way","osmId":498548631,"building":"yes","height":null,"levels":"1"}},{"type":"Feature","geometry":{"type":"Polygon","coordinates":[[[71.38859,51.18989],[71.38872,51.18985],[71.38849,51.18958],[71.38837,51.18963],[71.38859,51.18989]]]},"properties":{"layer":"building","districtId":"saryarka","osmType":"way","osmId":498548634,"building":"yes","height":null,"levels":"1"}},{"type":"Feature","geometry":{"type":"Polygon","coordinates":[[[71.38849,51.18998],[71.38859,51.18993],[71.38851,51.18985],[71.38841,51.1899],[71.38849,51.18998]]]},"properties":{"layer":"building","districtId":"saryarka","osmType":"way","osmId":498548635,"building":"yes","height":null,"levels":"1"}},{"type":"Feature","geometry":{"type":"Polygon","coordinates":[[[71.38805,51.19012],[71.38819,51.19006],[71.38807,51.18995],[71.38794,51.19001],[71.38805,51.19012]]]},"properties":{"layer":"building","districtId":"saryarka","osmType":"way","osmId":498548636,"building":"yes","height":null,"levels":"1"}},{"type":"Feature","geometry":{"type":"Polygon","coordinates":[[[71.38727,51.19011],[71.38738,51.19007],[71.38728,51.18997],[71.38717,51.19002],[71.38727,51.19011]]]},"properties":{"layer":"building","districtId":"saryarka","osmType":"way","osmId":498548638,"building":"yes","height":null,"levels":"1"}},{"type":"Feature","geometry":{"type":"Polygon","coordinates":[[[71.38711,51.19032],[71.38719,51.19028],[71.3871,51.19021],[71.38702,51.19026],[71.38711,51.19032]]]},"properties":{"layer":"building","districtId":"saryarka","osmType":"way","osmId":498548639,"building":"yes","height":null,"levels":"1"}},{"type":"Feature","geometry":{"type":"Polygon","coordinates":[[[71.38688,51.19025],[71.38698,51.19022],[71.38685,51.19009],[71.38676,51.19013],[71.38688,51.19025]]]},"properties":{"layer":"building","districtId":"saryarka","osmType":"way","osmId":498548640,"building":"yes","height":null,"levels":"1"}},{"type":"Feature","geometry":{"type":"Polygon","coordinates":[[[71.38666,51.1903],[71.3868,51.19025],[71.38673,51.19016],[71.38658,51.19021],[71.38666,51.1903]]]},"properties":{"layer":"building","districtId":"saryarka","osmType":"way","osmId":498548641,"building":"yes","height":null,"levels":"1"}},{"type":"Feature","geometry":{"type":"Polygon","coordinates":[[[71.38759,51.19049],[71.38778,51.19042],[71.3877,51.19034],[71.38751,51.1904],[71.38759,51.19049]]]},"properties":{"layer":"building","districtId":"saryarka","osmType":"way","osmId":498548644,"building":"yes","height":null,"levels":"1"}},{"type":"Feature","geometry":{"type":"Polygon","coordinates":[[[71.38757,51.19104],[71.38769,51.19096],[71.3876,51.19091],[71.38748,51.19099],[71.38757,51.19104]]]},"properties":{"layer":"building","districtId":"saryarka","osmType":"way","osmId":498548652,"building":"yes","height":null,"levels":"1"}},{"type":"Feature","geometry":{"type":"Polygon","coordinates":[[[71.38794,51.19111],[71.38807,51.19105],[71.38789,51.1909],[71.38777,51.19096],[71.38794,51.19111]]]},"properties":{"layer":"building","districtId":"saryarka","osmType":"way","osmId":498548653,"building":"yes","height":null,"levels":"1"}},{"type":"Feature","geometry":{"type":"Polygon","coordinates":[[[71.38812,51.19134],[71.38828,51.19127],[71.3882,51.1912],[71.38803,51.19127],[71.38812,51.19134]]]},"properties":{"layer":"building","districtId":"saryarka","osmType":"way","osmId":498548654,"building":"yes","height":null,"levels":"1"}},{"type":"Feature","geometry":{"type":"Polygon","coordinates":[[[71.38857,51.19114],[71.38871,51.19107],[71.38859,51.19098],[71.38845,51.19105],[71.38857,51.19114]]]},"properties":{"layer":"building","districtId":"saryarka","osmType":"way","osmId":498548656,"building":"yes","height":null,"levels":"1"}},{"type":"Feature","geometry":{"type":"Polygon","coordinates":[[[71.38926,51.19062],[71.38938,51.19056],[71.38927,51.19047],[71.38915,51.19053],[71.38926,51.19062]]]},"properties":{"layer":"building","districtId":"saryarka","osmType":"way","osmId":498548660,"building":"yes","height":null,"levels":"1"}},{"type":"Feature","geometry":{"type":"Polygon","coordinates":[[[71.38966,51.19068],[71.3898,51.19062],[71.38972,51.19053],[71.38957,51.19059],[71.38966,51.19068]]]},"properties":{"layer":"building","districtId":"saryarka","osmType":"way","osmId":498548661,"building":"yes","height":null,"levels":"1"}},{"type":"Feature","geometry":{"type":"Polygon","coordinates":[[[71.38988,51.19057],[71.38999,51.19052],[71.3899,51.19045],[71.38979,51.1905],[71.38988,51.19057]]]},"properties":{"layer":"building","districtId":"saryarka","osmType":"way","osmId":498548662,"building":"yes","height":null,"levels":"1"}},{"type":"Feature","geometry":{"type":"Polygon","coordinates":[[[71.39016,51.19051],[71.3903,51.19046],[71.39018,51.19034],[71.39004,51.19039],[71.39016,51.19051]]]},"properties":{"layer":"building","districtId":"saryarka","osmType":"way","osmId":498548663,"building":"yes","height":null,"levels":"1"}},{"type":"Feature","geometry":{"type":"Polygon","coordinates":[[[71.39105,51.19011],[71.39114,51.19006],[71.391,51.18996],[71.3909,51.19001],[71.39105,51.19011]]]},"properties":{"layer":"building","districtId":"saryarka","osmType":"way","osmId":498548666,"building":"yes","height":null,"levels":"1"}},{"type":"Feature","geometry":{"type":"Polygon","coordinates":[[[71.39138,51.18997],[71.39148,51.18993],[71.39136,51.18982],[71.39126,51.18986],[71.39138,51.18997]]]},"properties":{"layer":"building","districtId":"saryarka","osmType":"way","osmId":498548668,"building":"yes","height":null,"levels":"1"}},{"type":"Feature","geometry":{"type":"Polygon","coordinates":[[[71.3923,51.18963],[71.39239,51.18959],[71.39225,51.18947],[71.39217,51.18951],[71.3923,51.18963]]]},"properties":{"layer":"building","districtId":"saryarka","osmType":"way","osmId":498548669,"building":"yes","height":null,"levels":"1"}},{"type":"Feature","geometry":{"type":"Polygon","coordinates":[[[71.39214,51.18966],[71.39224,51.18962],[71.3921,51.18948],[71.392,51.18952],[71.39214,51.18966]]]},"properties":{"layer":"building","districtId":"saryarka","osmType":"way","osmId":498548670,"building":"yes","height":null,"levels":"1"}},{"type":"Feature","geometry":{"type":"Polygon","coordinates":[[[71.39161,51.18986],[71.39171,51.18982],[71.39162,51.18973],[71.39151,51.18977],[71.39161,51.18986]]]},"properties":{"layer":"building","districtId":"saryarka","osmType":"way","osmId":498548672,"building":"yes","height":null,"levels":"1"}},{"type":"Feature","geometry":{"type":"Polygon","coordinates":[[[71.39088,51.18965],[71.39098,51.18958],[71.39087,51.18953],[71.39078,51.1896],[71.39088,51.18965]]]},"properties":{"layer":"building","districtId":"saryarka","osmType":"way","osmId":498548674,"building":"yes","height":null,"levels":"1"}},{"type":"Feature","geometry":{"type":"Polygon","coordinates":[[[71.39146,51.18934],[71.39155,51.1893],[71.39147,51.18923],[71.39137,51.18927],[71.39146,51.18934]]]},"properties":{"layer":"building","districtId":"saryarka","osmType":"way","osmId":498548675,"building":"yes","height":null,"levels":"1"}},{"type":"Feature","geometry":{"type":"Polygon","coordinates":[[[71.39098,51.18875],[71.39108,51.1887],[71.391,51.18863],[71.3909,51.18868],[71.39098,51.18875]]]},"properties":{"layer":"building","districtId":"saryarka","osmType":"way","osmId":498548681,"building":"yes","height":null,"levels":"1"}},{"type":"Feature","geometry":{"type":"Polygon","coordinates":[[[71.39121,51.1887],[71.39135,51.18864],[71.39124,51.18855],[71.3911,51.18862],[71.39121,51.1887]]]},"properties":{"layer":"building","districtId":"saryarka","osmType":"way","osmId":498548682,"building":"yes","height":null,"levels":"1"}},{"type":"Feature","geometry":{"type":"Polygon","coordinates":[[[71.39193,51.18884],[71.39203,51.1888],[71.39193,51.18871],[71.39183,51.18876],[71.39193,51.18884]]]},"properties":{"layer":"building","districtId":"saryarka","osmType":"way","osmId":498548683,"building":"yes","height":null,"levels":"1"}},{"type":"Feature","geometry":{"type":"Polygon","coordinates":[[[71.39153,51.18914],[71.39161,51.1891],[71.39149,51.189],[71.3914,51.18904],[71.39153,51.18914]]]},"properties":{"layer":"building","districtId":"saryarka","osmType":"way","osmId":498548684,"building":"yes","height":null,"levels":"1"}},{"type":"Feature","geometry":{"type":"Polygon","coordinates":[[[71.39247,51.18945],[71.3926,51.18939],[71.39249,51.18931],[71.39237,51.18937],[71.39247,51.18945]]]},"properties":{"layer":"building","districtId":"saryarka","osmType":"way","osmId":498548689,"building":"yes","height":null,"levels":"1"}},{"type":"Feature","geometry":{"type":"Polygon","coordinates":[[[71.39308,51.19037],[71.39318,51.19032],[71.39302,51.1902],[71.39292,51.19025],[71.39308,51.19037]]]},"properties":{"layer":"building","districtId":"saryarka","osmType":"way","osmId":498548697,"building":"yes","height":null,"levels":"1"}},{"type":"Feature","geometry":{"type":"Polygon","coordinates":[[[71.39312,51.19007],[71.39326,51.19002],[71.39317,51.18993],[71.39303,51.18998],[71.39312,51.19007]]]},"properties":{"layer":"building","districtId":"saryarka","osmType":"way","osmId":498548700,"building":"yes","height":null,"levels":"1"}},{"type":"Feature","geometry":{"type":"Polygon","coordinates":[[[71.39281,51.18975],[71.39295,51.18969],[71.39282,51.18959],[71.39269,51.18965],[71.39281,51.18975]]]},"properties":{"layer":"building","districtId":"saryarka","osmType":"way","osmId":498548705,"building":"yes","height":null,"levels":"1"}},{"type":"Feature","geometry":{"type":"Polygon","coordinates":[[[71.39247,51.18992],[71.39256,51.18987],[71.39243,51.18976],[71.39234,51.18981],[71.39247,51.18992]]]},"properties":{"layer":"building","districtId":"saryarka","osmType":"way","osmId":498548710,"building":"yes","height":null,"levels":"1"}},{"type":"Feature","geometry":{"type":"Polygon","coordinates":[[[71.39179,51.19023],[71.39191,51.19017],[71.39176,51.19005],[71.39164,51.19011],[71.39179,51.19023]]]},"properties":{"layer":"building","districtId":"saryarka","osmType":"way","osmId":498548723,"building":"yes","height":null,"levels":"1"}},{"type":"Feature","geometry":{"type":"Polygon","coordinates":[[[71.39196,51.19037],[71.39211,51.19029],[71.392,51.1902],[71.39185,51.19028],[71.39196,51.19037]]]},"properties":{"layer":"building","districtId":"saryarka","osmType":"way","osmId":498548726,"building":"yes","height":null,"levels":"1"}},{"type":"Feature","geometry":{"type":"Polygon","coordinates":[[[71.39241,51.19066],[71.39298,51.19045],[71.39289,51.19037],[71.39233,51.19057],[71.39241,51.19066]]]},"properties":{"layer":"building","districtId":"saryarka","osmType":"way","osmId":498548728,"building":"yes","height":null,"levels":"1"}},{"type":"Feature","geometry":{"type":"Polygon","coordinates":[[[71.39183,51.19099],[71.39221,51.1908],[71.3921,51.19071],[71.39171,51.1909],[71.39183,51.19099]]]},"properties":{"layer":"building","districtId":"saryarka","osmType":"way","osmId":498548729,"building":"yes","height":null,"levels":"1"}},{"type":"Feature","geometry":{"type":"Polygon","coordinates":[[[71.39149,51.19119],[71.39167,51.19112],[71.39158,51.19103],[71.39141,51.1911],[71.39149,51.19119]]]},"properties":{"layer":"building","districtId":"saryarka","osmType":"way","osmId":498548730,"building":"yes","height":null,"levels":"1"}},{"type":"Feature","geometry":{"type":"Polygon","coordinates":[[[71.3911,51.19133],[71.39122,51.19127],[71.39112,51.19119],[71.391,51.19126],[71.3911,51.19133]]]},"properties":{"layer":"building","districtId":"saryarka","osmType":"way","osmId":498548731,"building":"yes","height":null,"levels":"1"}},{"type":"Feature","geometry":{"type":"Polygon","coordinates":[[[71.39088,51.19078],[71.39103,51.1907],[71.39093,51.19062],[71.39078,51.1907],[71.39088,51.19078]]]},"properties":{"layer":"building","districtId":"saryarka","osmType":"way","osmId":498548733,"building":"yes","height":null,"levels":"1"}},{"type":"Feature","geometry":{"type":"Polygon","coordinates":[[[71.39047,51.19078],[71.39055,51.19074],[71.39046,51.19066],[71.39037,51.1907],[71.39047,51.19078]]]},"properties":{"layer":"building","districtId":"saryarka","osmType":"way","osmId":498548734,"building":"yes","height":null,"levels":"1"}},{"type":"Feature","geometry":{"type":"Polygon","coordinates":[[[71.38994,51.19098],[71.39004,51.19093],[71.38995,51.19085],[71.38984,51.19089],[71.38994,51.19098]]]},"properties":{"layer":"building","districtId":"saryarka","osmType":"way","osmId":498548736,"building":"yes","height":null,"levels":"1"}},{"type":"Feature","geometry":{"type":"Polygon","coordinates":[[[71.3907,51.19138],[71.39085,51.1913],[71.39073,51.19121],[71.39058,51.19128],[71.3907,51.19138]]]},"properties":{"layer":"building","districtId":"saryarka","osmType":"way","osmId":498548737,"building":"yes","height":null,"levels":"1"}},{"type":"Feature","geometry":{"type":"Polygon","coordinates":[[[71.39035,51.19149],[71.39046,51.19145],[71.39033,51.19133],[71.39022,51.19137],[71.39035,51.19149]]]},"properties":{"layer":"building","districtId":"saryarka","osmType":"way","osmId":498548738,"building":"yes","height":null,"levels":"1"}},{"type":"Feature","geometry":{"type":"Polygon","coordinates":[[[71.38962,51.19113],[71.38974,51.19107],[71.38963,51.19099],[71.38951,51.19105],[71.38962,51.19113]]]},"properties":{"layer":"building","districtId":"saryarka","osmType":"way","osmId":498548740,"building":"yes","height":null,"levels":"1"}},{"type":"Feature","geometry":{"type":"Polygon","coordinates":[[[71.38988,51.19137],[71.39001,51.19131],[71.3899,51.1912],[71.38976,51.19125],[71.38988,51.19137]]]},"properties":{"layer":"building","districtId":"saryarka","osmType":"way","osmId":498548741,"building":"yes","height":null,"levels":"1"}},{"type":"Feature","geometry":{"type":"Polygon","coordinates":[[[71.38929,51.19132],[71.38938,51.19127],[71.38926,51.19117],[71.38916,51.19121],[71.38929,51.19132]]]},"properties":{"layer":"building","districtId":"saryarka","osmType":"way","osmId":498548742,"building":"yes","height":null,"levels":"1"}},{"type":"Feature","geometry":{"type":"Polygon","coordinates":[[[71.38934,51.19182],[71.38949,51.19174],[71.38936,51.19164],[71.38921,51.19172],[71.38934,51.19182]]]},"properties":{"layer":"building","districtId":"saryarka","osmType":"way","osmId":498548745,"building":"yes","height":null,"levels":"1"}},{"type":"Feature","geometry":{"type":"Polygon","coordinates":[[[71.38882,51.19211],[71.38893,51.19206],[71.38881,51.19196],[71.3887,51.19201],[71.38882,51.19211]]]},"properties":{"layer":"building","districtId":"saryarka","osmType":"way","osmId":498548747,"building":"yes","height":null,"levels":"1"}},{"type":"Feature","geometry":{"type":"Polygon","coordinates":[[[71.38903,51.19187],[71.38915,51.19182],[71.38903,51.19171],[71.38891,51.19176],[71.38903,51.19187]]]},"properties":{"layer":"building","districtId":"saryarka","osmType":"way","osmId":498548748,"building":"yes","height":null,"levels":"1"}},{"type":"Feature","geometry":{"type":"Polygon","coordinates":[[[71.38843,51.19178],[71.38862,51.1917],[71.38855,51.19163],[71.38835,51.19172],[71.38843,51.19178]]]},"properties":{"layer":"building","districtId":"saryarka","osmType":"way","osmId":498548750,"building":"yes","height":null,"levels":"1"}},{"type":"Feature","geometry":{"type":"Polygon","coordinates":[[[71.38809,51.19234],[71.38852,51.19217],[71.38864,51.19229],[71.38872,51.19226],[71.38853,51.19208],[71.38802,51.19228],[71.38809,51.19234]]]},"properties":{"layer":"building","districtId":"saryarka","osmType":"way","osmId":498548755,"building":"yes","height":null,"levels":null}},{"type":"Feature","geometry":{"type":"Polygon","coordinates":[[[71.38815,51.19248],[71.38862,51.19232],[71.38858,51.19227],[71.38811,51.19243],[71.38815,51.19248]]]},"properties":{"layer":"building","districtId":"saryarka","osmType":"way","osmId":498548756,"building":"yes","height":null,"levels":null}},{"type":"Feature","geometry":{"type":"Polygon","coordinates":[[[71.38938,51.19277],[71.38952,51.19272],[71.38942,51.19261],[71.38927,51.19266],[71.38938,51.19277]]]},"properties":{"layer":"building","districtId":"saryarka","osmType":"way","osmId":498548760,"building":"yes","height":null,"levels":"1"}},{"type":"Feature","geometry":{"type":"Polygon","coordinates":[[[71.38907,51.19243],[71.38919,51.19238],[71.38907,51.19227],[71.38896,51.19231],[71.38907,51.19243]]]},"properties":{"layer":"building","districtId":"saryarka","osmType":"way","osmId":498548761,"building":"yes","height":null,"levels":"1"}},{"type":"Feature","geometry":{"type":"Polygon","coordinates":[[[71.3894,51.19228],[71.38952,51.19223],[71.3894,51.19211],[71.38927,51.19216],[71.3894,51.19228]]]},"properties":{"layer":"building","districtId":"saryarka","osmType":"way","osmId":498548763,"building":"yes","height":null,"levels":"1"}},{"type":"Feature","geometry":{"type":"Polygon","coordinates":[[[71.39035,51.19238],[71.39046,51.19235],[71.39035,51.19223],[71.39025,51.19227],[71.39035,51.19238]]]},"properties":{"layer":"building","districtId":"saryarka","osmType":"way","osmId":498548764,"building":"yes","height":null,"levels":"1"}},{"type":"Feature","geometry":{"type":"Polygon","coordinates":[[[71.39072,51.1922],[71.39084,51.19215],[71.39076,51.19207],[71.39063,51.19212],[71.39072,51.1922]]]},"properties":{"layer":"building","districtId":"saryarka","osmType":"way","osmId":498548768,"building":"yes","height":null,"levels":"1"}},{"type":"Feature","geometry":{"type":"Polygon","coordinates":[[[71.3903,51.19188],[71.3904,51.19184],[71.39031,51.19175],[71.39021,51.1918],[71.3903,51.19188]]]},"properties":{"layer":"building","districtId":"saryarka","osmType":"way","osmId":498548772,"building":"yes","height":null,"levels":"1"}},{"type":"Feature","geometry":{"type":"Polygon","coordinates":[[[71.39055,51.19183],[71.39067,51.19179],[71.39055,51.19166],[71.39043,51.19171],[71.39055,51.19183]]]},"properties":{"layer":"building","districtId":"saryarka","osmType":"way","osmId":498548773,"building":"yes","height":null,"levels":"1"}},{"type":"Feature","geometry":{"type":"Polygon","coordinates":[[[71.39166,51.19174],[71.39176,51.19169],[71.39156,51.19153],[71.39146,51.19157],[71.39166,51.19174]]]},"properties":{"layer":"building","districtId":"saryarka","osmType":"way","osmId":498548777,"building":"yes","height":null,"levels":"1"}},{"type":"Feature","geometry":{"type":"Polygon","coordinates":[[[71.392,51.19124],[71.39215,51.19118],[71.39203,51.19106],[71.39188,51.19113],[71.392,51.19124]]]},"properties":{"layer":"building","districtId":"saryarka","osmType":"way","osmId":498548778,"building":"yes","height":null,"levels":"1"}},{"type":"Feature","geometry":{"type":"Polygon","coordinates":[[[71.39179,51.19138],[71.39192,51.19132],[71.39176,51.19118],[71.39163,51.19124],[71.39179,51.19138]]]},"properties":{"layer":"building","districtId":"saryarka","osmType":"way","osmId":498548779,"building":"yes","height":null,"levels":"1"}},{"type":"Feature","geometry":{"type":"Polygon","coordinates":[[[71.39307,51.19098],[71.39319,51.19092],[71.39309,51.19083],[71.39297,51.19089],[71.39307,51.19098]]]},"properties":{"layer":"building","districtId":"saryarka","osmType":"way","osmId":498548784,"building":"yes","height":null,"levels":"1"}},{"type":"Feature","geometry":{"type":"Polygon","coordinates":[[[71.39348,51.19098],[71.39362,51.19091],[71.39351,51.19083],[71.39338,51.19089],[71.39348,51.19098]]]},"properties":{"layer":"building","districtId":"saryarka","osmType":"way","osmId":498548785,"building":"yes","height":null,"levels":"1"}},{"type":"Feature","geometry":{"type":"Polygon","coordinates":[[[71.39402,51.19087],[71.39411,51.19083],[71.39399,51.19073],[71.3939,51.19076],[71.39402,51.19087]]]},"properties":{"layer":"building","districtId":"saryarka","osmType":"way","osmId":498548787,"building":"yes","height":null,"levels":"1"}},{"type":"Feature","geometry":{"type":"Polygon","coordinates":[[[71.39294,51.19071],[71.39312,51.19062],[71.39301,51.19053],[71.39283,51.19062],[71.39294,51.19071]]]},"properties":{"layer":"building","districtId":"saryarka","osmType":"way","osmId":498548789,"building":"yes","height":null,"levels":"1"}},{"type":"Feature","geometry":{"type":"Polygon","coordinates":[[[71.39355,51.1905],[71.3937,51.19043],[71.39356,51.19032],[71.39342,51.19039],[71.39355,51.1905]]]},"properties":{"layer":"building","districtId":"saryarka","osmType":"way","osmId":498548790,"building":"yes","height":null,"levels":"1"}},{"type":"Feature","geometry":{"type":"Polygon","coordinates":[[[71.39224,51.19114],[71.39235,51.19108],[71.39221,51.19096],[71.39209,51.19101],[71.39224,51.19114]]]},"properties":{"layer":"building","districtId":"saryarka","osmType":"way","osmId":498548791,"building":"yes","height":null,"levels":"1"}},{"type":"Feature","geometry":{"type":"Polygon","coordinates":[[[71.44592,51.19089],[71.446,51.19072],[71.4451,51.19054],[71.44502,51.19072],[71.44592,51.19089]]]},"properties":{"layer":"building","districtId":"baikonur","osmType":"way","osmId":216575975,"building":"industrial","height":null,"levels":null}},{"type":"Feature","geometry":{"type":"Polygon","coordinates":[[[71.44639,51.1923],[71.44694,51.19109],[71.44638,51.19099],[71.44582,51.1922],[71.44639,51.1923]]]},"properties":{"layer":"building","districtId":"baikonur","osmType":"way","osmId":216575990,"building":"industrial","height":null,"levels":null}},{"type":"Feature","geometry":{"type":"Polygon","coordinates":[[[71.45172,51.18755],[71.45196,51.18764],[71.45208,51.18751],[71.45203,51.18749],[71.45208,51.18744],[71.45212,51.18745],[71.45221,51.18736],[71.4519,51.18724],[71.45181,51.18734],[71.45197,51.1874],[71.45192,51.18745],[71.45185,51.18742],[71.45172,51.18755]]]},"properties":{"layer":"building","districtId":"baikonur","osmType":"way","osmId":242012115,"building":"yes","height":null,"levels":null}},{"type":"Feature","geometry":{"type":"Polygon","coordinates":[[[71.45347,51.18815],[71.45355,51.18818],[71.45353,51.1882],[71.45359,51.18823],[71.4536,51.18821],[71.4544,51.18854],[71.45438,51.18856],[71.45461,51.18865],[71.45471,51.18859],[71.45468,51.18858],[71.45478,51.18848],[71.45471,51.18845],[71.45474,51.18842],[71.45456,51.18838],[71.45452,51.18842],[71.45373,51.18809],[71.45377,51.18805],[71.45364,51.18799],[71.45347,51.18815]]]},"properties":{"layer":"building","districtId":"baikonur","osmType":"way","osmId":242012132,"building":"industrial","height":null,"levels":null}},{"type":"Feature","geometry":{"type":"Polygon","coordinates":[[[71.45262,51.18794],[71.45296,51.18807],[71.45301,51.18802],[71.45268,51.18788],[71.45262,51.18794]]]},"properties":{"layer":"building","districtId":"baikonur","osmType":"way","osmId":242012152,"building":"yes","height":null,"levels":null}},{"type":"Feature","geometry":{"type":"Polygon","coordinates":[[[71.45038,51.18645],[71.45034,51.18649],[71.4504,51.18652],[71.45038,51.18654],[71.45047,51.18658],[71.45057,51.18651],[71.45038,51.18645]]]},"properties":{"layer":"building","districtId":"baikonur","osmType":"way","osmId":242012233,"building":"yes","height":null,"levels":"1"}},{"type":"Feature","geometry":{"type":"Polygon","coordinates":[[[71.44828,51.18837],[71.44791,51.18899],[71.44817,51.18905],[71.44854,51.18843],[71.44828,51.18837]]]},"properties":{"layer":"building","districtId":"baikonur","osmType":"way","osmId":242016676,"building":"yes","height":null,"levels":null}},{"type":"Feature","geometry":{"type":"Polygon","coordinates":[[[71.4482,51.18651],[71.44781,51.18655],[71.44783,51.18663],[71.4479,51.18663],[71.44822,51.18658],[71.4482,51.18651]]]},"properties":{"layer":"building","districtId":"baikonur","osmType":"way","osmId":242016711,"building":"yes","height":null,"levels":"1"}},{"type":"Feature","geometry":{"type":"Polygon","coordinates":[[[71.448,51.18805],[71.44701,51.18839],[71.44716,51.18856],[71.44765,51.18839],[71.44768,51.18842],[71.44804,51.1883],[71.448,51.18827],[71.44815,51.18822],[71.448,51.18805]]]},"properties":{"layer":"building","districtId":"baikonur","osmType":"way","osmId":242016716,"building":"yes","height":null,"levels":null}},{"type":"Feature","geometry":{"type":"Polygon","coordinates":[[[71.4435,51.189],[71.444,51.18886],[71.4436,51.18829],[71.4431,51.18842],[71.4435,51.189]]]},"properties":{"layer":"building","districtId":"baikonur","osmType":"way","osmId":498883721,"building":"yes","height":null,"levels":"1"}},{"type":"Feature","geometry":{"type":"Polygon","coordinates":[[[71.44631,51.18718],[71.44657,51.18712],[71.44636,51.18679],[71.4461,51.18686],[71.44631,51.18718]]]},"properties":{"layer":"building","districtId":"baikonur","osmType":"way","osmId":498883725,"building":"yes","height":null,"levels":"1"}},{"type":"Feature","geometry":{"type":"Polygon","coordinates":[[[71.44666,51.18773],[71.44684,51.18768],[71.44662,51.18738],[71.44643,51.18744],[71.44666,51.18773]]]},"properties":{"layer":"building","districtId":"baikonur","osmType":"way","osmId":498883726,"building":"yes","height":null,"levels":"1"}},{"type":"Feature","geometry":{"type":"Polygon","coordinates":[[[71.44677,51.18809],[71.44729,51.18789],[71.44718,51.18778],[71.44666,51.18797],[71.44677,51.18809]]]},"properties":{"layer":"building","districtId":"baikonur","osmType":"way","osmId":498883727,"building":"yes","height":null,"levels":"1"}},{"type":"Feature","geometry":{"type":"Polygon","coordinates":[[[71.44636,51.18824],[71.44653,51.18818],[71.44622,51.1878],[71.44605,51.18786],[71.44636,51.18824]]]},"properties":{"layer":"building","districtId":"baikonur","osmType":"way","osmId":498883728,"building":"yes","height":null,"levels":"1"}},{"type":"Feature","geometry":{"type":"Polygon","coordinates":[[[71.44587,51.1876],[71.44619,51.18749],[71.44583,51.18708],[71.44551,51.1872],[71.44587,51.1876]]]},"properties":{"layer":"building","districtId":"baikonur","osmType":"way","osmId":498883729,"building":"yes","height":null,"levels":"1"}},{"type":"Feature","geometry":{"type":"Polygon","coordinates":[[[71.44586,51.18684],[71.44655,51.18662],[71.44646,51.18651],[71.44577,51.18673],[71.44586,51.18684]]]},"properties":{"layer":"building","districtId":"baikonur","osmType":"way","osmId":498883730,"building":"yes","height":null,"levels":"1"}},{"type":"Feature","geometry":{"type":"Polygon","coordinates":[[[71.44999,51.19356],[71.44879,51.19335],[71.44865,51.19367],[71.44986,51.19388],[71.44971,51.19424],[71.45005,51.19429],[71.45047,51.19334],[71.45011,51.19328],[71.44999,51.19356]]]},"properties":{"layer":"building","districtId":"baikonur","osmType":"way","osmId":498977146,"building":"yes","height":null,"levels":"1"}},{"type":"Feature","geometry":{"type":"Polygon","coordinates":[[[71.45119,51.19511],[71.4518,51.19373],[71.45144,51.19367],[71.45082,51.19504],[71.45119,51.19511]]]},"properties":{"layer":"building","districtId":"baikonur","osmType":"way","osmId":498977147,"building":"yes","height":null,"levels":"1"}},{"type":"Feature","geometry":{"type":"Polygon","coordinates":[[[71.45297,51.1934],[71.45338,51.19267],[71.45313,51.19261],[71.45272,51.19335],[71.45297,51.1934]]]},"properties":{"layer":"building","districtId":"baikonur","osmType":"way","osmId":498977148,"building":"yes","height":null,"levels":"1"}},{"type":"Feature","geometry":{"type":"Polygon","coordinates":[[[71.45211,51.19299],[71.45232,51.19252],[71.45037,51.19217],[71.45015,51.19265],[71.45211,51.19299]]]},"properties":{"layer":"building","districtId":"baikonur","osmType":"way","osmId":498977149,"building":"yes","height":null,"levels":"1"}},{"type":"Feature","geometry":{"type":"Polygon","coordinates":[[[71.45252,51.19214],[71.45262,51.19197],[71.45183,51.19179],[71.45173,51.19196],[71.45252,51.19214]]]},"properties":{"layer":"building","districtId":"baikonur","osmType":"way","osmId":498977150,"building":"yes","height":null,"levels":"1"}},{"type":"Feature","geometry":{"type":"Polygon","coordinates":[[[71.45153,51.1919],[71.45168,51.19165],[71.45008,51.19129],[71.44994,51.19155],[71.45153,51.1919]]]},"properties":{"layer":"building","districtId":"baikonur","osmType":"way","osmId":498977151,"building":"yes","height":null,"levels":"1"}},{"type":"Feature","geometry":{"type":"Polygon","coordinates":[[[71.45125,51.18877],[71.45134,51.18868],[71.45122,51.18864],[71.45133,51.18852],[71.45123,51.18848],[71.45103,51.18868],[71.45125,51.18877]]]},"properties":{"layer":"building","districtId":"baikonur","osmType":"way","osmId":498977152,"building":"yes","height":null,"levels":"1"}},{"type":"Feature","geometry":{"type":"Polygon","coordinates":[[[71.45109,51.18914],[71.4513,51.18897],[71.45116,51.18891],[71.45096,51.18908],[71.45109,51.18914]]]},"properties":{"layer":"building","districtId":"baikonur","osmType":"way","osmId":498977154,"building":"yes","height":null,"levels":"1"}},{"type":"Feature","geometry":{"type":"Polygon","coordinates":[[[71.44803,51.19231],[71.44837,51.19167],[71.44782,51.19156],[71.44748,51.1922],[71.44803,51.19231]]]},"properties":{"layer":"building","districtId":"baikonur","osmType":"way","osmId":498977156,"building":"yes","height":null,"levels":"1"}},{"type":"Feature","geometry":{"type":"Polygon","coordinates":[[[71.44459,51.19121],[71.4448,51.19077],[71.44463,51.19074],[71.44441,51.19118],[71.44459,51.19121]]]},"properties":{"layer":"building","districtId":"baikonur","osmType":"way","osmId":498977157,"building":"yes","height":null,"levels":"1"}},{"type":"Feature","geometry":{"type":"Polygon","coordinates":[[[71.44359,51.19184],[71.44416,51.19064],[71.4439,51.19059],[71.44333,51.19179],[71.44359,51.19184]]]},"properties":{"layer":"building","districtId":"baikonur","osmType":"way","osmId":498977158,"building":"yes","height":null,"levels":"1"}},{"type":"Feature","geometry":{"type":"Polygon","coordinates":[[[71.44486,51.19059],[71.44494,51.19041],[71.44336,51.19011],[71.44328,51.19029],[71.44486,51.19059]]]},"properties":{"layer":"building","districtId":"baikonur","osmType":"way","osmId":498977166,"building":"yes","height":null,"levels":"1"}},{"type":"Feature","geometry":{"type":"Polygon","coordinates":[[[71.44809,51.1905],[71.44817,51.18997],[71.44757,51.18994],[71.4475,51.19047],[71.44809,51.1905]]]},"properties":{"layer":"building","districtId":"baikonur","osmType":"way","osmId":498977167,"building":"yes","height":null,"levels":"1"}},{"type":"Feature","geometry":{"type":"Polygon","coordinates":[[[71.44571,51.19026],[71.4458,51.19006],[71.44477,51.18986],[71.44479,51.18982],[71.44464,51.18979],[71.4445,51.19008],[71.44489,51.19016],[71.44491,51.1901],[71.44571,51.19026]]]},"properties":{"layer":"building","districtId":"baikonur","osmType":"way","osmId":498977168,"building":"yes","height":null,"levels":"1"}},{"type":"Feature","geometry":{"type":"Polygon","coordinates":[[[71.44596,51.18971],[71.44618,51.18923],[71.44517,51.18904],[71.44495,51.18952],[71.44596,51.18971]]]},"properties":{"layer":"building","districtId":"baikonur","osmType":"way","osmId":498977169,"building":"yes","height":null,"levels":"1"}},{"type":"Feature","geometry":{"type":"Polygon","coordinates":[[[71.44948,51.19034],[71.44957,51.19009],[71.44911,51.19002],[71.44902,51.19027],[71.44948,51.19034]]]},"properties":{"layer":"building","districtId":"baikonur","osmType":"way","osmId":498977171,"building":"yes","height":null,"levels":"1"}},{"type":"Feature","geometry":{"type":"Polygon","coordinates":[[[71.44941,51.19004],[71.44975,51.18935],[71.44931,51.18926],[71.44897,51.18996],[71.44941,51.19004]]]},"properties":{"layer":"building","districtId":"baikonur","osmType":"way","osmId":498977172,"building":"yes","height":null,"levels":"1"}},{"type":"Feature","geometry":{"type":"Polygon","coordinates":[[[71.45001,51.18911],[71.45011,51.18889],[71.44961,51.1888],[71.44951,51.18903],[71.45001,51.18911]]]},"properties":{"layer":"building","districtId":"baikonur","osmType":"way","osmId":498977173,"building":"yes","height":null,"levels":"1"}},{"type":"Feature","geometry":{"type":"Polygon","coordinates":[[[71.45237,51.18881],[71.45248,51.1887],[71.45203,51.18852],[71.45192,51.18863],[71.45237,51.18881]]]},"properties":{"layer":"building","districtId":"baikonur","osmType":"way","osmId":498977174,"building":"retail","height":null,"levels":"1"}},{"type":"Feature","geometry":{"type":"Polygon","coordinates":[[[71.45232,51.18992],[71.45299,51.18933],[71.45241,51.18907],[71.45174,51.18966],[71.45232,51.18992]]]},"properties":{"layer":"building","districtId":"baikonur","osmType":"way","osmId":498977175,"building":"yes","height":null,"levels":"1"}},{"type":"Feature","geometry":{"type":"Polygon","coordinates":[[[71.45384,51.19092],[71.4543,51.19044],[71.45406,51.19035],[71.4536,51.19083],[71.45384,51.19092]]]},"properties":{"layer":"building","districtId":"baikonur","osmType":"way","osmId":498977176,"building":"yes","height":null,"levels":"1"}},{"type":"Feature","geometry":{"type":"Polygon","coordinates":[[[71.45505,51.19187],[71.45645,51.19074],[71.45621,51.19062],[71.4548,51.19175],[71.45505,51.19187]]]},"properties":{"layer":"building","districtId":"baikonur","osmType":"way","osmId":498977177,"building":"yes","height":null,"levels":"1"}},{"type":"Feature","geometry":{"type":"Polygon","coordinates":[[[71.45317,51.1866],[71.45342,51.18653],[71.45317,51.18619],[71.45293,51.18626],[71.45317,51.1866]]]},"properties":{"layer":"building","districtId":"baikonur","osmType":"way","osmId":499010267,"building":"yes","height":null,"levels":"1"}},{"type":"Feature","geometry":{"type":"Polygon","coordinates":[[[71.45277,51.18763],[71.45283,51.18756],[71.45263,51.18748],[71.45257,51.18755],[71.45277,51.18763]]]},"properties":{"layer":"building","districtId":"baikonur","osmType":"way","osmId":499010269,"building":"yes","height":null,"levels":"1"}},{"type":"Feature","geometry":{"type":"Polygon","coordinates":[[[71.45216,51.18632],[71.45258,51.1862],[71.45252,51.18611],[71.45209,51.18623],[71.45216,51.18632]]]},"properties":{"layer":"building","districtId":"baikonur","osmType":"way","osmId":499010270,"building":"yes","height":null,"levels":"1"}},{"type":"Feature","geometry":{"type":"Polygon","coordinates":[[[71.45184,51.18676],[71.45282,51.18641],[71.45263,51.18619],[71.45164,51.18654],[71.45184,51.18676]]]},"properties":{"layer":"building","districtId":"baikonur","osmType":"way","osmId":499010271,"building":"yes","height":null,"levels":"1"}},{"type":"Feature","geometry":{"type":"Polygon","coordinates":[[[71.4517,51.1871],[71.45305,51.18671],[71.45298,51.18662],[71.45162,51.187],[71.4517,51.1871]]]},"properties":{"layer":"building","districtId":"baikonur","osmType":"way","osmId":499010272,"building":"yes","height":null,"levels":"1"}},{"type":"Feature","geometry":{"type":"Polygon","coordinates":[[[71.45223,51.18705],[71.45288,51.18689],[71.45284,51.18683],[71.45219,51.18699],[71.45223,51.18705]]]},"properties":{"layer":"building","districtId":"baikonur","osmType":"way","osmId":499010273,"building":"yes","height":null,"levels":"1"}},{"type":"Feature","geometry":{"type":"Polygon","coordinates":[[[71.45303,51.18706],[71.45384,51.18686],[71.45368,51.18661],[71.45288,51.18681],[71.45303,51.18706]]]},"properties":{"layer":"building","districtId":"baikonur","osmType":"way","osmId":499010274,"building":"yes","height":null,"levels":"1"}},{"type":"Feature","geometry":{"type":"Polygon","coordinates":[[[71.45123,51.18686],[71.45142,51.18681],[71.45131,51.18666],[71.45101,51.18675],[71.45123,51.18686]]]},"properties":{"layer":"building","districtId":"baikonur","osmType":"way","osmId":499010276,"building":"yes","height":null,"levels":"1"}},{"type":"Feature","geometry":{"type":"Polygon","coordinates":[[[71.45065,51.18627],[71.45081,51.18622],[71.45065,51.18602],[71.4505,51.18606],[71.45065,51.18627]]]},"properties":{"layer":"building","districtId":"baikonur","osmType":"way","osmId":499010277,"building":"yes","height":null,"levels":"1"}},{"type":"Feature","geometry":{"type":"Polygon","coordinates":[[[71.45094,51.18667],[71.45136,51.18654],[71.45117,51.1863],[71.45075,51.18644],[71.45094,51.18667]]]},"properties":{"layer":"building","districtId":"baikonur","osmType":"way","osmId":499010278,"building":"yes","height":null,"levels":"1"}},{"type":"Feature","geometry":{"type":"Polygon","coordinates":[[[71.45566,51.18862],[71.45578,51.18852],[71.45545,51.18836],[71.45532,51.18846],[71.45566,51.18862]]]},"properties":{"layer":"building","districtId":"baikonur","osmType":"way","osmId":502722137,"building":"yes","height":null,"levels":"1"}},{"type":"Feature","geometry":{"type":"Polygon","coordinates":[[[71.45642,51.18903],[71.45659,51.18888],[71.4558,51.18855],[71.45564,51.1887],[71.45642,51.18903]]]},"properties":{"layer":"building","districtId":"baikonur","osmType":"way","osmId":502722138,"building":"yes","height":null,"levels":"1"}},{"type":"Feature","geometry":{"type":"Polygon","coordinates":[[[71.44719,51.18885],[71.44753,51.18874],[71.44755,51.18876],[71.44778,51.18869],[71.44766,51.18856],[71.44763,51.18851],[71.44742,51.18858],[71.44745,51.18862],[71.44708,51.18874],[71.44719,51.18885]]]},"properties":{"layer":"building","districtId":"baikonur","osmType":"way","osmId":506215193,"building":"yes","height":null,"levels":"1"}},{"type":"Feature","geometry":{"type":"Polygon","coordinates":[[[71.44344,51.18997],[71.44358,51.18964],[71.44333,51.1896],[71.44318,51.18992],[71.44344,51.18997]]]},"properties":{"layer":"building","districtId":"baikonur","osmType":"way","osmId":506215194,"building":"office","height":null,"levels":"1"}},{"type":"Feature","geometry":{"type":"Polygon","coordinates":[[[71.44787,51.18962],[71.44807,51.18921],[71.44787,51.18917],[71.44767,51.18958],[71.44787,51.18962]]]},"properties":{"layer":"building","districtId":"baikonur","osmType":"way","osmId":506215196,"building":"yes","height":null,"levels":"1"}},{"type":"Feature","geometry":{"type":"Polygon","coordinates":[[[71.44786,51.18979],[71.44793,51.18965],[71.44768,51.1896],[71.44761,51.18975],[71.44786,51.18979]]]},"properties":{"layer":"building","districtId":"baikonur","osmType":"way","osmId":506215197,"building":"yes","height":null,"levels":"1"}},{"type":"Feature","geometry":{"type":"Polygon","coordinates":[[[71.44852,51.18892],[71.44869,51.18868],[71.44853,51.18863],[71.44835,51.18888],[71.44852,51.18892]]]},"properties":{"layer":"building","districtId":"baikonur","osmType":"way","osmId":506215199,"building":"yes","height":null,"levels":"1"}},{"type":"Feature","geometry":{"type":"Polygon","coordinates":[[[71.44901,51.18872],[71.44908,51.18859],[71.4486,51.18849],[71.44853,51.18861],[71.44901,51.18872]]]},"properties":{"layer":"building","districtId":"baikonur","osmType":"way","osmId":506215200,"building":"yes","height":null,"levels":"1"}},{"type":"Feature","geometry":{"type":"Polygon","coordinates":[[[71.44411,51.18885],[71.44456,51.18871],[71.44446,51.18858],[71.44401,51.18872],[71.44411,51.18885]]]},"properties":{"layer":"building","districtId":"baikonur","osmType":"way","osmId":506215201,"building":"yes","height":null,"levels":"1"}},{"type":"Feature","geometry":{"type":"Polygon","coordinates":[[[71.45276,51.19382],[71.45284,51.19365],[71.45219,51.19354],[71.45212,51.19371],[71.45276,51.19382]]]},"properties":{"layer":"building","districtId":"baikonur","osmType":"way","osmId":506221878,"building":"yes","height":null,"levels":"1"}},{"type":"Feature","geometry":{"type":"Polygon","coordinates":[[[71.45247,51.18742],[71.45262,51.1873],[71.45235,51.18718],[71.45221,51.18731],[71.45247,51.18742]]]},"properties":{"layer":"building","districtId":"baikonur","osmType":"way","osmId":506238912,"building":"yes","height":null,"levels":"1"}},{"type":"Feature","geometry":{"type":"Polygon","coordinates":[[[71.45488,51.1879],[71.45526,51.18778],[71.45517,51.18767],[71.45479,51.18779],[71.45488,51.1879]]]},"properties":{"layer":"building","districtId":"baikonur","osmType":"way","osmId":506238913,"building":"yes","height":null,"levels":"1"}},{"type":"Feature","geometry":{"type":"Polygon","coordinates":[[[71.45427,51.18809],[71.45448,51.18789],[71.45431,51.18782],[71.4541,51.18802],[71.45427,51.18809]]]},"properties":{"layer":"building","districtId":"baikonur","osmType":"way","osmId":506238916,"building":"yes","height":null,"levels":"1"}},{"type":"Feature","geometry":{"type":"Polygon","coordinates":[[[71.45119,51.18992],[71.45101,51.18988],[71.45083,51.19019],[71.45102,51.19023],[71.45119,51.18992]]]},"properties":{"layer":"building","districtId":"baikonur","osmType":"way","osmId":506238919,"building":"yes","height":null,"levels":"1"}},{"type":"Feature","geometry":{"type":"Polygon","coordinates":[[[71.45057,51.18978],[71.4512,51.18992],[71.4513,51.18975],[71.45066,51.18961],[71.45057,51.18978]]]},"properties":{"layer":"building","districtId":"baikonur","osmType":"way","osmId":506238920,"building":"yes","height":null,"levels":"1"}},{"type":"Feature","geometry":{"type":"Polygon","coordinates":[[[71.45026,51.19026],[71.45091,51.19041],[71.45101,51.19024],[71.45036,51.19009],[71.45026,51.19026]]]},"properties":{"layer":"building","districtId":"baikonur","osmType":"way","osmId":506238921,"building":"yes","height":null,"levels":"1"}},{"type":"Feature","geometry":{"type":"Polygon","coordinates":[[[71.44486,51.18822],[71.44494,51.18831],[71.44503,51.18828],[71.4452,51.18849],[71.44542,51.18842],[71.44518,51.18812],[71.44486,51.18822]]]},"properties":{"layer":"building","districtId":"baikonur","osmType":"way","osmId":582840374,"building":"yes","height":null,"levels":null}},{"type":"Feature","geometry":{"type":"Polygon","coordinates":[[[71.44468,51.18717],[71.44508,51.18763],[71.44529,51.18756],[71.44502,51.18725],[71.44542,51.18712],[71.44529,51.18696],[71.44468,51.18717]]]},"properties":{"layer":"building","districtId":"baikonur","osmType":"way","osmId":582840377,"building":"yes","height":null,"levels":null}},{"type":"Feature","geometry":{"type":"Polygon","coordinates":[[[71.44479,51.18946],[71.44496,51.18948],[71.44507,51.18918],[71.44491,51.18916],[71.44479,51.18946]]]},"properties":{"layer":"building","districtId":"baikonur","osmType":"way","osmId":608667783,"building":"yes","height":null,"levels":"1"}},{"type":"Feature","geometry":{"type":"Polygon","coordinates":[[[71.45041,51.18636],[71.45055,51.18631],[71.45032,51.18608],[71.45018,51.18614],[71.45041,51.18636]]]},"properties":{"layer":"building","districtId":"baikonur","osmType":"way","osmId":608667789,"building":"yes","height":null,"levels":"1"}},{"type":"Feature","geometry":{"type":"Polygon","coordinates":[[[71.454,51.18765],[71.45392,51.18756],[71.45432,51.18742],[71.45449,51.18762],[71.45439,51.18765],[71.4543,51.18754],[71.454,51.18765]]]},"properties":{"layer":"building","districtId":"baikonur","osmType":"way","osmId":921993920,"building":"yes","height":null,"levels":null}},{"type":"Feature","geometry":{"type":"Polygon","coordinates":[[[71.44992,51.18561],[71.44984,51.18552],[71.44958,51.1856],[71.44968,51.18573],[71.44979,51.1857],[71.44998,51.18592],[71.44979,51.186],[71.44986,51.1861],[71.44964,51.18618],[71.44972,51.18628],[71.45029,51.18606],[71.44992,51.18561]]]},"properties":{"layer":"building","districtId":"baikonur","osmType":"way","osmId":921993984,"building":"yes","height":null,"levels":null}},{"type":"Feature","geometry":{"type":"Polygon","coordinates":[[[71.44681,51.18741],[71.44697,51.18737],[71.44675,51.18705],[71.4466,51.18708],[71.44681,51.18741]]]},"properties":{"layer":"building","districtId":"baikonur","osmType":"way","osmId":926528739,"building":"yes","height":null,"levels":"1"}},{"type":"Feature","geometry":{"type":"Polygon","coordinates":[[[71.44987,51.18934],[71.44992,51.18923],[71.44952,51.18915],[71.44945,51.18926],[71.44987,51.18934]]]},"properties":{"layer":"building","districtId":"baikonur","osmType":"way","osmId":926528756,"building":"yes","height":null,"levels":"1"}},{"type":"Feature","geometry":{"type":"Polygon","coordinates":[[[71.44991,51.18976],[71.44996,51.18966],[71.44981,51.18963],[71.44976,51.18973],[71.44991,51.18976]]]},"properties":{"layer":"building","districtId":"baikonur","osmType":"way","osmId":926528757,"building":"yes","height":null,"levels":"1"}},{"type":"Feature","geometry":{"type":"Polygon","coordinates":[[[71.45048,51.18864],[71.45054,51.18853],[71.45043,51.18851],[71.45038,51.18862],[71.45048,51.18864]]]},"properties":{"layer":"building","districtId":"baikonur","osmType":"way","osmId":926528758,"building":"yes","height":null,"levels":"1"}},{"type":"Feature","geometry":{"type":"Polygon","coordinates":[[[71.45105,51.18946],[71.45147,51.18908],[71.45134,51.18901],[71.45091,51.1894],[71.45105,51.18946]]]},"properties":{"layer":"building","districtId":"baikonur","osmType":"way","osmId":926528760,"building":"yes","height":null,"levels":"1"}},{"type":"Feature","geometry":{"type":"Polygon","coordinates":[[[71.44713,51.1887],[71.44693,51.18842],[71.44676,51.18848],[71.44697,51.18875],[71.44713,51.1887]]]},"properties":{"layer":"building","districtId":"baikonur","osmType":"way","osmId":926528761,"building":"retail","height":null,"levels":null}},{"type":"Feature","geometry":{"type":"Polygon","coordinates":[[[71.45491,51.19215],[71.45496,51.19209],[71.45472,51.19201],[71.45467,51.19206],[71.45491,51.19215]]]},"properties":{"layer":"building","districtId":"baikonur","osmType":"way","osmId":926536371,"building":"yes","height":null,"levels":"1"}},{"type":"Feature","geometry":{"type":"Polygon","coordinates":[[[71.45337,51.19133],[71.45356,51.19114],[71.45332,51.19105],[71.45313,51.19124],[71.45337,51.19133]]]},"properties":{"layer":"building","districtId":"baikonur","osmType":"way","osmId":926536372,"building":"yes","height":null,"levels":"1"}},{"type":"Feature","geometry":{"type":"Polygon","coordinates":[[[71.44728,51.18914],[71.447,51.18925],[71.44715,51.18941],[71.44736,51.18934],[71.44728,51.18924],[71.44734,51.18922],[71.44728,51.18914]]]},"properties":{"layer":"building","districtId":"baikonur","osmType":"way","osmId":1104676294,"building":"yes","height":null,"levels":null}},{"type":"Feature","geometry":{"type":"Polygon","coordinates":[[[71.44642,51.18862],[71.447,51.18925],[71.44728,51.18914],[71.4467,51.18852],[71.44642,51.18862]]]},"properties":{"layer":"building","districtId":"baikonur","osmType":"way","osmId":1104676295,"building":"yes","height":null,"levels":null}},{"type":"Feature","geometry":{"type":"Polygon","coordinates":[[[71.44855,51.18974],[71.44879,51.18977],[71.44897,51.18925],[71.44873,51.18922],[71.44855,51.18974]]]},"properties":{"layer":"building","districtId":"baikonur","osmType":"way","osmId":1104676296,"building":"yes","height":null,"levels":null}},{"type":"Feature","geometry":{"type":"Polygon","coordinates":[[[71.44567,51.19036],[71.44616,51.19045],[71.44637,51.19002],[71.44656,51.19006],[71.4466,51.18998],[71.44629,51.18992],[71.44607,51.19036],[71.44571,51.19029],[71.44567,51.19036]]]},"properties":{"layer":"building","districtId":"baikonur","osmType":"way","osmId":1104676297,"building":"yes","height":null,"levels":null}},{"type":"Feature","geometry":{"type":"Polygon","coordinates":[[[71.44671,51.18988],[71.44663,51.19004],[71.44709,51.19014],[71.44717,51.18998],[71.44671,51.18988]]]},"properties":{"layer":"building","districtId":"baikonur","osmType":"way","osmId":1104676298,"building":"yes","height":null,"levels":null}},{"type":"Feature","geometry":{"type":"Polygon","coordinates":[[[71.45458,51.18697],[71.4544,51.18676],[71.45387,51.18694],[71.45395,51.18703],[71.45326,51.18726],[71.45337,51.18738],[71.45458,51.18697]]]},"properties":{"layer":"building","districtId":"baikonur","osmType":"way","osmId":1104676300,"building":"yes","height":null,"levels":null}},{"type":"Feature","geometry":{"type":"Polygon","coordinates":[[[71.45572,51.18804],[71.45581,51.18812],[71.45573,51.18816],[71.45601,51.18841],[71.45622,51.18832],[71.45585,51.18798],[71.45572,51.18804]]]},"properties":{"layer":"building","districtId":"baikonur","osmType":"way","osmId":1104676302,"building":"yes","height":null,"levels":null}},{"type":"Feature","geometry":{"type":"Polygon","coordinates":[[[71.35432,51.15701],[71.35429,51.15694],[71.3542,51.15696],[71.35423,51.15703],[71.35432,51.15701]]]},"properties":{"layer":"building","districtId":"nura","osmType":"way","osmId":1104399716,"building":"yes","height":null,"levels":null}},{"type":"Feature","geometry":{"type":"Polygon","coordinates":[[[71.35449,51.15733],[71.35446,51.15727],[71.35437,51.15728],[71.3544,51.15735],[71.35449,51.15733]]]},"properties":{"layer":"building","districtId":"nura","osmType":"way","osmId":1104399717,"building":"yes","height":null,"levels":null}},{"type":"Feature","geometry":{"type":"Polygon","coordinates":[[[71.35441,51.15747],[71.35441,51.15755],[71.35451,51.15755],[71.35451,51.15747],[71.35441,51.15747]]]},"properties":{"layer":"building","districtId":"nura","osmType":"way","osmId":1104399718,"building":"yes","height":null,"levels":null}},{"type":"Feature","geometry":{"type":"Polygon","coordinates":[[[71.35408,51.15801],[71.35408,51.15808],[71.35417,51.15808],[71.35417,51.15801],[71.35408,51.15801]]]},"properties":{"layer":"building","districtId":"nura","osmType":"way","osmId":1104399719,"building":"yes","height":null,"levels":null}},{"type":"Feature","geometry":{"type":"Polygon","coordinates":[[[71.35405,51.15833],[71.35405,51.15841],[71.35415,51.15841],[71.35415,51.15833],[71.35405,51.15833]]]},"properties":{"layer":"building","districtId":"nura","osmType":"way","osmId":1104399720,"building":"yes","height":null,"levels":null}},{"type":"Feature","geometry":{"type":"Polygon","coordinates":[[[71.35486,51.15843],[71.35482,51.15849],[71.35492,51.15852],[71.35497,51.15846],[71.35486,51.15843]]]},"properties":{"layer":"building","districtId":"nura","osmType":"way","osmId":1104399935,"building":"yes","height":null,"levels":null}},{"type":"Feature","geometry":{"type":"Polygon","coordinates":[[[71.35522,51.15835],[71.35517,51.15841],[71.35527,51.15844],[71.35532,51.15838],[71.35522,51.15835]]]},"properties":{"layer":"building","districtId":"nura","osmType":"way","osmId":1104399936,"building":"yes","height":null,"levels":null}},{"type":"Feature","geometry":{"type":"Polygon","coordinates":[[[71.35439,51.15885],[71.35436,51.15879],[71.35429,51.15881],[71.35432,51.15886],[71.35439,51.15885]]]},"properties":{"layer":"building","districtId":"nura","osmType":"way","osmId":1104399939,"building":"yes","height":null,"levels":null}},{"type":"Feature","geometry":{"type":"Polygon","coordinates":[[[71.35449,51.15904],[71.35446,51.15898],[71.35438,51.159],[71.35442,51.15905],[71.35449,51.15904]]]},"properties":{"layer":"building","districtId":"nura","osmType":"way","osmId":1104399940,"building":"yes","height":null,"levels":null}},{"type":"Feature","geometry":{"type":"Polygon","coordinates":[[[71.35465,51.15931],[71.35462,51.15925],[71.35455,51.15927],[71.35458,51.15932],[71.35465,51.15931]]]},"properties":{"layer":"building","districtId":"nura","osmType":"way","osmId":1104399941,"building":"yes","height":null,"levels":null}},{"type":"Feature","geometry":{"type":"Polygon","coordinates":[[[71.35487,51.15967],[71.35484,51.15962],[71.35477,51.15964],[71.3548,51.15969],[71.35487,51.15967]]]},"properties":{"layer":"building","districtId":"nura","osmType":"way","osmId":1104399943,"building":"yes","height":null,"levels":null}},{"type":"Feature","geometry":{"type":"Polygon","coordinates":[[[71.35512,51.15975],[71.35509,51.15969],[71.35502,51.15971],[71.35505,51.15976],[71.35512,51.15975]]]},"properties":{"layer":"building","districtId":"nura","osmType":"way","osmId":1104399944,"building":"yes","height":null,"levels":null}},{"type":"Feature","geometry":{"type":"Polygon","coordinates":[[[71.3553,51.1594],[71.35527,51.15934],[71.3552,51.15936],[71.35523,51.15941],[71.3553,51.1594]]]},"properties":{"layer":"building","districtId":"nura","osmType":"way","osmId":1104399947,"building":"yes","height":null,"levels":null}},{"type":"Feature","geometry":{"type":"Polygon","coordinates":[[[71.35486,51.15869],[71.35483,51.15863],[71.35476,51.15865],[71.35479,51.1587],[71.35486,51.15869]]]},"properties":{"layer":"building","districtId":"nura","osmType":"way","osmId":1104399950,"building":"yes","height":null,"levels":null}},{"type":"Feature","geometry":{"type":"Polygon","coordinates":[[[71.35542,51.15916],[71.35538,51.15911],[71.35531,51.15912],[71.35534,51.15918],[71.35542,51.15916]]]},"properties":{"layer":"building","districtId":"nura","osmType":"way","osmId":1104399952,"building":"yes","height":null,"levels":null}},{"type":"Feature","geometry":{"type":"Polygon","coordinates":[[[71.35568,51.15954],[71.35565,51.15948],[71.35557,51.1595],[71.35561,51.15955],[71.35568,51.15954]]]},"properties":{"layer":"building","districtId":"nura","osmType":"way","osmId":1104399954,"building":"yes","height":null,"levels":null}},{"type":"Feature","geometry":{"type":"Polygon","coordinates":[[[71.35577,51.15969],[71.35573,51.15964],[71.35566,51.15965],[71.35569,51.15971],[71.35577,51.15969]]]},"properties":{"layer":"building","districtId":"nura","osmType":"way","osmId":1104399955,"building":"yes","height":null,"levels":null}},{"type":"Feature","geometry":{"type":"Polygon","coordinates":[[[71.35609,51.1602],[71.35606,51.16014],[71.35599,51.16016],[71.35602,51.16021],[71.35609,51.1602]]]},"properties":{"layer":"building","districtId":"nura","osmType":"way","osmId":1104399959,"building":"yes","height":null,"levels":null}},{"type":"Feature","geometry":{"type":"Polygon","coordinates":[[[71.35619,51.16034],[71.35616,51.16029],[71.35609,51.1603],[71.35612,51.16036],[71.35619,51.16034]]]},"properties":{"layer":"building","districtId":"nura","osmType":"way","osmId":1104399960,"building":"yes","height":null,"levels":null}},{"type":"Feature","geometry":{"type":"Polygon","coordinates":[[[71.35629,51.16049],[71.35625,51.16043],[71.35618,51.16045],[71.35621,51.1605],[71.35629,51.16049]]]},"properties":{"layer":"building","districtId":"nura","osmType":"way","osmId":1104399961,"building":"yes","height":null,"levels":null}},{"type":"Feature","geometry":{"type":"Polygon","coordinates":[[[71.35546,51.16025],[71.35543,51.1602],[71.35536,51.16021],[71.35539,51.16027],[71.35546,51.16025]]]},"properties":{"layer":"building","districtId":"nura","osmType":"way","osmId":1104399963,"building":"yes","height":null,"levels":null}},{"type":"Feature","geometry":{"type":"Polygon","coordinates":[[[71.35528,51.16047],[71.35525,51.16041],[71.35517,51.16043],[71.35521,51.16048],[71.35528,51.16047]]]},"properties":{"layer":"building","districtId":"nura","osmType":"way","osmId":1104399964,"building":"yes","height":null,"levels":null}},{"type":"Feature","geometry":{"type":"Polygon","coordinates":[[[71.35589,51.16077],[71.35585,51.1608],[71.35591,51.16083],[71.35595,51.1608],[71.35589,51.16077]]]},"properties":{"layer":"building","districtId":"nura","osmType":"way","osmId":1104399967,"building":"yes","height":null,"levels":null}},{"type":"Feature","geometry":{"type":"Polygon","coordinates":[[[71.35587,51.16113],[71.35582,51.16117],[71.35589,51.1612],[71.35594,51.16116],[71.35587,51.16113]]]},"properties":{"layer":"building","districtId":"nura","osmType":"way","osmId":1104399968,"building":"yes","height":null,"levels":null}},{"type":"Feature","geometry":{"type":"Polygon","coordinates":[[[71.35616,51.16088],[71.35611,51.16092],[71.35617,51.16095],[71.35622,51.16091],[71.35616,51.16088]]]},"properties":{"layer":"building","districtId":"nura","osmType":"way","osmId":1104399969,"building":"yes","height":null,"levels":null}},{"type":"Feature","geometry":{"type":"Polygon","coordinates":[[[71.35362,51.15981],[71.35363,51.15986],[71.35372,51.15986],[71.35371,51.15981],[71.35362,51.15981]]]},"properties":{"layer":"building","districtId":"nura","osmType":"way","osmId":1104399975,"building":"yes","height":null,"levels":null}},{"type":"Feature","geometry":{"type":"Polygon","coordinates":[[[71.35349,51.15911],[71.3535,51.15916],[71.35359,51.15916],[71.35358,51.15911],[71.35349,51.15911]]]},"properties":{"layer":"building","districtId":"nura","osmType":"way","osmId":1104399977,"building":"yes","height":null,"levels":null}},{"type":"Feature","geometry":{"type":"Polygon","coordinates":[[[71.35333,51.15863],[71.35334,51.15868],[71.35342,51.15867],[71.35341,51.15862],[71.35333,51.15863]]]},"properties":{"layer":"building","districtId":"nura","osmType":"way","osmId":1104399980,"building":"yes","height":null,"levels":null}},{"type":"Feature","geometry":{"type":"Polygon","coordinates":[[[71.35331,51.15847],[71.35332,51.15852],[71.35341,51.15852],[71.3534,51.15847],[71.35331,51.15847]]]},"properties":{"layer":"building","districtId":"nura","osmType":"way","osmId":1104399981,"building":"yes","height":null,"levels":null}},{"type":"Feature","geometry":{"type":"Polygon","coordinates":[[[71.35328,51.15806],[71.35329,51.15811],[71.35338,51.1581],[71.35337,51.15805],[71.35328,51.15806]]]},"properties":{"layer":"building","districtId":"nura","osmType":"way","osmId":1104399983,"building":"yes","height":null,"levels":null}},{"type":"Feature","geometry":{"type":"Polygon","coordinates":[[[71.35332,51.15949],[71.35333,51.15954],[71.35341,51.15953],[71.3534,51.15948],[71.35332,51.15949]]]},"properties":{"layer":"building","districtId":"nura","osmType":"way","osmId":1104399985,"building":"yes","height":null,"levels":null}},{"type":"Feature","geometry":{"type":"Polygon","coordinates":[[[71.35342,51.16004],[71.35343,51.16009],[71.35351,51.16008],[71.3535,51.16003],[71.35342,51.16004]]]},"properties":{"layer":"building","districtId":"nura","osmType":"way","osmId":1104399986,"building":"yes","height":null,"levels":null}},{"type":"Feature","geometry":{"type":"Polygon","coordinates":[[[71.35551,51.1617],[71.35557,51.16175],[71.35565,51.16171],[71.35559,51.16166],[71.35551,51.1617]]]},"properties":{"layer":"building","districtId":"nura","osmType":"way","osmId":1104399997,"building":"yes","height":null,"levels":null}},{"type":"Feature","geometry":{"type":"Polygon","coordinates":[[[71.35483,51.16116],[71.35489,51.16121],[71.35497,51.16118],[71.3549,51.16112],[71.35483,51.16116]]]},"properties":{"layer":"building","districtId":"nura","osmType":"way","osmId":1104400000,"building":"yes","height":null,"levels":null}},{"type":"Feature","geometry":{"type":"Polygon","coordinates":[[[71.35516,51.16145],[71.35522,51.1615],[71.3553,51.16147],[71.35524,51.16141],[71.35516,51.16145]]]},"properties":{"layer":"building","districtId":"nura","osmType":"way","osmId":1104400001,"building":"yes","height":null,"levels":null}},{"type":"Feature","geometry":{"type":"Polygon","coordinates":[[[71.35321,51.16105],[71.35327,51.16111],[71.35335,51.16107],[71.35328,51.16102],[71.35321,51.16105]]]},"properties":{"layer":"building","districtId":"nura","osmType":"way","osmId":1104400002,"building":"yes","height":null,"levels":null}},{"type":"Feature","geometry":{"type":"Polygon","coordinates":[[[71.35316,51.16082],[71.35322,51.16088],[71.35329,51.16084],[71.35323,51.16079],[71.35316,51.16082]]]},"properties":{"layer":"building","districtId":"nura","osmType":"way","osmId":1104400003,"building":"yes","height":null,"levels":null}},{"type":"Feature","geometry":{"type":"Polygon","coordinates":[[[71.3536,51.16047],[71.35366,51.16053],[71.35374,51.16049],[71.35368,51.16044],[71.3536,51.16047]]]},"properties":{"layer":"building","districtId":"nura","osmType":"way","osmId":1104400004,"building":"yes","height":null,"levels":null}},{"type":"Feature","geometry":{"type":"Polygon","coordinates":[[[71.35394,51.16069],[71.354,51.16075],[71.35407,51.16071],[71.35401,51.16066],[71.35394,51.16069]]]},"properties":{"layer":"building","districtId":"nura","osmType":"way","osmId":1104400006,"building":"yes","height":null,"levels":null}},{"type":"Feature","geometry":{"type":"Polygon","coordinates":[[[71.35405,51.16078],[71.35411,51.16083],[71.35419,51.1608],[71.35413,51.16074],[71.35405,51.16078]]]},"properties":{"layer":"building","districtId":"nura","osmType":"way","osmId":1104400007,"building":"yes","height":null,"levels":null}},{"type":"Feature","geometry":{"type":"Polygon","coordinates":[[[71.35436,51.16104],[71.35442,51.16109],[71.35449,51.16106],[71.35443,51.16101],[71.35436,51.16104]]]},"properties":{"layer":"building","districtId":"nura","osmType":"way","osmId":1104400008,"building":"yes","height":null,"levels":null}},{"type":"Feature","geometry":{"type":"Polygon","coordinates":[[[71.35485,51.16148],[71.35491,51.16153],[71.35499,51.1615],[71.35493,51.16144],[71.35485,51.16148]]]},"properties":{"layer":"building","districtId":"nura","osmType":"way","osmId":1104400010,"building":"yes","height":null,"levels":null}},{"type":"Feature","geometry":{"type":"Polygon","coordinates":[[[71.35528,51.16179],[71.35534,51.16184],[71.35541,51.16181],[71.35535,51.16176],[71.35528,51.16179]]]},"properties":{"layer":"building","districtId":"nura","osmType":"way","osmId":1104400012,"building":"yes","height":null,"levels":null}},{"type":"Feature","geometry":{"type":"Polygon","coordinates":[[[71.35156,51.16254],[71.35152,51.16261],[71.35162,51.16263],[71.35165,51.16256],[71.35156,51.16254]]]},"properties":{"layer":"building","districtId":"nura","osmType":"way","osmId":1104400025,"building":"yes","height":null,"levels":null}},{"type":"Feature","geometry":{"type":"Polygon","coordinates":[[[71.35165,51.16225],[71.35161,51.16232],[71.35171,51.16234],[71.35175,51.16227],[71.35165,51.16225]]]},"properties":{"layer":"building","districtId":"nura","osmType":"way","osmId":1104400027,"building":"yes","height":null,"levels":null}},{"type":"Feature","geometry":{"type":"Polygon","coordinates":[[[71.3517,51.162],[71.35166,51.16207],[71.35176,51.16209],[71.35179,51.16202],[71.3517,51.162]]]},"properties":{"layer":"building","districtId":"nura","osmType":"way","osmId":1104400028,"building":"yes","height":null,"levels":null}},{"type":"Feature","geometry":{"type":"Polygon","coordinates":[[[71.35235,51.16176],[71.35235,51.16183],[71.35246,51.16183],[71.35245,51.16176],[71.35235,51.16176]]]},"properties":{"layer":"building","districtId":"nura","osmType":"way","osmId":1104400031,"building":"yes","height":null,"levels":null}},{"type":"Feature","geometry":{"type":"Polygon","coordinates":[[[71.35255,51.16204],[71.35256,51.16211],[71.35266,51.16211],[71.35266,51.16203],[71.35255,51.16204]]]},"properties":{"layer":"building","districtId":"nura","osmType":"way","osmId":1104400034,"building":"yes","height":null,"levels":null}},{"type":"Feature","geometry":{"type":"Polygon","coordinates":[[[71.35255,51.16227],[71.35256,51.16234],[71.35266,51.16234],[71.35266,51.16227],[71.35255,51.16227]]]},"properties":{"layer":"building","districtId":"nura","osmType":"way","osmId":1104400035,"building":"yes","height":null,"levels":null}},{"type":"Feature","geometry":{"type":"Polygon","coordinates":[[[71.35337,51.1616],[71.35338,51.16167],[71.35348,51.16166],[71.35348,51.16159],[71.35337,51.1616]]]},"properties":{"layer":"building","districtId":"nura","osmType":"way","osmId":1104400036,"building":"yes","height":null,"levels":null}},{"type":"Feature","geometry":{"type":"Polygon","coordinates":[[[71.35364,51.16265],[71.35365,51.16272],[71.35375,51.16272],[71.35375,51.16265],[71.35364,51.16265]]]},"properties":{"layer":"building","districtId":"nura","osmType":"way","osmId":1104400037,"building":"yes","height":null,"levels":null}},{"type":"Feature","geometry":{"type":"Polygon","coordinates":[[[71.35338,51.1622],[71.35338,51.16227],[71.35349,51.16227],[71.35348,51.1622],[71.35338,51.1622]]]},"properties":{"layer":"building","districtId":"nura","osmType":"way","osmId":1104400039,"building":"yes","height":null,"levels":null}},{"type":"Feature","geometry":{"type":"Polygon","coordinates":[[[71.35336,51.16202],[71.35336,51.16209],[71.35347,51.16209],[71.35347,51.16202],[71.35336,51.16202]]]},"properties":{"layer":"building","districtId":"nura","osmType":"way","osmId":1104400040,"building":"yes","height":null,"levels":null}},{"type":"Feature","geometry":{"type":"Polygon","coordinates":[[[71.3548,51.16263],[71.35492,51.1626],[71.35486,51.16252],[71.35475,51.16256],[71.3548,51.16263]]]},"properties":{"layer":"building","districtId":"nura","osmType":"way","osmId":1104400042,"building":"yes","height":null,"levels":null}},{"type":"Feature","geometry":{"type":"Polygon","coordinates":[[[71.35487,51.16235],[71.35498,51.16232],[71.35493,51.16224],[71.35481,51.16228],[71.35487,51.16235]]]},"properties":{"layer":"building","districtId":"nura","osmType":"way","osmId":1104400043,"building":"yes","height":null,"levels":null}},{"type":"Feature","geometry":{"type":"Polygon","coordinates":[[[71.35412,51.16304],[71.35423,51.16301],[71.35417,51.16294],[71.35406,51.16297],[71.35412,51.16304]]]},"properties":{"layer":"building","districtId":"nura","osmType":"way","osmId":1104400055,"building":"yes","height":null,"levels":null}},{"type":"Feature","geometry":{"type":"Polygon","coordinates":[[[71.35262,51.15602],[71.35204,51.15612],[71.35224,51.15659],[71.35224,51.15665],[71.35226,51.15664],[71.3523,51.15673],[71.35247,51.1567],[71.35226,51.1562],[71.35267,51.15613],[71.35262,51.15602]]]},"properties":{"layer":"building","districtId":"nura","osmType":"way","osmId":1547184707,"building":"construction","height":null,"levels":null}},{"type":"Feature","geometry":{"type":"Polygon","coordinates":[[[71.51535,51.14967],[71.51517,51.14974],[71.5152,51.1498],[71.51517,51.14982],[71.51521,51.14986],[71.5153,51.14982],[71.51529,51.1498],[71.51543,51.14975],[71.51535,51.14967]]]},"properties":{"layer":"building","districtId":"almaty","osmType":"way","osmId":241464744,"building":"yes","height":null,"levels":null}},{"type":"Feature","geometry":{"type":"Polygon","coordinates":[[[71.51461,51.14929],[71.51436,51.14938],[71.51451,51.14954],[71.51498,51.14937],[71.51487,51.14925],[71.5147,51.14931],[71.51477,51.14938],[71.51455,51.14946],[71.51449,51.1494],[71.51466,51.14934],[71.51461,51.14929]]]},"properties":{"layer":"building","districtId":"almaty","osmType":"way","osmId":241464771,"building":"yes","height":null,"levels":null}},{"type":"Feature","geometry":{"type":"Polygon","coordinates":[[[71.52386,51.14734],[71.52398,51.14747],[71.5244,51.14731],[71.52428,51.14718],[71.5242,51.1472],[71.52412,51.14725],[71.52414,51.14727],[71.52386,51.14734]]]},"properties":{"layer":"building","districtId":"almaty","osmType":"way","osmId":241464772,"building":"yes","height":null,"levels":null}},{"type":"Feature","geometry":{"type":"Polygon","coordinates":[[[71.51749,51.14872],[71.51772,51.14896],[71.51781,51.14893],[71.51785,51.14897],[71.51803,51.14891],[71.51798,51.14885],[71.5181,51.1488],[71.51789,51.14857],[71.51749,51.14872]]]},"properties":{"layer":"building","districtId":"almaty","osmType":"way","osmId":241464779,"building":"yes","height":null,"levels":null}},{"type":"Feature","geometry":{"type":"Polygon","coordinates":[[[71.52118,51.14678],[71.52086,51.14691],[71.5209,51.14694],[71.52098,51.14691],[71.52106,51.147],[71.52106,51.14704],[71.52127,51.14698],[71.52115,51.14686],[71.52122,51.14683],[71.52118,51.14678]]]},"properties":{"layer":"building","districtId":"almaty","osmType":"way","osmId":241464783,"building":"yes","height":null,"levels":null}},{"type":"Feature","geometry":{"type":"Polygon","coordinates":[[[71.51555,51.14919],[71.51571,51.14912],[71.51569,51.14909],[71.51572,51.14908],[71.51566,51.14902],[71.51563,51.14904],[71.51558,51.14899],[71.51547,51.14904],[71.51545,51.14901],[71.51536,51.14905],[71.51544,51.14913],[71.51548,51.14911],[71.51555,51.14919]]]},"properties":{"layer":"building","districtId":"almaty","osmType":"way","osmId":241464795,"building":"yes","height":null,"levels":null}},{"type":"Feature","geometry":{"type":"Polygon","coordinates":[[[71.51479,51.14837],[71.51493,51.14832],[71.5149,51.14827],[71.51486,51.14828],[71.51481,51.14823],[71.51476,51.14823],[71.51468,51.14825],[71.5147,51.14827],[71.51464,51.14829],[71.51471,51.14836],[71.51476,51.14834],[71.51479,51.14837]]]},"properties":{"layer":"building","districtId":"almaty","osmType":"way","osmId":241464805,"building":"yes","height":null,"levels":null}},{"type":"Feature","geometry":{"type":"Polygon","coordinates":[[[71.52611,51.14997],[71.5259,51.15004],[71.52596,51.1501],[71.52599,51.15009],[71.52601,51.15015],[71.52604,51.15013],[71.52606,51.15015],[71.52603,51.15016],[71.52606,51.1502],[71.52625,51.15013],[71.52623,51.15006],[71.5262,51.15007],[71.52611,51.14997]]]},"properties":{"layer":"building","districtId":"almaty","osmType":"way","osmId":241464824,"building":"yes","height":null,"levels":null}},{"type":"Feature","geometry":{"type":"Polygon","coordinates":[[[71.51825,51.15152],[71.51833,51.15152],[71.51839,51.15163],[71.51868,51.15157],[71.51872,51.15164],[71.51894,51.15159],[71.51908,51.15163],[71.51914,51.15159],[71.51912,51.15154],[71.51952,51.15132],[71.51947,51.15129],[71.51964,51.15125],[71.51954,51.15106],[71.51945,51.15108],[71.51932,51.15103],[71.51923,51.15113],[71.51907,51.15117],[71.51907,51.15123],[71.51903,51.15124],[71.51889,51.15119],[71.5188,51.15128],[71.51866,51.15132],[71.51866,51.15137],[71.51861,51.15138],[71.51847,51.15134],[71.51839,51.15143],[71.51825,51.15146],[71.51825,51.15152]]]},"properties":{"layer":"building","districtId":"almaty","osmType":"way","osmId":241464834,"building":"yes","height":null,"levels":null}},{"type":"Feature","geometry":{"type":"Polygon","coordinates":[[[71.51704,51.1504],[71.51709,51.15048],[71.51713,51.15048],[71.51719,51.15054],[71.51734,51.15048],[71.51739,51.15052],[71.51747,51.15049],[71.51752,51.15054],[71.51759,51.1505],[71.51763,51.15055],[71.51772,51.15052],[71.51793,51.15055],[71.51795,51.15044],[71.51805,51.15039],[71.518,51.15036],[71.51808,51.15032],[71.51806,51.15028],[71.51811,51.15024],[71.51808,51.15019],[71.51823,51.15014],[71.51817,51.15007],[71.51818,51.15004],[71.51814,51.15005],[71.51808,51.14999],[71.51795,51.15004],[71.51754,51.15],[71.51751,51.14997],[71.51759,51.14993],[71.5175,51.14985],[71.5171,51.15],[71.51718,51.1501],[71.51725,51.15007],[71.51728,51.1501],[71.5172,51.15035],[71.51704,51.1504]]]},"properties":{"layer":"building","districtId":"almaty","osmType":"way","osmId":241464835,"building":"school","height":null,"levels":null}},{"type":"Feature","geometry":{"type":"Polygon","coordinates":[[[71.51419,51.14875],[71.51429,51.14886],[71.51446,51.1488],[71.51436,51.14869],[71.51419,51.14875]]]},"properties":{"layer":"building","districtId":"almaty","osmType":"way","osmId":241464868,"building":"yes","height":null,"levels":null}},{"type":"Feature","geometry":{"type":"Polygon","coordinates":[[[71.52281,51.14668],[71.52261,51.14677],[71.52278,51.14693],[71.52298,51.14685],[71.52281,51.14668]]]},"properties":{"layer":"building","districtId":"almaty","osmType":"way","osmId":241464901,"building":"yes","height":null,"levels":null}},{"type":"Feature","geometry":{"type":"Polygon","coordinates":[[[71.52549,51.14879],[71.52559,51.14889],[71.52582,51.1488],[71.52572,51.1487],[71.52549,51.14879]]]},"properties":{"layer":"building","districtId":"almaty","osmType":"way","osmId":241464933,"building":"yes","height":null,"levels":null}},{"type":"Feature","geometry":{"type":"Polygon","coordinates":[[[71.52444,51.14765],[71.52454,51.14774],[71.52474,51.14767],[71.52464,51.14757],[71.52444,51.14765]]]},"properties":{"layer":"building","districtId":"almaty","osmType":"way","osmId":241464935,"building":"yes","height":null,"levels":null}},{"type":"Feature","geometry":{"type":"Polygon","coordinates":[[[71.51573,51.1494],[71.5159,51.14933],[71.51584,51.14926],[71.51581,51.14928],[71.51573,51.14919],[71.51559,51.14924],[71.51573,51.1494]]]},"properties":{"layer":"building","districtId":"almaty","osmType":"way","osmId":241464940,"building":"yes","height":null,"levels":null}},{"type":"Feature","geometry":{"type":"Polygon","coordinates":[[[71.52189,51.14681],[71.522,51.14691],[71.52214,51.14686],[71.52203,51.14675],[71.52189,51.14681]]]},"properties":{"layer":"building","districtId":"almaty","osmType":"way","osmId":241464949,"building":"yes","height":null,"levels":null}},{"type":"Feature","geometry":{"type":"Polygon","coordinates":[[[71.52158,51.14747],[71.52145,51.14752],[71.5215,51.14756],[71.52162,51.14751],[71.52158,51.14747]]]},"properties":{"layer":"building","districtId":"almaty","osmType":"way","osmId":241464957,"building":"yes","height":null,"levels":null}},{"type":"Feature","geometry":{"type":"Polygon","coordinates":[[[71.52207,51.14706],[71.52217,51.14715],[71.52234,51.14708],[71.52224,51.14699],[71.52207,51.14706]]]},"properties":{"layer":"building","districtId":"almaty","osmType":"way","osmId":241464965,"building":"yes","height":null,"levels":null}},{"type":"Feature","geometry":{"type":"Polygon","coordinates":[[[71.5203,51.14601],[71.52016,51.14607],[71.52026,51.14617],[71.52042,51.1461],[71.5203,51.14601]]]},"properties":{"layer":"building","districtId":"almaty","osmType":"way","osmId":241464988,"building":"yes","height":null,"levels":null}},{"type":"Feature","geometry":{"type":"Polygon","coordinates":[[[71.52068,51.1465],[71.5206,51.14654],[71.52072,51.14665],[71.52085,51.1466],[71.52075,51.1465],[71.5207,51.14652],[71.52068,51.1465]]]},"properties":{"layer":"building","districtId":"almaty","osmType":"way","osmId":241465000,"building":"yes","height":null,"levels":null}},{"type":"Feature","geometry":{"type":"Polygon","coordinates":[[[71.52632,51.15017],[71.52621,51.15021],[71.52625,51.15025],[71.52619,51.15027],[71.52625,51.15034],[71.52642,51.15028],[71.52632,51.15017]]]},"properties":{"layer":"building","districtId":"almaty","osmType":"way","osmId":241465003,"building":"yes","height":null,"levels":null}},{"type":"Feature","geometry":{"type":"Polygon","coordinates":[[[71.51529,51.14902],[71.51549,51.14894],[71.51539,51.14883],[71.51523,51.14889],[71.51526,51.14893],[71.51522,51.14894],[71.51529,51.14902]]]},"properties":{"layer":"building","districtId":"almaty","osmType":"way","osmId":241465015,"building":"yes","height":null,"levels":null}},{"type":"Feature","geometry":{"type":"Polygon","coordinates":[[[71.52052,51.14629],[71.52038,51.14635],[71.52047,51.14643],[71.5205,51.14642],[71.52054,51.14646],[71.52066,51.14641],[71.52052,51.14629]]]},"properties":{"layer":"building","districtId":"almaty","osmType":"way","osmId":241465031,"building":"yes","height":null,"levels":null}},{"type":"Feature","geometry":{"type":"Polygon","coordinates":[[[71.52508,51.14892],[71.52496,51.14897],[71.52504,51.14906],[71.5252,51.149],[71.52518,51.14898],[71.52515,51.14899],[71.52508,51.14892]]]},"properties":{"layer":"building","districtId":"almaty","osmType":"way","osmId":241465037,"building":"yes","height":null,"levels":null}},{"type":"Feature","geometry":{"type":"Polygon","coordinates":[[[71.5214,51.14632],[71.52142,51.14635],[71.52163,51.14628],[71.52152,51.14616],[71.52134,51.14622],[71.52142,51.14631],[71.5214,51.14632]]]},"properties":{"layer":"building","districtId":"almaty","osmType":"way","osmId":241465041,"building":"yes","height":null,"levels":null}},{"type":"Feature","geometry":{"type":"Polygon","coordinates":[[[71.52233,51.14615],[71.52212,51.14623],[71.52217,51.14628],[71.52222,51.14626],[71.52227,51.14631],[71.52244,51.14625],[71.52233,51.14615]]]},"properties":{"layer":"building","districtId":"almaty","osmType":"way","osmId":241465047,"building":"yes","height":null,"levels":null}},{"type":"Feature","geometry":{"type":"Polygon","coordinates":[[[71.52175,51.14662],[71.52184,51.14671],[71.52201,51.14664],[71.52198,51.14661],[71.52201,51.1466],[71.52197,51.14656],[71.52192,51.14656],[71.52175,51.14662]]]},"properties":{"layer":"building","districtId":"almaty","osmType":"way","osmId":241465055,"building":"yes","height":null,"levels":null}},{"type":"Feature","geometry":{"type":"Polygon","coordinates":[[[71.52438,51.14813],[71.52422,51.14822],[71.52432,51.14832],[71.5244,51.14829],[71.52442,51.14831],[71.52451,51.14827],[71.52438,51.14813]]]},"properties":{"layer":"building","districtId":"almaty","osmType":"way","osmId":241465061,"building":"yes","height":null,"levels":null}},{"type":"Feature","geometry":{"type":"Polygon","coordinates":[[[71.52121,51.14704],[71.52114,51.14707],[71.52118,51.14711],[71.52113,51.14713],[71.52122,51.14722],[71.52142,51.14714],[71.52132,51.14703],[71.52123,51.14707],[71.52121,51.14704]]]},"properties":{"layer":"building","districtId":"almaty","osmType":"way","osmId":241465063,"building":"yes","height":null,"levels":null}},{"type":"Feature","geometry":{"type":"Polygon","coordinates":[[[71.5147,51.14905],[71.51454,51.14911],[71.5146,51.14918],[71.51427,51.1493],[71.51432,51.14935],[71.51484,51.14916],[71.5147,51.14905]]]},"properties":{"layer":"building","districtId":"almaty","osmType":"way","osmId":241465083,"building":"yes","height":null,"levels":null}},{"type":"Feature","geometry":{"type":"Polygon","coordinates":[[[71.52424,51.14747],[71.52435,51.14758],[71.52452,51.1475],[71.52442,51.1474],[71.52436,51.14743],[71.52434,51.14741],[71.52424,51.14747]]]},"properties":{"layer":"building","districtId":"almaty","osmType":"way","osmId":241465093,"building":"yes","height":null,"levels":null}},{"type":"Feature","geometry":{"type":"Polygon","coordinates":[[[71.52481,51.14779],[71.52454,51.14789],[71.52453,51.14787],[71.52456,51.14786],[71.52451,51.14782],[71.52438,51.14786],[71.52454,51.14803],[71.5249,51.14789],[71.52481,51.14779]]]},"properties":{"layer":"building","districtId":"almaty","osmType":"way","osmId":241465105,"building":"yes","height":null,"levels":null}},{"type":"Feature","geometry":{"type":"Polygon","coordinates":[[[71.52141,51.14645],[71.52144,51.14648],[71.5214,51.14649],[71.52152,51.14662],[71.52169,51.14655],[71.52156,51.14642],[71.52141,51.14645]]]},"properties":{"layer":"building","districtId":"almaty","osmType":"way","osmId":241465106,"building":"yes","height":null,"levels":null}},{"type":"Feature","geometry":{"type":"Polygon","coordinates":[[[71.52252,51.14632],[71.52234,51.14638],[71.52244,51.1465],[71.52248,51.14649],[71.5225,51.14651],[71.52271,51.14644],[71.52268,51.1464],[71.52261,51.14642],[71.52252,51.14632]]]},"properties":{"layer":"building","districtId":"almaty","osmType":"way","osmId":241465122,"building":"yes","height":null,"levels":null}},{"type":"Feature","geometry":{"type":"Polygon","coordinates":[[[71.5235,51.14749],[71.52359,51.14758],[71.5238,51.1475],[71.52371,51.14742],[71.52365,51.14744],[71.52362,51.14742],[71.5235,51.14749]]]},"properties":{"layer":"building","districtId":"almaty","osmType":"way","osmId":241465128,"building":"yes","height":null,"levels":null}},{"type":"Feature","geometry":{"type":"Polygon","coordinates":[[[71.51491,51.14949],[71.51494,51.14952],[71.51491,51.14953],[71.51495,51.14957],[71.51497,51.14956],[71.515,51.14959],[71.51516,51.14953],[71.51507,51.14943],[71.51491,51.14949]]]},"properties":{"layer":"building","districtId":"almaty","osmType":"way","osmId":241465141,"building":"yes","height":null,"levels":null}},{"type":"Feature","geometry":{"type":"Polygon","coordinates":[[[71.51483,51.14862],[71.51497,51.14858],[71.51494,51.14854],[71.51509,51.14849],[71.515,51.14839],[71.51486,51.14843],[71.51493,51.14851],[71.51477,51.14856],[71.51483,51.14862]]]},"properties":{"layer":"building","districtId":"almaty","osmType":"way","osmId":241465145,"building":"yes","height":null,"levels":null}},{"type":"Feature","geometry":{"type":"Polygon","coordinates":[[[71.52501,51.14875],[71.52475,51.14885],[71.5248,51.1489],[71.52485,51.14889],[71.52493,51.14896],[71.52512,51.14889],[71.52501,51.14875]]]},"properties":{"layer":"building","districtId":"almaty","osmType":"way","osmId":241465154,"building":"yes","height":null,"levels":null}},{"type":"Feature","geometry":{"type":"Polygon","coordinates":[[[71.52349,51.14929],[71.52358,51.14939],[71.52341,51.14945],[71.52332,51.14935],[71.52349,51.14929]]]},"properties":{"layer":"building","districtId":"almaty","osmType":"way","osmId":243439949,"building":"yes","height":null,"levels":null}},{"type":"Feature","geometry":{"type":"Polygon","coordinates":[[[71.52255,51.1491],[71.52263,51.1492],[71.52247,51.14926],[71.52238,51.14916],[71.52255,51.1491]]]},"properties":{"layer":"building","districtId":"almaty","osmType":"way","osmId":243439954,"building":"yes","height":null,"levels":null}},{"type":"Feature","geometry":{"type":"Polygon","coordinates":[[[71.52103,51.14859],[71.52112,51.14869],[71.52096,51.14875],[71.52087,51.14865],[71.52103,51.14859]]]},"properties":{"layer":"building","districtId":"almaty","osmType":"way","osmId":243439959,"building":"yes","height":null,"levels":null}},{"type":"Feature","geometry":{"type":"Polygon","coordinates":[[[71.5203,51.14866],[71.5204,51.14878],[71.52021,51.14885],[71.52011,51.14873],[71.5203,51.14866]]]},"properties":{"layer":"building","districtId":"almaty","osmType":"way","osmId":243439969,"building":"yes","height":null,"levels":null}},{"type":"Feature","geometry":{"type":"Polygon","coordinates":[[[71.52508,51.15169],[71.52517,51.15179],[71.52501,51.15185],[71.52492,51.15175],[71.52508,51.15169]]]},"properties":{"layer":"building","districtId":"almaty","osmType":"way","osmId":243439974,"building":"yes","height":null,"levels":null}},{"type":"Feature","geometry":{"type":"Polygon","coordinates":[[[71.52035,51.14765],[71.52054,51.14782],[71.51999,51.14805],[71.5198,51.14788],[71.52035,51.14765]]]},"properties":{"layer":"building","districtId":"almaty","osmType":"way","osmId":243439975,"building":"yes","height":null,"levels":null}},{"type":"Feature","geometry":{"type":"Polygon","coordinates":[[[71.52006,51.15048],[71.52015,51.15057],[71.51999,51.15063],[71.5199,51.15054],[71.52006,51.15048]]]},"properties":{"layer":"building","districtId":"almaty","osmType":"way","osmId":243439981,"building":"yes","height":null,"levels":null}},{"type":"Feature","geometry":{"type":"Polygon","coordinates":[[[71.51447,51.14988],[71.5146,51.15003],[71.51438,51.15011],[71.51424,51.14996],[71.51447,51.14988]]]},"properties":{"layer":"building","districtId":"almaty","osmType":"way","osmId":243439985,"building":"yes","height":null,"levels":null}},{"type":"Feature","geometry":{"type":"Polygon","coordinates":[[[71.52158,51.1512],[71.52167,51.15129],[71.52151,51.15135],[71.52142,51.15125],[71.52158,51.1512]]]},"properties":{"layer":"building","districtId":"almaty","osmType":"way","osmId":243439986,"building":"yes","height":null,"levels":null}},{"type":"Feature","geometry":{"type":"Polygon","coordinates":[[[71.51988,51.14935],[71.51997,51.14944],[71.51969,51.14954],[71.5196,51.14944],[71.51988,51.14935]]]},"properties":{"layer":"building","districtId":"almaty","osmType":"way","osmId":243439988,"building":"yes","height":null,"levels":null}},{"type":"Feature","geometry":{"type":"Polygon","coordinates":[[[71.51583,51.14804],[71.51597,51.14819],[71.51581,51.14825],[71.51569,51.14812],[71.51578,51.14809],[71.51576,51.14807],[71.51583,51.14804]]]},"properties":{"layer":"building","districtId":"almaty","osmType":"way","osmId":243439997,"building":"yes","height":null,"levels":null}},{"type":"Feature","geometry":{"type":"Polygon","coordinates":[[[71.52368,51.14843],[71.52377,51.14853],[71.52361,51.14859],[71.52352,51.14849],[71.52368,51.14843]]]},"properties":{"layer":"building","districtId":"almaty","osmType":"way","osmId":243440016,"building":"yes","height":null,"levels":null}},{"type":"Feature","geometry":{"type":"Polygon","coordinates":[[[71.52486,51.14954],[71.52495,51.14964],[71.52479,51.1497],[71.5247,51.1496],[71.52486,51.14954]]]},"properties":{"layer":"building","districtId":"almaty","osmType":"way","osmId":243440021,"building":"yes","height":null,"levels":null}},{"type":"Feature","geometry":{"type":"Polygon","coordinates":[[[71.52215,51.15061],[71.52224,51.15071],[71.52208,51.15077],[71.52199,51.15067],[71.52215,51.15061]]]},"properties":{"layer":"building","districtId":"almaty","osmType":"way","osmId":243440024,"building":"yes","height":null,"levels":null}},{"type":"Feature","geometry":{"type":"Polygon","coordinates":[[[71.51867,51.15358],[71.51875,51.15367],[71.51859,51.15373],[71.5185,51.15364],[71.51867,51.15358]]]},"properties":{"layer":"building","districtId":"almaty","osmType":"way","osmId":243440025,"building":"yes","height":null,"levels":null}},{"type":"Feature","geometry":{"type":"Polygon","coordinates":[[[71.52082,51.15233],[71.52091,51.15243],[71.52075,51.15249],[71.52066,51.15239],[71.52082,51.15233]]]},"properties":{"layer":"building","districtId":"almaty","osmType":"way","osmId":243440031,"building":"yes","height":null,"levels":null}},{"type":"Feature","geometry":{"type":"Polygon","coordinates":[[[71.51924,51.15275],[71.51933,51.15284],[71.51917,51.1529],[71.51908,51.15281],[71.51924,51.15275]]]},"properties":{"layer":"building","districtId":"almaty","osmType":"way","osmId":243440038,"building":"yes","height":null,"levels":null}},{"type":"Feature","geometry":{"type":"Polygon","coordinates":[[[71.52224,51.14782],[71.52229,51.14787],[71.52215,51.14793],[71.52226,51.14804],[71.52209,51.1481],[71.52193,51.14793],[71.52224,51.14782]]]},"properties":{"layer":"building","districtId":"almaty","osmType":"way","osmId":243440043,"building":"yes","height":null,"levels":null}},{"type":"Feature","geometry":{"type":"Polygon","coordinates":[[[71.51854,51.1462],[71.51863,51.1463],[71.51846,51.14636],[71.51837,51.14626],[71.51854,51.1462]]]},"properties":{"layer":"building","districtId":"almaty","osmType":"way","osmId":243440046,"building":"yes","height":null,"levels":null}},{"type":"Feature","geometry":{"type":"Polygon","coordinates":[[[71.52197,51.14959],[71.52206,51.14969],[71.5219,51.14975],[71.52181,51.14965],[71.52197,51.14959]]]},"properties":{"layer":"building","districtId":"almaty","osmType":"way","osmId":243440047,"building":"yes","height":null,"levels":null}},{"type":"Feature","geometry":{"type":"Polygon","coordinates":[[[71.51968,51.15197],[71.51983,51.15214],[71.51973,51.15218],[71.51967,51.1522],[71.51951,51.15203],[71.51968,51.15197]]]},"properties":{"layer":"building","districtId":"almaty","osmType":"way","osmId":243440049,"building":"yes","height":null,"levels":null}},{"type":"Feature","geometry":{"type":"Polygon","coordinates":[[[71.52037,51.14688],[71.52046,51.14697],[71.5203,51.14703],[71.52021,51.14694],[71.52037,51.14688]]]},"properties":{"layer":"building","districtId":"almaty","osmType":"way","osmId":243440051,"building":"yes","height":null,"levels":null}},{"type":"Feature","geometry":{"type":"Polygon","coordinates":[[[71.51652,51.15212],[71.51661,51.15222],[71.51645,51.15228],[71.51636,51.15218],[71.51652,51.15212]]]},"properties":{"layer":"building","districtId":"almaty","osmType":"way","osmId":243440053,"building":"yes","height":null,"levels":null}},{"type":"Feature","geometry":{"type":"Polygon","coordinates":[[[71.51631,51.15279],[71.5164,51.15288],[71.51624,51.15294],[71.51615,51.15285],[71.51631,51.15279]]]},"properties":{"layer":"building","districtId":"almaty","osmType":"way","osmId":243440063,"building":"yes","height":null,"levels":null}},{"type":"Feature","geometry":{"type":"Polygon","coordinates":[[[71.52046,51.14882],[71.52055,51.14891],[71.5203,51.149],[71.52021,51.14891],[71.52046,51.14882]]]},"properties":{"layer":"building","districtId":"almaty","osmType":"way","osmId":243440064,"building":"yes","height":null,"levels":null}},{"type":"Feature","geometry":{"type":"Polygon","coordinates":[[[71.51534,51.15082],[71.51543,51.15091],[71.51521,51.15099],[71.51512,51.1509],[71.51534,51.15082]]]},"properties":{"layer":"building","districtId":"almaty","osmType":"way","osmId":243440076,"building":"yes","height":null,"levels":null}},{"type":"Feature","geometry":{"type":"Polygon","coordinates":[[[71.52557,51.15027],[71.52566,51.15036],[71.52554,51.15041],[71.52545,51.15031],[71.52557,51.15027]]]},"properties":{"layer":"building","districtId":"almaty","osmType":"way","osmId":243440077,"building":"yes","height":null,"levels":null}},{"type":"Feature","geometry":{"type":"Polygon","coordinates":[[[71.52185,51.15229],[71.52194,51.15239],[71.52178,51.15245],[71.52169,51.15235],[71.52185,51.15229]]]},"properties":{"layer":"building","districtId":"almaty","osmType":"way","osmId":243440078,"building":"yes","height":null,"levels":null}},{"type":"Feature","geometry":{"type":"Polygon","coordinates":[[[71.5147,51.1511],[71.51475,51.15115],[71.51481,51.15113],[71.51488,51.1512],[71.51482,51.15123],[71.51485,51.15126],[71.51469,51.15132],[71.51454,51.15116],[71.5147,51.1511]]]},"properties":{"layer":"building","districtId":"almaty","osmType":"way","osmId":243440084,"building":"yes","height":null,"levels":null}},{"type":"Feature","geometry":{"type":"Polygon","coordinates":[[[71.51378,51.15012],[71.51387,51.15022],[71.51371,51.15027],[71.51362,51.15018],[71.51378,51.15012]]]},"properties":{"layer":"building","districtId":"almaty","osmType":"way","osmId":243440089,"building":"yes","height":null,"levels":null}},{"type":"Feature","geometry":{"type":"Polygon","coordinates":[[[71.51733,51.14685],[71.51743,51.14695],[71.51759,51.1469],[71.51766,51.14698],[71.51735,51.14709],[71.51719,51.1469],[71.51733,51.14685]]]},"properties":{"layer":"building","districtId":"almaty","osmType":"way","osmId":243440092,"building":"yes","height":null,"levels":null}},{"type":"Feature","geometry":{"type":"Polygon","coordinates":[[[71.51425,51.1497],[71.51433,51.14979],[71.51443,51.14975],[71.51451,51.14983],[71.51429,51.14991],[71.51425,51.14987],[71.51417,51.1499],[71.51406,51.14977],[71.51425,51.1497]]]},"properties":{"layer":"building","districtId":"almaty","osmType":"way","osmId":243440097,"building":"yes","height":null,"levels":null}},{"type":"Feature","geometry":{"type":"Polygon","coordinates":[[[71.52033,51.15274],[71.52042,51.15285],[71.52,51.153],[71.5199,51.15289],[71.52033,51.15274]]]},"properties":{"layer":"building","districtId":"almaty","osmType":"way","osmId":243440100,"building":"yes","height":null,"levels":null}},{"type":"Feature","geometry":{"type":"Polygon","coordinates":[[[71.52187,51.14827],[71.52196,51.14837],[71.52172,51.14845],[71.52163,51.14836],[71.52187,51.14827]]]},"properties":{"layer":"building","districtId":"almaty","osmType":"way","osmId":243440102,"building":"yes","height":null,"levels":null}},{"type":"Feature","geometry":{"type":"Polygon","coordinates":[[[71.518,51.15336],[71.51815,51.15352],[71.51799,51.15358],[71.51784,51.15341],[71.518,51.15336]]]},"properties":{"layer":"building","districtId":"almaty","osmType":"way","osmId":243440103,"building":"yes","height":null,"levels":null}},{"type":"Feature","geometry":{"type":"Polygon","coordinates":[[[71.52116,51.15161],[71.52125,51.1517],[71.52109,51.15176],[71.521,51.15166],[71.52116,51.15161]]]},"properties":{"layer":"building","districtId":"almaty","osmType":"way","osmId":243440110,"building":"yes","height":null,"levels":null}},{"type":"Feature","geometry":{"type":"Polygon","coordinates":[[[71.52102,51.15249],[71.52111,51.15259],[71.52105,51.15261],[71.52088,51.15267],[71.5208,51.15257],[71.52102,51.15249]]]},"properties":{"layer":"building","districtId":"almaty","osmType":"way","osmId":243440120,"building":"yes","height":null,"levels":null}},{"type":"Feature","geometry":{"type":"Polygon","coordinates":[[[71.51577,51.1469],[71.51586,51.14699],[71.5157,51.14705],[71.51561,51.14696],[71.51577,51.1469]]]},"properties":{"layer":"building","districtId":"almaty","osmType":"way","osmId":243440122,"building":"yes","height":null,"levels":null}},{"type":"Feature","geometry":{"type":"Polygon","coordinates":[[[71.52569,51.15044],[71.52573,51.15048],[71.52577,51.15046],[71.52584,51.15055],[71.52564,51.15062],[71.52552,51.1505],[71.52569,51.15044]]]},"properties":{"layer":"building","districtId":"almaty","osmType":"way","osmId":243440129,"building":"yes","height":null,"levels":null}},{"type":"Feature","geometry":{"type":"Polygon","coordinates":[[[71.5171,51.15243],[71.51724,51.15257],[71.51687,51.15272],[71.51673,51.15258],[71.5171,51.15243]]]},"properties":{"layer":"building","districtId":"almaty","osmType":"way","osmId":243440138,"building":"yes","height":null,"levels":null}},{"type":"Feature","geometry":{"type":"Polygon","coordinates":[[[71.51697,51.15311],[71.51705,51.1532],[71.51689,51.15326],[71.5168,51.15317],[71.51697,51.15311]]]},"properties":{"layer":"building","districtId":"almaty","osmType":"way","osmId":243440139,"building":"yes","height":null,"levels":null}},{"type":"Feature","geometry":{"type":"Polygon","coordinates":[[[71.5176,51.15208],[71.51769,51.15218],[71.51752,51.15223],[71.51743,51.15214],[71.5176,51.15208]]]},"properties":{"layer":"building","districtId":"almaty","osmType":"way","osmId":243440155,"building":"yes","height":null,"levels":null}},{"type":"Feature","geometry":{"type":"Polygon","coordinates":[[[71.52169,51.15211],[71.52178,51.15221],[71.52161,51.15227],[71.52153,51.15217],[71.52169,51.15211]]]},"properties":{"layer":"building","districtId":"almaty","osmType":"way","osmId":243440190,"building":"yes","height":null,"levels":null}},{"type":"Feature","geometry":{"type":"Polygon","coordinates":[[[71.52058,51.15009],[71.52067,51.15019],[71.52043,51.15027],[71.52034,51.15018],[71.52058,51.15009]]]},"properties":{"layer":"building","districtId":"almaty","osmType":"way","osmId":243440203,"building":"yes","height":null,"levels":null}},{"type":"Feature","geometry":{"type":"Polygon","coordinates":[[[71.51365,51.14998],[71.51374,51.15008],[71.51358,51.15014],[71.51349,51.15004],[71.51365,51.14998]]]},"properties":{"layer":"building","districtId":"almaty","osmType":"way","osmId":243440205,"building":"yes","height":null,"levels":null}},{"type":"Feature","geometry":{"type":"Polygon","coordinates":[[[71.52491,51.15153],[71.525,51.15163],[71.52484,51.15169],[71.52475,51.15159],[71.52491,51.15153]]]},"properties":{"layer":"building","districtId":"almaty","osmType":"way","osmId":243440210,"building":"yes","height":null,"levels":null}},{"type":"Feature","geometry":{"type":"Polygon","coordinates":[[[71.52055,51.14706],[71.52064,51.14716],[71.52048,51.14722],[71.52039,51.14712],[71.52055,51.14706]]]},"properties":{"layer":"building","districtId":"almaty","osmType":"way","osmId":243440211,"building":"yes","height":null,"levels":null}},{"type":"Feature","geometry":{"type":"Polygon","coordinates":[[[71.52138,51.14979],[71.52147,51.14989],[71.52131,51.14995],[71.52122,51.14985],[71.52138,51.14979]]]},"properties":{"layer":"building","districtId":"almaty","osmType":"way","osmId":243440212,"building":"yes","height":null,"levels":null}},{"type":"Feature","geometry":{"type":"Polygon","coordinates":[[[71.52407,51.15073],[71.52416,51.15082],[71.524,51.15088],[71.52391,51.15079],[71.52407,51.15073]]]},"properties":{"layer":"building","districtId":"almaty","osmType":"way","osmId":243440219,"building":"yes","height":null,"levels":null}},{"type":"Feature","geometry":{"type":"Polygon","coordinates":[[[71.51975,51.15017],[71.51984,51.15027],[71.51968,51.15033],[71.51959,51.15023],[71.51975,51.15017]]]},"properties":{"layer":"building","districtId":"almaty","osmType":"way","osmId":243440221,"building":"yes","height":null,"levels":null}},{"type":"Feature","geometry":{"type":"Polygon","coordinates":[[[71.52023,51.15257],[71.52032,51.15267],[71.52016,51.15273],[71.52007,51.15263],[71.52023,51.15257]]]},"properties":{"layer":"building","districtId":"almaty","osmType":"way","osmId":243440226,"building":"yes","height":null,"levels":null}},{"type":"Feature","geometry":{"type":"Polygon","coordinates":[[[71.52318,51.15082],[71.52327,51.15092],[71.52308,51.15101],[71.52301,51.15094],[71.52307,51.15091],[71.52304,51.15087],[71.52318,51.15082]]]},"properties":{"layer":"building","districtId":"almaty","osmType":"way","osmId":243440229,"building":"yes","height":null,"levels":null}},{"type":"Feature","geometry":{"type":"Polygon","coordinates":[[[71.52128,51.15265],[71.52138,51.15276],[71.52111,51.15286],[71.52101,51.15275],[71.52128,51.15265]]]},"properties":{"layer":"building","districtId":"almaty","osmType":"way","osmId":243440237,"building":"yes","height":null,"levels":null}},{"type":"Feature","geometry":{"type":"Polygon","coordinates":[[[71.51606,51.14823],[71.5162,51.14839],[71.51599,51.14846],[71.51585,51.14831],[71.51606,51.14823]]]},"properties":{"layer":"building","districtId":"almaty","osmType":"way","osmId":243440242,"building":"yes","height":null,"levels":null}},{"type":"Feature","geometry":{"type":"Polygon","coordinates":[[[71.51688,51.14911],[71.51697,51.14921],[71.5168,51.14927],[71.51671,51.14917],[71.51688,51.14911]]]},"properties":{"layer":"building","districtId":"almaty","osmType":"way","osmId":243440249,"building":"yes","height":null,"levels":null}},{"type":"Feature","geometry":{"type":"Polygon","coordinates":[[[71.51822,51.14663],[71.51831,51.14673],[71.51815,51.14679],[71.51806,51.14669],[71.51822,51.14663]]]},"properties":{"layer":"building","districtId":"almaty","osmType":"way","osmId":243440253,"building":"yes","height":null,"levels":null}},{"type":"Feature","geometry":{"type":"Polygon","coordinates":[[[71.52311,51.14785],[71.5232,51.14794],[71.52304,51.148],[71.52295,51.1479],[71.52311,51.14785]]]},"properties":{"layer":"building","districtId":"almaty","osmType":"way","osmId":243440280,"building":"yes","height":null,"levels":null}},{"type":"Feature","geometry":{"type":"Polygon","coordinates":[[[71.51725,51.15177],[71.51734,51.15186],[71.51717,51.15192],[71.51709,51.15182],[71.51725,51.15177]]]},"properties":{"layer":"building","districtId":"almaty","osmType":"way","osmId":243440294,"building":"yes","height":null,"levels":null}},{"type":"Feature","geometry":{"type":"Polygon","coordinates":[[[71.52477,51.15047],[71.52486,51.15056],[71.52465,51.15064],[71.52456,51.15054],[71.52477,51.15047]]]},"properties":{"layer":"building","districtId":"almaty","osmType":"way","osmId":243440306,"building":"yes","height":null,"levels":null}},{"type":"Feature","geometry":{"type":"Polygon","coordinates":[[[71.51917,51.14681],[71.51926,51.14691],[71.5191,51.14697],[71.51901,51.14687],[71.51917,51.14681]]]},"properties":{"layer":"building","districtId":"almaty","osmType":"way","osmId":243440307,"building":"yes","height":null,"levels":null}},{"type":"Feature","geometry":{"type":"Polygon","coordinates":[[[71.51602,51.15156],[71.51611,51.15166],[71.51594,51.15172],[71.51585,51.15162],[71.51602,51.15156]]]},"properties":{"layer":"building","districtId":"almaty","osmType":"way","osmId":243440318,"building":"yes","height":null,"levels":null}},{"type":"Feature","geometry":{"type":"Polygon","coordinates":[[[71.5208,51.1484],[71.52089,51.1485],[71.52073,51.14856],[71.52064,51.14846],[71.5208,51.1484]]]},"properties":{"layer":"building","districtId":"almaty","osmType":"way","osmId":243440333,"building":"yes","height":null,"levels":null}},{"type":"Feature","geometry":{"type":"Polygon","coordinates":[[[71.51472,51.15218],[71.51481,51.15227],[71.51465,51.15233],[71.51456,51.15224],[71.51472,51.15218]]]},"properties":{"layer":"building","districtId":"almaty","osmType":"way","osmId":243440337,"building":"yes","height":null,"levels":null}},{"type":"Feature","geometry":{"type":"Polygon","coordinates":[[[71.51837,51.14789],[71.51849,51.14802],[71.51832,51.14808],[71.5182,51.14795],[71.51837,51.14789]]]},"properties":{"layer":"building","districtId":"almaty","osmType":"way","osmId":243440344,"building":"yes","height":null,"levels":null}},{"type":"Feature","geometry":{"type":"Polygon","coordinates":[[[71.52241,51.1521],[71.5225,51.1522],[71.52234,51.15226],[71.52225,51.15216],[71.52241,51.1521]]]},"properties":{"layer":"building","districtId":"almaty","osmType":"way","osmId":243440355,"building":"yes","height":null,"levels":null}},{"type":"Feature","geometry":{"type":"Polygon","coordinates":[[[71.51998,51.14648],[71.52007,51.14658],[71.51991,51.14664],[71.51982,51.14654],[71.51998,51.14648]]]},"properties":{"layer":"building","districtId":"almaty","osmType":"way","osmId":243440360,"building":"yes","height":null,"levels":null}},{"type":"Feature","geometry":{"type":"Polygon","coordinates":[[[71.51494,51.15129],[71.51503,51.15139],[71.51487,51.15145],[71.51478,51.15135],[71.51494,51.15129]]]},"properties":{"layer":"building","districtId":"almaty","osmType":"way","osmId":243440362,"building":"yes","height":null,"levels":null}},{"type":"Feature","geometry":{"type":"Polygon","coordinates":[[[71.5159,51.1523],[71.51599,51.15239],[71.51577,51.15247],[71.51568,51.15238],[71.5159,51.1523]]]},"properties":{"layer":"building","districtId":"almaty","osmType":"way","osmId":243440373,"building":"yes","height":null,"levels":null}},{"type":"Feature","geometry":{"type":"Polygon","coordinates":[[[71.52014,51.15361],[71.52023,51.15371],[71.52006,51.15377],[71.51998,51.15367],[71.52014,51.15361]]]},"properties":{"layer":"building","districtId":"almaty","osmType":"way","osmId":243440376,"building":"yes","height":null,"levels":null}},{"type":"Feature","geometry":{"type":"Polygon","coordinates":[[[71.51436,51.15179],[71.51445,51.15189],[71.51429,51.15195],[71.5142,51.15185],[71.51436,51.15179]]]},"properties":{"layer":"building","districtId":"almaty","osmType":"way","osmId":243440379,"building":"yes","height":null,"levels":null}},{"type":"Feature","geometry":{"type":"Polygon","coordinates":[[[71.52165,51.15005],[71.52173,51.15015],[71.52157,51.15021],[71.52148,51.15011],[71.52165,51.15005]]]},"properties":{"layer":"building","districtId":"almaty","osmType":"way","osmId":243440388,"building":"yes","height":null,"levels":null}},{"type":"Feature","geometry":{"type":"Polygon","coordinates":[[[71.51836,51.1533],[71.51847,51.15342],[71.51831,51.15348],[71.5182,51.15336],[71.51836,51.1533]]]},"properties":{"layer":"building","districtId":"almaty","osmType":"way","osmId":243440391,"building":"yes","height":null,"levels":null}},{"type":"Feature","geometry":{"type":"Polygon","coordinates":[[[71.51679,51.14803],[71.51688,51.14812],[71.51683,51.14814],[71.51686,51.14817],[71.51664,51.14825],[71.51661,51.14822],[71.51658,51.14823],[71.51653,51.14818],[71.51657,51.14816],[71.51652,51.1481],[71.51661,51.14807],[71.51662,51.14809],[71.51679,51.14803]]]},"properties":{"layer":"building","districtId":"almaty","osmType":"way","osmId":243440416,"building":"yes","height":null,"levels":null}},{"type":"Feature","geometry":{"type":"Polygon","coordinates":[[[71.52575,51.15149],[71.52584,51.15158],[71.52568,51.15164],[71.52559,51.15155],[71.52575,51.15149]]]},"properties":{"layer":"building","districtId":"almaty","osmType":"way","osmId":243440419,"building":"yes","height":null,"levels":null}},{"type":"Feature","geometry":{"type":"Polygon","coordinates":[[[71.52337,51.15192],[71.52346,51.15202],[71.52329,51.15207],[71.52321,51.15198],[71.52337,51.15192]]]},"properties":{"layer":"building","districtId":"almaty","osmType":"way","osmId":243440427,"building":"yes","height":null,"levels":null}},{"type":"Feature","geometry":{"type":"Polygon","coordinates":[[[71.5207,51.15112],[71.52079,51.15121],[71.52063,51.15127],[71.52054,51.15118],[71.5207,51.15112]]]},"properties":{"layer":"building","districtId":"almaty","osmType":"way","osmId":243440429,"building":"yes","height":null,"levels":null}},{"type":"Feature","geometry":{"type":"Polygon","coordinates":[[[71.52348,51.14823],[71.52357,51.14832],[71.52341,51.14838],[71.52332,51.14829],[71.52348,51.14823]]]},"properties":{"layer":"building","districtId":"almaty","osmType":"way","osmId":243440433,"building":"yes","height":null,"levels":null}},{"type":"Feature","geometry":{"type":"Polygon","coordinates":[[[71.52193,51.15156],[71.52202,51.15166],[71.52186,51.15172],[71.52177,51.15162],[71.52193,51.15156]]]},"properties":{"layer":"building","districtId":"almaty","osmType":"way","osmId":243440434,"building":"yes","height":null,"levels":null}},{"type":"Feature","geometry":{"type":"Polygon","coordinates":[[[71.51614,51.15081],[71.51623,51.15091],[71.51607,51.15097],[71.51598,51.15087],[71.51614,51.15081]]]},"properties":{"layer":"building","districtId":"almaty","osmType":"way","osmId":243440438,"building":"yes","height":null,"levels":null}},{"type":"Feature","geometry":{"type":"Polygon","coordinates":[[[71.52182,51.15045],[71.52191,51.15055],[71.52175,51.15061],[71.52166,51.15051],[71.52182,51.15045]]]},"properties":{"layer":"building","districtId":"almaty","osmType":"way","osmId":243440450,"building":"yes","height":null,"levels":null}},{"type":"Feature","geometry":{"type":"Polygon","coordinates":[[[71.51529,51.14744],[71.51541,51.14758],[71.51527,51.14763],[71.51515,51.14749],[71.51529,51.14744]]]},"properties":{"layer":"building","districtId":"almaty","osmType":"way","osmId":243440455,"building":"yes","height":null,"levels":null}},{"type":"Feature","geometry":{"type":"Polygon","coordinates":[[[71.52054,51.1521],[71.52063,51.1522],[71.52046,51.15226],[71.52037,51.15216],[71.52054,51.1521]]]},"properties":{"layer":"building","districtId":"almaty","osmType":"way","osmId":243440471,"building":"yes","height":null,"levels":null}},{"type":"Feature","geometry":{"type":"Polygon","coordinates":[[[71.5164,51.15199],[71.51649,51.15209],[71.51633,51.15215],[71.51624,51.15205],[71.5164,51.15199]]]},"properties":{"layer":"building","districtId":"almaty","osmType":"way","osmId":243440528,"building":"yes","height":null,"levels":null}},{"type":"Feature","geometry":{"type":"Polygon","coordinates":[[[71.52419,51.14898],[71.52428,51.14908],[71.52412,51.14913],[71.52403,51.14904],[71.52419,51.14898]]]},"properties":{"layer":"building","districtId":"almaty","osmType":"way","osmId":243440537,"building":"yes","height":null,"levels":null}},{"type":"Feature","geometry":{"type":"Polygon","coordinates":[[[71.52273,51.14928],[71.52282,51.14937],[71.52266,51.14943],[71.52257,51.14934],[71.52273,51.14928]]]},"properties":{"layer":"building","districtId":"almaty","osmType":"way","osmId":243440545,"building":"yes","height":null,"levels":null}},{"type":"Feature","geometry":{"type":"Polygon","coordinates":[[[71.52308,51.14884],[71.52317,51.14894],[71.523,51.149],[71.52291,51.1489],[71.52308,51.14884]]]},"properties":{"layer":"building","districtId":"almaty","osmType":"way","osmId":243440551,"building":"yes","height":null,"levels":null}},{"type":"Feature","geometry":{"type":"Polygon","coordinates":[[[71.51815,51.15267],[71.51824,51.15276],[71.51808,51.15282],[71.51799,51.15273],[71.51815,51.15267]]]},"properties":{"layer":"building","districtId":"almaty","osmType":"way","osmId":243440555,"building":"yes","height":null,"levels":null}},{"type":"Feature","geometry":{"type":"Polygon","coordinates":[[[71.5197,51.15318],[71.51979,51.15328],[71.51963,51.15334],[71.51954,51.15324],[71.5197,51.15318]]]},"properties":{"layer":"building","districtId":"almaty","osmType":"way","osmId":243440562,"building":"yes","height":null,"levels":null}},{"type":"Feature","geometry":{"type":"Polygon","coordinates":[[[71.52294,51.14947],[71.52303,51.14957],[71.52287,51.14962],[71.52278,51.14953],[71.52294,51.14947]]]},"properties":{"layer":"building","districtId":"almaty","osmType":"way","osmId":243440567,"building":"yes","height":null,"levels":null}},{"type":"Feature","geometry":{"type":"Polygon","coordinates":[[[71.5252,51.15097],[71.52529,51.15107],[71.52513,51.15113],[71.52504,51.15103],[71.5252,51.15097]]]},"properties":{"layer":"building","districtId":"almaty","osmType":"way","osmId":243440569,"building":"yes","height":null,"levels":null}},{"type":"Feature","geometry":{"type":"Polygon","coordinates":[[[71.52035,51.15073],[71.52044,51.15083],[71.52028,51.15089],[71.52019,51.15079],[71.52035,51.15073]]]},"properties":{"layer":"building","districtId":"almaty","osmType":"way","osmId":243440579,"building":"yes","height":null,"levels":null}},{"type":"Feature","geometry":{"type":"Polygon","coordinates":[[[71.52079,51.15035],[71.52088,51.15045],[71.52072,51.15051],[71.52063,51.15041],[71.52079,51.15035]]]},"properties":{"layer":"building","districtId":"almaty","osmType":"way","osmId":243440586,"building":"yes","height":null,"levels":null}},{"type":"Feature","geometry":{"type":"Polygon","coordinates":[[[71.52172,51.14814],[71.5218,51.14824],[71.52157,51.14832],[71.52148,51.14822],[71.52172,51.14814]]]},"properties":{"layer":"building","districtId":"almaty","osmType":"way","osmId":243440595,"building":"yes","height":null,"levels":null}},{"type":"Feature","geometry":{"type":"Polygon","coordinates":[[[71.52432,51.15189],[71.52441,51.15199],[71.52424,51.15205],[71.52416,51.15195],[71.52432,51.15189]]]},"properties":{"layer":"building","districtId":"almaty","osmType":"way","osmId":243440598,"building":"yes","height":null,"levels":null}},{"type":"Feature","geometry":{"type":"Polygon","coordinates":[[[71.52388,51.15053],[71.524,51.15066],[71.52382,51.15073],[71.5237,51.15059],[71.52388,51.15053]]]},"properties":{"layer":"building","districtId":"almaty","osmType":"way","osmId":243440607,"building":"yes","height":null,"levels":null}},{"type":"Feature","geometry":{"type":"Polygon","coordinates":[[[71.51937,51.14978],[71.51946,51.14987],[71.5193,51.14993],[71.51921,51.14984],[71.51937,51.14978]]]},"properties":{"layer":"building","districtId":"almaty","osmType":"way","osmId":243440608,"building":"yes","height":null,"levels":null}},{"type":"Feature","geometry":{"type":"Polygon","coordinates":[[[71.51952,51.14897],[71.51961,51.14907],[71.51945,51.14913],[71.51936,51.14903],[71.51952,51.14897]]]},"properties":{"layer":"building","districtId":"almaty","osmType":"way","osmId":243440616,"building":"yes","height":null,"levels":null}},{"type":"Feature","geometry":{"type":"Polygon","coordinates":[[[71.52435,51.15209],[71.52444,51.15218],[71.52428,51.15224],[71.52419,51.15214],[71.52435,51.15209]]]},"properties":{"layer":"building","districtId":"almaty","osmType":"way","osmId":243440630,"building":"yes","height":null,"levels":null}},{"type":"Feature","geometry":{"type":"Polygon","coordinates":[[[71.51549,51.14766],[71.51558,51.14776],[71.51541,51.14782],[71.51532,51.14772],[71.51549,51.14766]]]},"properties":{"layer":"building","districtId":"almaty","osmType":"way","osmId":243440631,"building":"yes","height":null,"levels":null}},{"type":"Feature","geometry":{"type":"Polygon","coordinates":[[[71.52616,51.14903],[71.5263,51.14917],[71.52588,51.14933],[71.52575,51.14919],[71.52616,51.14903]]]},"properties":{"layer":"building","districtId":"almaty","osmType":"way","osmId":243440676,"building":"yes","height":null,"levels":null}},{"type":"Feature","geometry":{"type":"Polygon","coordinates":[[[71.51785,51.15236],[71.51793,51.15246],[71.51777,51.15252],[71.51768,51.15242],[71.51785,51.15236]]]},"properties":{"layer":"building","districtId":"almaty","osmType":"way","osmId":243440702,"building":"yes","height":null,"levels":null}},{"type":"Feature","geometry":{"type":"Polygon","coordinates":[[[71.52113,51.15071],[71.52122,51.1508],[71.52106,51.15086],[71.52097,51.15077],[71.52113,51.15071]]]},"properties":{"layer":"building","districtId":"almaty","osmType":"way","osmId":243440707,"building":"yes","height":null,"levels":null}},{"type":"Feature","geometry":{"type":"Polygon","coordinates":[[[71.51894,51.14736],[71.51909,51.14752],[71.51889,51.1476],[71.51873,51.14743],[71.51894,51.14736]]]},"properties":{"layer":"building","districtId":"almaty","osmType":"way","osmId":243440718,"building":"yes","height":null,"levels":null}},{"type":"Feature","geometry":{"type":"Polygon","coordinates":[[[71.52471,51.14939],[71.5248,51.14949],[71.52464,51.14955],[71.52455,51.14945],[71.52471,51.14939]]]},"properties":{"layer":"building","districtId":"almaty","osmType":"way","osmId":243440724,"building":"yes","height":null,"levels":null}},{"type":"Feature","geometry":{"type":"Polygon","coordinates":[[[71.5231,51.14966],[71.52319,51.14976],[71.52303,51.14981],[71.52294,51.14972],[71.5231,51.14966]]]},"properties":{"layer":"building","districtId":"almaty","osmType":"way","osmId":243440735,"building":"yes","height":null,"levels":null}},{"type":"Feature","geometry":{"type":"Polygon","coordinates":[[[71.52156,51.14917],[71.52165,51.14927],[71.52149,51.14933],[71.5214,51.14923],[71.52156,51.14917]]]},"properties":{"layer":"building","districtId":"almaty","osmType":"way","osmId":243440742,"building":"yes","height":null,"levels":null}},{"type":"Feature","geometry":{"type":"Polygon","coordinates":[[[71.51887,51.15237],[71.51896,51.15247],[71.5188,51.15253],[71.51871,51.15243],[71.51887,51.15237]]]},"properties":{"layer":"building","districtId":"almaty","osmType":"way","osmId":243440744,"building":"yes","height":null,"levels":null}},{"type":"Feature","geometry":{"type":"Polygon","coordinates":[[[71.52321,51.15255],[71.52312,51.15244],[71.52326,51.15239],[71.52344,51.15258],[71.52288,51.15279],[71.5228,51.1527],[71.52321,51.15255]]]},"properties":{"layer":"building","districtId":"almaty","osmType":"way","osmId":243440751,"building":"yes","height":null,"levels":null}},{"type":"Feature","geometry":{"type":"Polygon","coordinates":[[[71.52153,51.15196],[71.52162,51.15206],[71.52145,51.15212],[71.52136,51.15202],[71.52153,51.15196]]]},"properties":{"layer":"building","districtId":"almaty","osmType":"way","osmId":243440773,"building":"yes","height":null,"levels":null}},{"type":"Feature","geometry":{"type":"Polygon","coordinates":[[[71.51958,51.1472],[71.51967,51.1473],[71.5195,51.14736],[71.51941,51.14726],[71.51958,51.1472]]]},"properties":{"layer":"building","districtId":"almaty","osmType":"way","osmId":243440782,"building":"yes","height":null,"levels":null}},{"type":"Feature","geometry":{"type":"Polygon","coordinates":[[[71.52181,51.1494],[71.5219,51.1495],[71.52173,51.14956],[71.52164,51.14946],[71.52181,51.1494]]]},"properties":{"layer":"building","districtId":"almaty","osmType":"way","osmId":243440786,"building":"yes","height":null,"levels":null}},{"type":"Feature","geometry":{"type":"Polygon","coordinates":[[[71.51598,51.15246],[71.51607,51.15256],[71.51591,51.15262],[71.51582,51.15252],[71.51598,51.15246]]]},"properties":{"layer":"building","districtId":"almaty","osmType":"way","osmId":243440801,"building":"yes","height":null,"levels":null}},{"type":"Feature","geometry":{"type":"Polygon","coordinates":[[[71.51391,51.14932],[71.51406,51.14948],[71.51385,51.14956],[71.51376,51.14946],[71.5138,51.14945],[71.51375,51.14938],[71.51391,51.14932]]]},"properties":{"layer":"building","districtId":"almaty","osmType":"way","osmId":243440814,"building":"yes","height":null,"levels":null}},{"type":"Feature","geometry":{"type":"Polygon","coordinates":[[[71.51993,51.14955],[71.52002,51.14965],[71.51986,51.14971],[71.51977,51.14961],[71.51993,51.14955]]]},"properties":{"layer":"building","districtId":"almaty","osmType":"way","osmId":243440821,"building":"yes","height":null,"levels":null}},{"type":"Feature","geometry":{"type":"Polygon","coordinates":[[[71.51826,51.14682],[71.51829,51.14685],[71.51843,51.1468],[71.51853,51.14691],[71.51838,51.14696],[71.51843,51.14701],[71.51821,51.1471],[71.51803,51.1469],[71.51826,51.14682]]]},"properties":{"layer":"building","districtId":"almaty","osmType":"way","osmId":243440822,"building":"yes","height":null,"levels":null}},{"type":"Feature","geometry":{"type":"Polygon","coordinates":[[[71.52553,51.1513],[71.52562,51.1514],[71.52546,51.15146],[71.52537,51.15136],[71.52553,51.1513]]]},"properties":{"layer":"building","districtId":"almaty","osmType":"way","osmId":243440828,"building":"yes","height":null,"levels":null}},{"type":"Feature","geometry":{"type":"Polygon","coordinates":[[[71.52457,51.15118],[71.52466,51.15128],[71.52449,51.15134],[71.5244,51.15124],[71.52457,51.15118]]]},"properties":{"layer":"building","districtId":"almaty","osmType":"way","osmId":243440829,"building":"yes","height":null,"levels":null}},{"type":"Feature","geometry":{"type":"Polygon","coordinates":[[[71.52233,51.15088],[71.52242,51.15098],[71.52226,51.15103],[71.52217,51.15094],[71.52233,51.15088]]]},"properties":{"layer":"building","districtId":"almaty","osmType":"way","osmId":243440831,"building":"yes","height":null,"levels":null}},{"type":"Feature","geometry":{"type":"Polygon","coordinates":[[[71.52209,51.1517],[71.52218,51.1518],[71.52198,51.15187],[71.52189,51.15177],[71.52209,51.1517]]]},"properties":{"layer":"building","districtId":"almaty","osmType":"way","osmId":243440832,"building":"yes","height":null,"levels":null}},{"type":"Feature","geometry":{"type":"Polygon","coordinates":[[[71.51647,51.14745],[71.51662,51.14761],[71.51623,51.14775],[71.51614,51.14765],[71.51623,51.14762],[71.51618,51.14756],[71.51647,51.14745]]]},"properties":{"layer":"building","districtId":"almaty","osmType":"way","osmId":243440837,"building":"yes","height":null,"levels":null}},{"type":"Feature","geometry":{"type":"Polygon","coordinates":[[[71.51642,51.14865],[71.51651,51.14874],[71.51634,51.1488],[71.51625,51.14871],[71.51642,51.14865]]]},"properties":{"layer":"building","districtId":"almaty","osmType":"way","osmId":243440844,"building":"yes","height":null,"levels":null}},{"type":"Feature","geometry":{"type":"Polygon","coordinates":[[[71.52296,51.15152],[71.52305,51.15161],[71.52289,51.15167],[71.5228,51.15158],[71.52296,51.15152]]]},"properties":{"layer":"building","districtId":"almaty","osmType":"way","osmId":243440846,"building":"yes","height":null,"levels":null}}]}