{"type":"FeatureCollection","features":[{"type":"Feature","geometry":{"type":"LineString","coordinates":[[71.44905,51.03745],[71.46055,51.03033]]},"properties":{"layer":"road","districtId":"esil","osmType":"way","osmId":23190839,"highway":"primary","name":"Қабанбай Батыр даңғылы","bridge":null,"lanes":"3","oneway":"yes"}},{"type":"Feature","geometry":{"type":"LineString","coordinates":[[71.43867,51.17907],[71.43664,51.17872]]},"properties":{"layer":"road","districtId":"saryarka","osmType":"way","osmId":23979303,"highway":"primary","name":"Бөгенбай Батыр даңғылы","bridge":null,"lanes":"4","oneway":"yes"}},{"type":"Feature","geometry":{"type":"LineString","coordinates":[[71.43133,51.15429],[71.43044,51.15506]]},"properties":{"layer":"road","districtId":"baikonur","osmType":"way","osmId":23979536,"highway":"primary","name":"Республика даңғылы","bridge":null,"lanes":"3","oneway":"yes"}},{"type":"Feature","geometry":{"type":"LineString","coordinates":[[71.38892,51.22095],[71.39062,51.21761],[71.39607,51.21504]]},"properties":{"layer":"road","districtId":"baikonur","osmType":"way","osmId":23979594,"highway":"secondary","name":"Өндіріс тас жолы","bridge":null,"lanes":null,"oneway":null}},{"type":"Feature","geometry":{"type":"LineString","coordinates":[[71.44658,51.18481],[71.44331,51.18115],[71.44091,51.1798],[71.43867,51.17907]]},"properties":{"layer":"road","districtId":"saryarka","osmType":"way","osmId":23979646,"highway":"primary","name":"Алаш тас жолы","bridge":"yes","lanes":"4","oneway":"yes"}},{"type":"Feature","geometry":{"type":"LineString","coordinates":[[71.55376,51.23343],[71.55007,51.23176]]},"properties":{"layer":"road","districtId":"baikonur","osmType":"way","osmId":23979656,"highway":"trunk","name":"Алаш тас жолы","bridge":null,"lanes":null,"oneway":"yes"}},{"type":"Feature","geometry":{"type":"LineString","coordinates":[[71.47621,51.19831],[71.4754,51.19796]]},"properties":{"layer":"road","districtId":"baikonur","osmType":"way","osmId":23979657,"highway":"primary","name":"Алаш тас жолы","bridge":"yes","lanes":null,"oneway":"yes"}},{"type":"Feature","geometry":{"type":"LineString","coordinates":[[71.42879,51.15229],[71.4275,51.15133]]},"properties":{"layer":"road","districtId":"esil","osmType":"way","osmId":23983613,"highway":"secondary","name":"Қараөткел көпірі","bridge":"yes","lanes":"3","oneway":"yes"}},{"type":"Feature","geometry":{"type":"LineString","coordinates":[[71.45449,51.15397],[71.45424,51.15431]]},"properties":{"layer":"road","districtId":"baikonur","osmType":"way","osmId":23983615,"highway":"secondary","name":null,"bridge":"yes","lanes":"3","oneway":"yes"}},{"type":"Feature","geometry":{"type":"LineString","coordinates":[[71.40861,51.13712],[71.41573,51.13644]]},"properties":{"layer":"road","districtId":"nura","osmType":"way","osmId":23983668,"highway":"secondary","name":"Сарайшық көшесі","bridge":null,"lanes":null,"oneway":"yes"}},{"type":"Feature","geometry":{"type":"LineString","coordinates":[[71.41214,51.15507],[71.41228,51.15455]]},"properties":{"layer":"road","districtId":"nura","osmType":"way","osmId":23984063,"highway":"primary","name":"Тұран даңғылы","bridge":null,"lanes":"6","oneway":null}},{"type":"Feature","geometry":{"type":"LineString","coordinates":[[71.42189,51.16479],[71.42101,51.16762]]},"properties":{"layer":"road","districtId":"saryarka","osmType":"way","osmId":23996154,"highway":"secondary","name":"Бейбітшілік көшесі","bridge":null,"lanes":"4","oneway":null}},{"type":"Feature","geometry":{"type":"LineString","coordinates":[[71.42565,51.16243],[71.42558,51.16247]]},"properties":{"layer":"road","districtId":"saryarka","osmType":"way","osmId":23996172,"highway":"tertiary","name":"Мұхтар Әуезов көшесі","bridge":null,"lanes":null,"oneway":"yes"}},{"type":"Feature","geometry":{"type":"LineString","coordinates":[[71.45424,51.15431],[71.45369,51.15514]]},"properties":{"layer":"road","districtId":"baikonur","osmType":"way","osmId":24240238,"highway":"secondary","name":"Александр Кравцов көшесі","bridge":null,"lanes":"3","oneway":"yes"}},{"type":"Feature","geometry":{"type":"LineString","coordinates":[[71.39813,51.1945],[71.38581,51.18252]]},"properties":{"layer":"road","districtId":"saryarka","osmType":"way","osmId":24399559,"highway":"secondary","name":"Шабал Бейсекова көшесі","bridge":null,"lanes":null,"oneway":null}},{"type":"Feature","geometry":{"type":"LineString","coordinates":[[71.43558,51.12499],[71.43744,51.1247]]},"properties":{"layer":"road","districtId":"esil","osmType":"way","osmId":24418994,"highway":"tertiary","name":"Достық көшесі","bridge":null,"lanes":null,"oneway":"yes"}},{"type":"Feature","geometry":{"type":"LineString","coordinates":[[71.31559,51.13519],[71.32623,51.14171],[71.32879,51.14297],[71.33362,51.14448],[71.34288,51.14635]]},"properties":{"layer":"road","districtId":"nura","osmType":"way","osmId":24672027,"highway":"primary","name":"Қорғалжын тас жолы","bridge":null,"lanes":"3","oneway":"yes"}},{"type":"Feature","geometry":{"type":"LineString","coordinates":[[71.47512,51.16526],[71.47462,51.16497]]},"properties":{"layer":"road","districtId":"baikonur","osmType":"way","osmId":24672158,"highway":"secondary","name":"Пушкин көшесі","bridge":null,"lanes":"5","oneway":null}},{"type":"Feature","geometry":{"type":"LineString","coordinates":[[71.47512,51.16526],[71.4753,51.1652]]},"properties":{"layer":"road","districtId":"baikonur","osmType":"way","osmId":24672236,"highway":"secondary","name":"Шәкәрім Құдайбердіұлы даңғылы","bridge":null,"lanes":null,"oneway":null}},{"type":"Feature","geometry":{"type":"LineString","coordinates":[[71.48916,51.15738],[71.48634,51.15444]]},"properties":{"layer":"road","districtId":"almaty","osmType":"way","osmId":24672249,"highway":"tertiary","name":"Манас көшесі","bridge":null,"lanes":"4","oneway":null}},{"type":"Feature","geometry":{"type":"LineString","coordinates":[[71.43076,51.13388],[71.43048,51.13315]]},"properties":{"layer":"road","districtId":"esil","osmType":"way","osmId":24672293,"highway":"secondary","name":"Ақмешіт көшесі","bridge":null,"lanes":"4","oneway":null}},{"type":"Feature","geometry":{"type":"LineString","coordinates":[[71.45048,51.16997],[71.44892,51.168]]},"properties":{"layer":"road","districtId":"baikonur","osmType":"way","osmId":24672305,"highway":"tertiary","name":"Әлмұқан Сембинов көшесі","bridge":null,"lanes":"3","oneway":null}},{"type":"Feature","geometry":{"type":"LineString","coordinates":[[71.46272,51.1753],[71.45712,51.16818]]},"properties":{"layer":"road","districtId":"baikonur","osmType":"way","osmId":24672307,"highway":"tertiary","name":"Бейсекбаев көшесі","bridge":null,"lanes":null,"oneway":null}},{"type":"Feature","geometry":{"type":"LineString","coordinates":[[71.48413,51.17455],[71.48349,51.17384]]},"properties":{"layer":"road","districtId":"baikonur","osmType":"way","osmId":24672314,"highway":"secondary","name":null,"bridge":null,"lanes":null,"oneway":"yes"}},{"type":"Feature","geometry":{"type":"LineString","coordinates":[[71.44803,51.18785],[71.43925,51.19068],[71.43763,51.19184],[71.43676,51.19289]]},"properties":{"layer":"road","districtId":"baikonur","osmType":"way","osmId":24672461,"highway":"secondary","name":"Жаңажол көшесі","bridge":null,"lanes":null,"oneway":null}},{"type":"Feature","geometry":{"type":"LineString","coordinates":[[71.42856,51.1962],[71.42547,51.19759]]},"properties":{"layer":"road","districtId":"baikonur","osmType":"way","osmId":24672465,"highway":"secondary","name":"Игілік көшесі","bridge":null,"lanes":"2","oneway":null}},{"type":"Feature","geometry":{"type":"LineString","coordinates":[[71.40475,51.20874],[71.40221,51.20684],[71.39936,51.20353],[71.39763,51.20341]]},"properties":{"layer":"road","districtId":"baikonur","osmType":"way","osmId":24672468,"highway":"tertiary","name":"Ақбидай көшесі","bridge":null,"lanes":null,"oneway":null}},{"type":"Feature","geometry":{"type":"LineString","coordinates":[[71.37823,51.20503],[71.3875,51.20201],[71.38781,51.20174]]},"properties":{"layer":"road","districtId":"saryarka","osmType":"way","osmId":24672470,"highway":"secondary","name":"Рақымжан Дүйсенбаев көшесі","bridge":null,"lanes":null,"oneway":null}},{"type":"Feature","geometry":{"type":"LineString","coordinates":[[71.39143,51.19655],[71.38616,51.19023],[71.38181,51.18545]]},"properties":{"layer":"road","districtId":"saryarka","osmType":"way","osmId":24672475,"highway":"tertiary","name":"Күләш Бәйсейітова көшесі","bridge":null,"lanes":null,"oneway":null}},{"type":"Feature","geometry":{"type":"LineString","coordinates":[[71.46677,51.15403],[71.46718,51.15334]]},"properties":{"layer":"road","districtId":"almaty","osmType":"way","osmId":24672482,"highway":"secondary","name":"Қаныш Сәтбаев көшесі","bridge":null,"lanes":null,"oneway":null}},{"type":"Feature","geometry":{"type":"LineString","coordinates":[[71.45024,51.18839],[71.44909,51.1884],[71.44803,51.18785]]},"properties":{"layer":"road","districtId":"baikonur","osmType":"way","osmId":24672776,"highway":"secondary","name":"проспект Акжол","bridge":null,"lanes":"3","oneway":null}},{"type":"Feature","geometry":{"type":"LineString","coordinates":[[71.48332,51.16246],[71.47851,51.15743]]},"properties":{"layer":"road","districtId":"almaty","osmType":"way","osmId":24844003,"highway":"tertiary","name":"Ілияс Жансүгіров көшесі","bridge":null,"lanes":null,"oneway":null}},{"type":"Feature","geometry":{"type":"LineString","coordinates":[[71.47766,51.1564],[71.48743,51.14265]]},"properties":{"layer":"road","districtId":"almaty","osmType":"way","osmId":24844010,"highway":"secondary","name":"Мағжан Жұмабаев даңғылы","bridge":null,"lanes":null,"oneway":"yes"}},{"type":"Feature","geometry":{"type":"LineString","coordinates":[[71.47424,51.15],[71.47414,51.1538]]},"properties":{"layer":"road","districtId":"almaty","osmType":"way","osmId":24844057,"highway":"tertiary","name":"Жирентаев көшесі","bridge":null,"lanes":null,"oneway":null}},{"type":"Feature","geometry":{"type":"LineString","coordinates":[[71.47424,51.15],[71.47029,51.149]]},"properties":{"layer":"road","districtId":"almaty","osmType":"way","osmId":24844063,"highway":"tertiary","name":"Алексей Петров көшесі","bridge":null,"lanes":null,"oneway":null}},{"type":"Feature","geometry":{"type":"LineString","coordinates":[[71.45395,51.14302],[71.44888,51.14174]]},"properties":{"layer":"road","districtId":"almaty","osmType":"way","osmId":24844096,"highway":"tertiary","name":"Шарль де Голль көшесі","bridge":null,"lanes":"2","oneway":null}},{"type":"Feature","geometry":{"type":"LineString","coordinates":[[71.44882,51.12021],[71.44304,51.12109]]},"properties":{"layer":"road","districtId":"esil","osmType":"way","osmId":24844148,"highway":"secondary","name":"Арыс көпірі көшесі","bridge":"yes","lanes":"4","oneway":"yes"}},{"type":"Feature","geometry":{"type":"LineString","coordinates":[[71.45975,51.03081],[71.45996,51.0304],[71.4598,51.03001],[71.45821,51.02895]]},"properties":{"layer":"road","districtId":"esil","osmType":"way","osmId":24844536,"highway":"tertiary","name":null,"bridge":null,"lanes":"2","oneway":"yes"}},{"type":"Feature","geometry":{"type":"LineString","coordinates":[[71.62274,51.12924],[71.62072,51.12681]]},"properties":{"layer":"road","districtId":"almaty","osmType":"way","osmId":24956082,"highway":"trunk","name":"Астана айналма жолы","bridge":null,"lanes":"2","oneway":"yes"}},{"type":"Feature","geometry":{"type":"LineString","coordinates":[[71.71189,51.10464],[71.70828,51.10604],[71.70391,51.10733],[71.6837,51.11225]]},"properties":{"layer":"road","districtId":"almaty","osmType":"way","osmId":24956145,"highway":"trunk","name":null,"bridge":null,"lanes":"2","oneway":"yes"}},{"type":"Feature","geometry":{"type":"LineString","coordinates":[[71.63087,51.14113],[71.63082,51.13993],[71.63039,51.13861],[71.62835,51.13588]]},"properties":{"layer":"road","districtId":"almaty","osmType":"way","osmId":24956240,"highway":"trunk","name":"Астана айналма жолы","bridge":null,"lanes":"2","oneway":null}},{"type":"Feature","geometry":{"type":"LineString","coordinates":[[71.62835,51.13588],[71.62797,51.13542]]},"properties":{"layer":"road","districtId":"almaty","osmType":"way","osmId":24956248,"highway":"trunk","name":"Астана айналма жолы","bridge":"yes","lanes":"2","oneway":null}},{"type":"Feature","geometry":{"type":"LineString","coordinates":[[71.63088,51.14181],[71.63087,51.14113]]},"properties":{"layer":"road","districtId":"almaty","osmType":"way","osmId":24956266,"highway":"trunk","name":"Астана айналма жолы","bridge":"yes","lanes":"2","oneway":null}},{"type":"Feature","geometry":{"type":"LineString","coordinates":[[71.55717,51.22784],[71.57,51.20343],[71.57573,51.19595],[71.5777,51.19393],[71.57946,51.19271],[71.58187,51.19164],[71.60919,51.18321],[71.61233,51.18161],[71.61433,51.17997],[71.61586,51.17767],[71.63036,51.14828],[71.63084,51.14679],[71.63088,51.14181]]},"properties":{"layer":"road","districtId":"almaty","osmType":"way","osmId":24956271,"highway":"trunk","name":"Астана айналма жолы","bridge":null,"lanes":"2","oneway":null}},{"type":"Feature","geometry":{"type":"LineString","coordinates":[[71.65848,51.11867],[71.64445,51.12234],[71.62604,51.12568]]},"properties":{"layer":"road","districtId":"almaty","osmType":"way","osmId":24956606,"highway":"trunk","name":null,"bridge":null,"lanes":"2","oneway":"yes"}},{"type":"Feature","geometry":{"type":"LineString","coordinates":[[71.55717,51.22784],[71.55278,51.23644]]},"properties":{"layer":"road","districtId":"baikonur","osmType":"way","osmId":25356041,"highway":"trunk","name":"Астана айналма жолы","bridge":null,"lanes":"2","oneway":"yes"}},{"type":"Feature","geometry":{"type":"LineString","coordinates":[[71.5511,51.23946],[71.55003,51.24101],[71.54886,51.24206],[71.5474,51.24295],[71.54511,51.24388],[71.48088,51.25849]]},"properties":{"layer":"road","districtId":"baikonur","osmType":"way","osmId":25356054,"highway":"trunk","name":"Астана айналма жолы","bridge":null,"lanes":"2","oneway":null}},{"type":"Feature","geometry":{"type":"LineString","coordinates":[[71.5511,51.23946],[71.55441,51.23292]]},"properties":{"layer":"road","districtId":"baikonur","osmType":"way","osmId":25356059,"highway":"trunk","name":"Астана айналма жолы","bridge":null,"lanes":"2","oneway":"yes"}},{"type":"Feature","geometry":{"type":"LineString","coordinates":[[71.55383,51.23336],[71.55462,51.23374]]},"properties":{"layer":"road","districtId":"baikonur","osmType":"way","osmId":25356063,"highway":"trunk","name":"Алаш тас жолы","bridge":"yes","lanes":null,"oneway":"yes"}},{"type":"Feature","geometry":{"type":"LineString","coordinates":[[71.55462,51.23374],[71.56125,51.23674],[71.56564,51.23903],[71.59169,51.25586]]},"properties":{"layer":"road","districtId":"baikonur","osmType":"way","osmId":25356080,"highway":"trunk","name":"Алаш тас жолы","bridge":null,"lanes":"2","oneway":"yes"}},{"type":"Feature","geometry":{"type":"LineString","coordinates":[[71.55456,51.2338],[71.55376,51.23343]]},"properties":{"layer":"road","districtId":"baikonur","osmType":"way","osmId":25356086,"highway":"trunk","name":"Алаш тас жолы","bridge":"yes","lanes":null,"oneway":"yes"}},{"type":"Feature","geometry":{"type":"LineString","coordinates":[[71.47368,51.19903],[71.47441,51.19868],[71.47468,51.19822],[71.47458,51.19784],[71.47404,51.19739]]},"properties":{"layer":"road","districtId":"baikonur","osmType":"way","osmId":25448298,"highway":"secondary","name":null,"bridge":null,"lanes":null,"oneway":"yes"}},{"type":"Feature","geometry":{"type":"LineString","coordinates":[[71.40608,51.19144],[71.40374,51.19024]]},"properties":{"layer":"road","districtId":"saryarka","osmType":"way","osmId":25547319,"highway":"tertiary","name":"Александр Затаевич көшесі","bridge":null,"lanes":null,"oneway":null}},{"type":"Feature","geometry":{"type":"LineString","coordinates":[[71.40042,51.18843],[71.40305,51.18722],[71.40475,51.18114]]},"properties":{"layer":"road","districtId":"saryarka","osmType":"way","osmId":25547356,"highway":"tertiary","name":"Григорий Потанин көшесі","bridge":null,"lanes":"2","oneway":null}},{"type":"Feature","geometry":{"type":"LineString","coordinates":[[71.40792,51.18145],[71.39258,51.17975],[71.39056,51.17894],[71.38967,51.17756]]},"properties":{"layer":"road","districtId":"saryarka","osmType":"way","osmId":25547392,"highway":"tertiary","name":"Мәскеу көшесі","bridge":null,"lanes":"2","oneway":"no"}},{"type":"Feature","geometry":{"type":"LineString","coordinates":[[71.41416,51.1927],[71.41072,51.18833],[71.40795,51.18801]]},"properties":{"layer":"road","districtId":"saryarka","osmType":"way","osmId":25547398,"highway":"tertiary","name":"Ыбырай Алтынсарин көшесі","bridge":null,"lanes":null,"oneway":null}},{"type":"Feature","geometry":{"type":"LineString","coordinates":[[71.41742,51.19167],[71.41503,51.18877]]},"properties":{"layer":"road","districtId":"saryarka","osmType":"way","osmId":25547399,"highway":"tertiary","name":"Алтынемел көшесі","bridge":null,"lanes":"2","oneway":null}},{"type":"Feature","geometry":{"type":"LineString","coordinates":[[71.42083,51.18931],[71.41653,51.1889]]},"properties":{"layer":"road","districtId":"saryarka","osmType":"way","osmId":25547400,"highway":"tertiary","name":"Ілияс Есенберлин көшесі","bridge":null,"lanes":"2","oneway":null}},{"type":"Feature","geometry":{"type":"LineString","coordinates":[[71.40744,51.18797],[71.40488,51.18768],[71.40332,51.1877],[71.40288,51.18736]]},"properties":{"layer":"road","districtId":"saryarka","osmType":"way","osmId":26278117,"highway":"tertiary","name":null,"bridge":null,"lanes":null,"oneway":null}},{"type":"Feature","geometry":{"type":"LineString","coordinates":[[71.38967,51.17756],[71.38209,51.17948]]},"properties":{"layer":"road","districtId":"saryarka","osmType":"way","osmId":27679437,"highway":"primary","name":"Нұрғиса Тілендиев даңғылы","bridge":null,"lanes":"3","oneway":"yes"}},{"type":"Feature","geometry":{"type":"LineString","coordinates":[[71.40867,51.1373],[71.40894,51.13798]]},"properties":{"layer":"road","districtId":"nura","osmType":"way","osmId":27679438,"highway":"primary","name":"Тұран даңғылы","bridge":null,"lanes":"7","oneway":null}},{"type":"Feature","geometry":{"type":"LineString","coordinates":[[71.38644,51.22677],[71.38709,51.22649],[71.40193,51.22605]]},"properties":{"layer":"road","districtId":"baikonur","osmType":"way","osmId":27679478,"highway":"secondary","name":"191-ші көше","bridge":null,"lanes":null,"oneway":null}},{"type":"Feature","geometry":{"type":"LineString","coordinates":[[71.3105,51.20436],[71.31462,51.20966]]},"properties":{"layer":"road","districtId":"saryarka","osmType":"way","osmId":28695616,"highway":"trunk","name":"Астана айналма жолы","bridge":null,"lanes":"2","oneway":"yes"}},{"type":"Feature","geometry":{"type":"LineString","coordinates":[[71.38644,51.22677],[71.3781,51.24621]]},"properties":{"layer":"road","districtId":"baikonur","osmType":"way","osmId":28695617,"highway":"secondary","name":"Өндіріс тас жолы","bridge":null,"lanes":null,"oneway":null}},{"type":"Feature","geometry":{"type":"LineString","coordinates":[[71.48088,51.25849],[71.45308,51.26456],[71.44721,51.26546],[71.44232,51.26581],[71.43732,51.26576],[71.43157,51.2653],[71.40318,51.26066]]},"properties":{"layer":"road","districtId":"baikonur","osmType":"way","osmId":28695618,"highway":"trunk","name":"Астана айналма жолы","bridge":null,"lanes":"2","oneway":null}},{"type":"Feature","geometry":{"type":"LineString","coordinates":[[71.4275,51.15133],[71.42338,51.14834]]},"properties":{"layer":"road","districtId":"nura","osmType":"way","osmId":28695630,"highway":"secondary","name":"Қабанбай Батыр даңғылы","bridge":null,"lanes":"6","oneway":null}},{"type":"Feature","geometry":{"type":"LineString","coordinates":[[71.39813,51.1945],[71.39143,51.19655]]},"properties":{"layer":"road","districtId":"saryarka","osmType":"way","osmId":29845645,"highway":"secondary","name":"Конституция көшесі","bridge":null,"lanes":null,"oneway":null}},{"type":"Feature","geometry":{"type":"LineString","coordinates":[[71.41085,51.19373],[71.41875,51.19126]]},"properties":{"layer":"road","districtId":"saryarka","osmType":"way","osmId":29845651,"highway":"secondary","name":"Гёте көшесі","bridge":null,"lanes":null,"oneway":null}},{"type":"Feature","geometry":{"type":"LineString","coordinates":[[71.4754,51.19796],[71.45932,51.19116]]},"properties":{"layer":"road","districtId":"baikonur","osmType":"way","osmId":29845653,"highway":"primary","name":"Алаш тас жолы","bridge":null,"lanes":"3","oneway":"yes"}},{"type":"Feature","geometry":{"type":"LineString","coordinates":[[71.42159,51.17703],[71.4189,51.18642]]},"properties":{"layer":"road","districtId":"saryarka","osmType":"way","osmId":30013306,"highway":"tertiary","name":"Мұхтар Әуезов көшесі","bridge":null,"lanes":"4","oneway":"yes"}},{"type":"Feature","geometry":{"type":"LineString","coordinates":[[71.47177,51.16337],[71.4704,51.16259]]},"properties":{"layer":"road","districtId":"baikonur","osmType":"way","osmId":30147863,"highway":"secondary","name":"Пушкин көшесі","bridge":null,"lanes":"5","oneway":null}},{"type":"Feature","geometry":{"type":"LineString","coordinates":[[71.46672,51.15688],[71.46696,51.15565],[71.46676,51.15414]]},"properties":{"layer":"road","districtId":"almaty","osmType":"way","osmId":30658825,"highway":"secondary","name":"Қаныш Сәтбаев көшесі","bridge":null,"lanes":null,"oneway":null}},{"type":"Feature","geometry":{"type":"LineString","coordinates":[[71.46214,51.15986],[71.46236,51.15979]]},"properties":{"layer":"road","districtId":"baikonur","osmType":"way","osmId":30658826,"highway":"secondary","name":"Амангелді Иманов көшесі","bridge":null,"lanes":"4","oneway":null}},{"type":"Feature","geometry":{"type":"LineString","coordinates":[[71.39887,51.16818],[71.40804,51.1693]]},"properties":{"layer":"road","districtId":"saryarka","osmType":"way","osmId":32970830,"highway":"secondary","name":"Сәкен Сейфуллин көшесі","bridge":null,"lanes":"2","oneway":"yes"}},{"type":"Feature","geometry":{"type":"LineString","coordinates":[[71.43845,51.13249],[71.44856,51.13093]]},"properties":{"layer":"road","districtId":"esil","osmType":"way","osmId":37883868,"highway":"secondary","name":"Арқар көпірі (М-1) көшесі","bridge":"yes","lanes":"4","oneway":"yes"}},{"type":"Feature","geometry":{"type":"LineString","coordinates":[[71.4486,51.13106],[71.43849,51.13262]]},"properties":{"layer":"road","districtId":"esil","osmType":"way","osmId":37883870,"highway":"secondary","name":"Арқар көпірі (М-1) көшесі","bridge":"yes","lanes":"4","oneway":"yes"}},{"type":"Feature","geometry":{"type":"LineString","coordinates":[[71.43677,51.13293],[71.43447,51.13333]]},"properties":{"layer":"road","districtId":"esil","osmType":"way","osmId":37883875,"highway":"secondary","name":"Сарайшық көшесі","bridge":null,"lanes":"4","oneway":"yes"}},{"type":"Feature","geometry":{"type":"LineString","coordinates":[[71.4578,51.12961],[71.45562,51.12995]]},"properties":{"layer":"road","districtId":"almaty","osmType":"way","osmId":37883878,"highway":"secondary","name":"Сарайшық көшесі","bridge":null,"lanes":"3","oneway":"yes"}},{"type":"Feature","geometry":{"type":"LineString","coordinates":[[71.4631,51.14166],[71.4633,51.14171]]},"properties":{"layer":"road","districtId":"almaty","osmType":"way","osmId":38499015,"highway":"tertiary","name":"Бейімбет Майлин көшесі","bridge":null,"lanes":"6","oneway":null}},{"type":"Feature","geometry":{"type":"LineString","coordinates":[[71.41171,51.15668],[71.41214,51.15507]]},"properties":{"layer":"road","districtId":"nura","osmType":"way","osmId":39362501,"highway":"primary","name":"Тұран даңғылы","bridge":null,"lanes":"6","oneway":null}},{"type":"Feature","geometry":{"type":"LineString","coordinates":[[71.41171,51.15668],[71.41114,51.15869]]},"properties":{"layer":"road","districtId":"saryarka","osmType":"way","osmId":39362507,"highway":"primary","name":"Тұран көпірі","bridge":"yes","lanes":"3","oneway":null}},{"type":"Feature","geometry":{"type":"LineString","coordinates":[[71.414,51.05927],[71.41529,51.0629]]},"properties":{"layer":"road","districtId":"esil","osmType":"way","osmId":44127576,"highway":"secondary","name":"Мәңгілік Ел даңғылы","bridge":null,"lanes":"3","oneway":"yes"}},{"type":"Feature","geometry":{"type":"LineString","coordinates":[[71.47649,51.16668],[71.47619,51.16678]]},"properties":{"layer":"road","districtId":"baikonur","osmType":"way","osmId":51405921,"highway":"tertiary","name":null,"bridge":null,"lanes":null,"oneway":null}},{"type":"Feature","geometry":{"type":"LineString","coordinates":[[71.46874,51.17889],[71.47426,51.18461]]},"properties":{"layer":"road","districtId":"baikonur","osmType":"way","osmId":51405924,"highway":"tertiary","name":"Жаһанша Досмұхамедұлы көшесі","bridge":null,"lanes":null,"oneway":null}},{"type":"Feature","geometry":{"type":"LineString","coordinates":[[71.48844,51.17909],[71.48788,51.1793]]},"properties":{"layer":"road","districtId":"baikonur","osmType":"way","osmId":51405925,"highway":"tertiary","name":"Жетіген көшесі","bridge":null,"lanes":"2","oneway":null}},{"type":"Feature","geometry":{"type":"LineString","coordinates":[[71.414,51.20587],[71.41575,51.20835],[71.41596,51.20908],[71.41581,51.21057]]},"properties":{"layer":"road","districtId":"baikonur","osmType":"way","osmId":51487452,"highway":"tertiary","name":"Үшқоңыр көшесі","bridge":null,"lanes":null,"oneway":null}},{"type":"Feature","geometry":{"type":"LineString","coordinates":[[71.38841,51.21086],[71.38705,51.21204]]},"properties":{"layer":"road","districtId":"baikonur","osmType":"way","osmId":51488492,"highway":"tertiary","name":"Шиелі көшесі","bridge":null,"lanes":null,"oneway":null}},{"type":"Feature","geometry":{"type":"LineString","coordinates":[[71.38035,51.2167],[71.38257,51.21363],[71.38455,51.21153]]},"properties":{"layer":"road","districtId":"baikonur","osmType":"way","osmId":51488493,"highway":"secondary","name":"Сусамыр көшесі","bridge":null,"lanes":null,"oneway":null}},{"type":"Feature","geometry":{"type":"LineString","coordinates":[[71.39738,51.21445],[71.39451,51.21277],[71.39306,51.21052]]},"properties":{"layer":"road","districtId":"baikonur","osmType":"way","osmId":51488521,"highway":"tertiary","name":"Саржайлау көшесі","bridge":null,"lanes":null,"oneway":null}},{"type":"Feature","geometry":{"type":"LineString","coordinates":[[71.3781,51.24621],[71.37615,51.25083]]},"properties":{"layer":"road","districtId":"baikonur","osmType":"way","osmId":55490085,"highway":"secondary","name":"Өндіріс тас жолы","bridge":null,"lanes":null,"oneway":null}},{"type":"Feature","geometry":{"type":"LineString","coordinates":[[71.38656,51.25785],[71.40318,51.26066]]},"properties":{"layer":"road","districtId":"baikonur","osmType":"way","osmId":55490090,"highway":"trunk","name":"Астана айналма жолы","bridge":null,"lanes":"2","oneway":null}},{"type":"Feature","geometry":{"type":"LineString","coordinates":[[71.38656,51.25785],[71.3814,51.25705]]},"properties":{"layer":"road","districtId":"baikonur","osmType":"way","osmId":55490091,"highway":"trunk","name":"Астана айналма жолы","bridge":null,"lanes":"2","oneway":"yes"}},{"type":"Feature","geometry":{"type":"LineString","coordinates":[[71.37443,51.255],[71.37425,51.25541]]},"properties":{"layer":"road","districtId":"baikonur","osmType":"way","osmId":55490478,"highway":"trunk","name":null,"bridge":null,"lanes":null,"oneway":"yes"}},{"type":"Feature","geometry":{"type":"LineString","coordinates":[[71.37189,51.26042],[71.37341,51.25701]]},"properties":{"layer":"road","districtId":"baikonur","osmType":"way","osmId":55490480,"highway":"motorway","name":null,"bridge":null,"lanes":null,"oneway":"yes"}},{"type":"Feature","geometry":{"type":"LineString","coordinates":[[71.34184,51.17808],[71.34076,51.17787],[71.33835,51.17829],[71.31969,51.18497],[71.31698,51.18619]]},"properties":{"layer":"road","districtId":"saryarka","osmType":"way","osmId":65298313,"highway":"tertiary","name":"Болашақ көшесі","bridge":null,"lanes":null,"oneway":null}},{"type":"Feature","geometry":{"type":"LineString","coordinates":[[71.33732,51.18076],[71.34025,51.17922],[71.34184,51.17808]]},"properties":{"layer":"road","districtId":"saryarka","osmType":"way","osmId":65298343,"highway":"tertiary","name":"Алмалық көшесі","bridge":null,"lanes":null,"oneway":null}},{"type":"Feature","geometry":{"type":"LineString","coordinates":[[71.34512,51.1885],[71.34519,51.18866]]},"properties":{"layer":"road","districtId":"saryarka","osmType":"way","osmId":65298530,"highway":"tertiary","name":"Көктал көшесі","bridge":null,"lanes":null,"oneway":null}},{"type":"Feature","geometry":{"type":"LineString","coordinates":[[71.33732,51.18076],[71.34493,51.18792],[71.34512,51.1885]]},"properties":{"layer":"road","districtId":"saryarka","osmType":"way","osmId":65298654,"highway":"tertiary","name":"Дулат Бабатайұлы көшесі","bridge":null,"lanes":null,"oneway":null}},{"type":"Feature","geometry":{"type":"LineString","coordinates":[[71.43398,51.17824],[71.43525,51.17408]]},"properties":{"layer":"road","districtId":"baikonur","osmType":"way","osmId":68275107,"highway":"tertiary","name":"Генерал Сабыр Рақымов көшесі","bridge":null,"lanes":null,"oneway":"yes"}},{"type":"Feature","geometry":{"type":"LineString","coordinates":[[71.43525,51.17408],[71.43493,51.17568]]},"properties":{"layer":"road","districtId":"baikonur","osmType":"way","osmId":68275110,"highway":"tertiary","name":"Генерал Сабыр Рақымов көшесі","bridge":null,"lanes":null,"oneway":"yes"}},{"type":"Feature","geometry":{"type":"LineString","coordinates":[[71.40456,51.12711],[71.40449,51.12695]]},"properties":{"layer":"road","districtId":"nura","osmType":"way","osmId":71376127,"highway":"primary","name":"Тұран даңғылы","bridge":null,"lanes":null,"oneway":"yes"}},{"type":"Feature","geometry":{"type":"LineString","coordinates":[[71.485,51.12842],[71.49527,51.13129]]},"properties":{"layer":"road","districtId":"almaty","osmType":"way","osmId":71376128,"highway":"tertiary","name":"Айнакөл көшесі","bridge":null,"lanes":null,"oneway":null}},{"type":"Feature","geometry":{"type":"LineString","coordinates":[[71.38219,51.14102],[71.38341,51.14486],[71.3833,51.1458],[71.3824,51.14802]]},"properties":{"layer":"road","districtId":"nura","osmType":"way","osmId":74925504,"highway":"tertiary","name":"Әйтеке Би көшесі","bridge":null,"lanes":"3","oneway":"yes"}},{"type":"Feature","geometry":{"type":"LineString","coordinates":[[71.43852,51.11232],[71.43921,51.1135]]},"properties":{"layer":"road","districtId":"esil","osmType":"way","osmId":77617936,"highway":"tertiary","name":"Әлихан Бөкейхан көшесі","bridge":null,"lanes":null,"oneway":"no"}},{"type":"Feature","geometry":{"type":"LineString","coordinates":[[71.44438,51.15796],[71.44395,51.15705]]},"properties":{"layer":"road","districtId":"baikonur","osmType":"way","osmId":91017662,"highway":"tertiary","name":"Таха Хусейн көшесі","bridge":null,"lanes":null,"oneway":"yes"}},{"type":"Feature","geometry":{"type":"LineString","coordinates":[[71.4312,51.1542],[71.43167,51.15394]]},"properties":{"layer":"road","districtId":"baikonur","osmType":"way","osmId":107829237,"highway":"primary","name":null,"bridge":null,"lanes":"3","oneway":"yes"}},{"type":"Feature","geometry":{"type":"LineString","coordinates":[[71.42329,51.1469],[71.42254,51.14711]]},"properties":{"layer":"road","districtId":"esil","osmType":"way","osmId":107829240,"highway":"tertiary","name":"Космонавтов көшесі","bridge":null,"lanes":"4","oneway":null}},{"type":"Feature","geometry":{"type":"LineString","coordinates":[[71.45953,51.19108],[71.47552,51.19784]]},"properties":{"layer":"road","districtId":"baikonur","osmType":"way","osmId":107829241,"highway":"primary","name":"Алаш тас жолы","bridge":null,"lanes":"3","oneway":"yes"}},{"type":"Feature","geometry":{"type":"LineString","coordinates":[[71.43876,51.17891],[71.44165,51.17992],[71.44318,51.18081],[71.44472,51.18219],[71.44684,51.18468]]},"properties":{"layer":"road","districtId":"baikonur","osmType":"way","osmId":107829245,"highway":"primary","name":"Алаш тас жолы","bridge":"yes","lanes":null,"oneway":"yes"}},{"type":"Feature","geometry":{"type":"LineString","coordinates":[[71.43079,51.15372],[71.43766,51.15843],[71.43874,51.15895],[71.43981,51.15908]]},"properties":{"layer":"road","districtId":"baikonur","osmType":"way","osmId":107829256,"highway":"secondary","name":"Бараев көшесі","bridge":null,"lanes":"3","oneway":"yes"}},{"type":"Feature","geometry":{"type":"LineString","coordinates":[[71.454,51.15424],[71.45425,51.1539]]},"properties":{"layer":"road","districtId":"almaty","osmType":"way","osmId":107829291,"highway":"secondary","name":null,"bridge":"yes","lanes":"3","oneway":"yes"}},{"type":"Feature","geometry":{"type":"LineString","coordinates":[[71.45425,51.1539],[71.45629,51.15116]]},"properties":{"layer":"road","districtId":"almaty","osmType":"way","osmId":107829292,"highway":"secondary","name":"Тәуелсіздік даңғылы","bridge":null,"lanes":"3","oneway":"yes"}},{"type":"Feature","geometry":{"type":"LineString","coordinates":[[71.43448,51.15521],[71.43425,51.15577],[71.4351,51.15668]]},"properties":{"layer":"road","districtId":"baikonur","osmType":"way","osmId":107829316,"highway":"tertiary","name":null,"bridge":null,"lanes":null,"oneway":"yes"}},{"type":"Feature","geometry":{"type":"LineString","coordinates":[[71.45024,51.18839],[71.45088,51.18795],[71.45044,51.18742]]},"properties":{"layer":"road","districtId":"baikonur","osmType":"way","osmId":107829318,"highway":"secondary","name":"проспект Акжол","bridge":null,"lanes":"1","oneway":"yes"}},{"type":"Feature","geometry":{"type":"LineString","coordinates":[[71.4318,51.15403],[71.43133,51.15429]]},"properties":{"layer":"road","districtId":"baikonur","osmType":"way","osmId":107829319,"highway":"primary","name":null,"bridge":null,"lanes":"3","oneway":"yes"}},{"type":"Feature","geometry":{"type":"LineString","coordinates":[[71.43293,51.15516],[71.43378,51.15553],[71.43448,51.15521]]},"properties":{"layer":"road","districtId":"baikonur","osmType":"way","osmId":107829332,"highway":"tertiary","name":null,"bridge":null,"lanes":"1","oneway":"yes"}},{"type":"Feature","geometry":{"type":"LineString","coordinates":[[71.43981,51.15917],[71.43884,51.15907],[71.43802,51.15877],[71.43371,51.15586]]},"properties":{"layer":"road","districtId":"baikonur","osmType":"way","osmId":107829336,"highway":"secondary","name":"Бараев көшесі","bridge":null,"lanes":"3","oneway":"yes"}},{"type":"Feature","geometry":{"type":"LineString","coordinates":[[71.40676,51.17527],[71.41111,51.1757]]},"properties":{"layer":"road","districtId":"saryarka","osmType":"way","osmId":107829339,"highway":"primary","name":"Бөгенбай Батыр даңғылы","bridge":null,"lanes":"4","oneway":"yes"}},{"type":"Feature","geometry":{"type":"LineString","coordinates":[[71.45265,51.18833],[71.45146,51.18814],[71.45024,51.18839]]},"properties":{"layer":"road","districtId":"baikonur","osmType":"way","osmId":107829340,"highway":"secondary","name":"проспект Акжол","bridge":null,"lanes":"1","oneway":"yes"}},{"type":"Feature","geometry":{"type":"LineString","coordinates":[[71.45888,51.19047],[71.45844,51.19062]]},"properties":{"layer":"road","districtId":"baikonur","osmType":"way","osmId":112158580,"highway":"tertiary","name":null,"bridge":null,"lanes":null,"oneway":null}},{"type":"Feature","geometry":{"type":"LineString","coordinates":[[71.53681,51.15339],[71.53761,51.15284],[71.53749,51.15253],[71.53707,51.15234],[71.53647,51.15244],[71.53472,51.15353],[71.53451,51.15389]]},"properties":{"layer":"road","districtId":"almaty","osmType":"way","osmId":112166888,"highway":"tertiary","name":null,"bridge":null,"lanes":"6","oneway":"yes"}},{"type":"Feature","geometry":{"type":"LineString","coordinates":[[71.52554,51.1394],[71.5253,51.13979],[71.52701,51.14159],[71.52699,51.14278]]},"properties":{"layer":"road","districtId":"almaty","osmType":"way","osmId":112166895,"highway":"secondary","name":null,"bridge":null,"lanes":null,"oneway":"yes"}},{"type":"Feature","geometry":{"type":"LineString","coordinates":[[71.53732,51.15698],[71.53667,51.15668],[71.53134,51.15584],[71.53051,51.15591]]},"properties":{"layer":"road","districtId":"almaty","osmType":"way","osmId":112166896,"highway":"tertiary","name":null,"bridge":null,"lanes":"6","oneway":"yes"}},{"type":"Feature","geometry":{"type":"LineString","coordinates":[[71.47288,51.17051],[71.47323,51.17062]]},"properties":{"layer":"road","districtId":"baikonur","osmType":"way","osmId":112180578,"highway":"tertiary","name":"Циолковский көшесі","bridge":null,"lanes":null,"oneway":null}},{"type":"Feature","geometry":{"type":"LineString","coordinates":[[71.47288,51.17051],[71.46825,51.16451]]},"properties":{"layer":"road","districtId":"baikonur","osmType":"way","osmId":112180579,"highway":"tertiary","name":"Циолковский көшесі","bridge":null,"lanes":null,"oneway":null}},{"type":"Feature","geometry":{"type":"LineString","coordinates":[[71.47668,51.16478],[71.47722,51.16463]]},"properties":{"layer":"road","districtId":"baikonur","osmType":"way","osmId":112456419,"highway":"secondary","name":"Шәкәрім Құдайбердіұлы даңғылы","bridge":null,"lanes":"6","oneway":null}},{"type":"Feature","geometry":{"type":"LineString","coordinates":[[71.62034,51.12622],[71.62082,51.12679]]},"properties":{"layer":"road","districtId":"almaty","osmType":"way","osmId":112606185,"highway":"trunk","name":"Астана айналма жолы","bridge":"yes","lanes":"2","oneway":"yes"}},{"type":"Feature","geometry":{"type":"LineString","coordinates":[[71.62082,51.12679],[71.6228,51.12915]]},"properties":{"layer":"road","districtId":"almaty","osmType":"way","osmId":112606189,"highway":"trunk","name":"Астана айналма жолы","bridge":null,"lanes":"2","oneway":"yes"}},{"type":"Feature","geometry":{"type":"LineString","coordinates":[[71.44001,51.17902],[71.44194,51.17991],[71.44453,51.18168]]},"properties":{"layer":"road","districtId":"baikonur","osmType":"way","osmId":113019753,"highway":"tertiary","name":null,"bridge":null,"lanes":null,"oneway":null}},{"type":"Feature","geometry":{"type":"LineString","coordinates":[[71.44001,51.17902],[71.43833,51.17791],[71.43719,51.17747]]},"properties":{"layer":"road","districtId":"baikonur","osmType":"way","osmId":113019755,"highway":"tertiary","name":"Сәкен Жүнісов көшесі","bridge":null,"lanes":null,"oneway":"yes"}},{"type":"Feature","geometry":{"type":"LineString","coordinates":[[71.39464,51.18366],[71.39642,51.17721],[71.39646,51.17609]]},"properties":{"layer":"road","districtId":"saryarka","osmType":"way","osmId":119540191,"highway":"tertiary","name":"Бекетай көшесі","bridge":null,"lanes":"2","oneway":null}},{"type":"Feature","geometry":{"type":"LineString","coordinates":[[71.37353,51.25702],[71.37213,51.26043]]},"properties":{"layer":"road","districtId":"baikonur","osmType":"way","osmId":122102404,"highway":"motorway","name":null,"bridge":null,"lanes":"3","oneway":"yes"}},{"type":"Feature","geometry":{"type":"LineString","coordinates":[[71.3153,51.13519],[71.30465,51.12852],[71.30266,51.12748],[71.2813,51.11978]]},"properties":{"layer":"road","districtId":"nura","osmType":"way","osmId":132781684,"highway":"primary","name":"Қорғалжын тас жолы","bridge":null,"lanes":null,"oneway":"yes"}},{"type":"Feature","geometry":{"type":"LineString","coordinates":[[71.37587,51.18294],[71.3742,51.18155]]},"properties":{"layer":"road","districtId":"saryarka","osmType":"way","osmId":133248551,"highway":"tertiary","name":"Ақан Сері көшесі","bridge":null,"lanes":null,"oneway":null}},{"type":"Feature","geometry":{"type":"LineString","coordinates":[[71.41573,51.13644],[71.4152,51.13544]]},"properties":{"layer":"road","districtId":"nura","osmType":"way","osmId":139537456,"highway":"secondary","name":"Қабанбай Батыр даңғылы","bridge":null,"lanes":"5","oneway":null}},{"type":"Feature","geometry":{"type":"LineString","coordinates":[[71.30723,51.20124],[71.30651,51.20048]]},"properties":{"layer":"road","districtId":"saryarka","osmType":"way","osmId":140856686,"highway":"trunk","name":"Астана айналма жолы","bridge":"yes","lanes":"2","oneway":"yes"}},{"type":"Feature","geometry":{"type":"LineString","coordinates":[[71.30674,51.20041],[71.30746,51.20116]]},"properties":{"layer":"road","districtId":"saryarka","osmType":"way","osmId":140856687,"highway":"trunk","name":"Астана айналма жолы","bridge":"yes","lanes":"2","oneway":"yes"}},{"type":"Feature","geometry":{"type":"LineString","coordinates":[[71.34489,51.20053],[71.33657,51.202],[71.33,51.20015],[71.32569,51.19344]]},"properties":{"layer":"road","districtId":"saryarka","osmType":"way","osmId":141393835,"highway":"tertiary","name":"Ұлытау көшесі","bridge":null,"lanes":null,"oneway":null}},{"type":"Feature","geometry":{"type":"LineString","coordinates":[[71.32524,51.19986],[71.32175,51.19439]]},"properties":{"layer":"road","districtId":"saryarka","osmType":"way","osmId":141393836,"highway":"tertiary","name":"Баршын көшесі","bridge":null,"lanes":null,"oneway":null}},{"type":"Feature","geometry":{"type":"LineString","coordinates":[[71.45629,51.15116],[71.45997,51.14601]]},"properties":{"layer":"road","districtId":"almaty","osmType":"way","osmId":158196190,"highway":"secondary","name":"Тәуелсіздік даңғылы","bridge":null,"lanes":"3","oneway":"yes"}},{"type":"Feature","geometry":{"type":"LineString","coordinates":[[71.47031,51.12766],[71.47026,51.12752]]},"properties":{"layer":"road","districtId":"almaty","osmType":"way","osmId":158196192,"highway":"secondary","name":"Тәуелсіздік даңғылы","bridge":null,"lanes":"3","oneway":"yes"}},{"type":"Feature","geometry":{"type":"LineString","coordinates":[[71.40259,51.16228],[71.40298,51.16116],[71.40538,51.16015]]},"properties":{"layer":"road","districtId":"saryarka","osmType":"way","osmId":161638143,"highway":"tertiary","name":"Тарас Шевченко көшесі","bridge":null,"lanes":null,"oneway":null}},{"type":"Feature","geometry":{"type":"LineString","coordinates":[[71.37512,51.19012],[71.37359,51.19122],[71.36801,51.19212],[71.36529,51.19301],[71.36416,51.19356],[71.36435,51.19411]]},"properties":{"layer":"road","districtId":"saryarka","osmType":"way","osmId":162099901,"highway":"tertiary","name":"Карбышев көшесі","bridge":null,"lanes":null,"oneway":null}},{"type":"Feature","geometry":{"type":"LineString","coordinates":[[71.36924,51.18276],[71.37296,51.18535]]},"properties":{"layer":"road","districtId":"saryarka","osmType":"way","osmId":162101432,"highway":"tertiary","name":"Қарталы көшесі","bridge":null,"lanes":null,"oneway":null}},{"type":"Feature","geometry":{"type":"LineString","coordinates":[[71.36924,51.18276],[71.36912,51.18262]]},"properties":{"layer":"road","districtId":"saryarka","osmType":"way","osmId":162101835,"highway":"tertiary","name":null,"bridge":null,"lanes":null,"oneway":null}},{"type":"Feature","geometry":{"type":"LineString","coordinates":[[71.47851,51.15743],[71.47766,51.1564]]},"properties":{"layer":"road","districtId":"almaty","osmType":"way","osmId":165569285,"highway":"secondary","name":null,"bridge":null,"lanes":"6","oneway":"yes"}},{"type":"Feature","geometry":{"type":"LineString","coordinates":[[71.51774,51.13842],[71.51809,51.13796],[71.51718,51.13753]]},"properties":{"layer":"road","districtId":"almaty","osmType":"way","osmId":165570546,"highway":"tertiary","name":null,"bridge":null,"lanes":"1","oneway":"yes"}},{"type":"Feature","geometry":{"type":"LineString","coordinates":[[71.51381,51.13972],[71.51698,51.13867]]},"properties":{"layer":"road","districtId":"almaty","osmType":"way","osmId":165570747,"highway":"tertiary","name":"Төлебаев көшесі","bridge":null,"lanes":"2","oneway":null}},{"type":"Feature","geometry":{"type":"LineString","coordinates":[[71.50479,51.14266],[71.49832,51.14475],[71.49767,51.14547]]},"properties":{"layer":"road","districtId":"almaty","osmType":"way","osmId":165570752,"highway":"tertiary","name":"Төлебаев көшесі","bridge":null,"lanes":"2","oneway":null}},{"type":"Feature","geometry":{"type":"LineString","coordinates":[[71.40138,51.11764],[71.40467,51.12692]]},"properties":{"layer":"road","districtId":"nura","osmType":"way","osmId":165600642,"highway":"primary","name":"Тұран даңғылы","bridge":null,"lanes":"3","oneway":"yes"}},{"type":"Feature","geometry":{"type":"LineString","coordinates":[[71.39555,51.07077],[71.39513,51.07084],[71.38849,51.07506],[71.38735,51.07685],[71.38724,51.07794],[71.38746,51.07865]]},"properties":{"layer":"road","districtId":"nura","osmType":"way","osmId":165600644,"highway":"primary","name":"Тұран даңғылы","bridge":null,"lanes":null,"oneway":"yes"}},{"type":"Feature","geometry":{"type":"LineString","coordinates":[[71.39631,51.07068],[71.39621,51.07145]]},"properties":{"layer":"road","districtId":"esil","osmType":"way","osmId":165600645,"highway":"secondary","name":"Қабанбай Батыр даңғылы","bridge":null,"lanes":"2","oneway":"yes"}},{"type":"Feature","geometry":{"type":"LineString","coordinates":[[71.38746,51.07865],[71.38759,51.07903]]},"properties":{"layer":"road","districtId":"nura","osmType":"way","osmId":165600646,"highway":"primary","name":"Тұран даңғылы","bridge":null,"lanes":null,"oneway":"yes"}},{"type":"Feature","geometry":{"type":"LineString","coordinates":[[71.38084,51.02284],[71.38179,51.02998],[71.38246,51.03291],[71.39461,51.06726],[71.39554,51.06968],[71.39605,51.07021]]},"properties":{"layer":"road","districtId":"esil","osmType":"way","osmId":165608298,"highway":"primary","name":null,"bridge":null,"lanes":"2","oneway":"yes"}},{"type":"Feature","geometry":{"type":"LineString","coordinates":[[71.41077,51.06128],[71.40971,51.06192]]},"properties":{"layer":"road","districtId":"esil","osmType":"way","osmId":165608299,"highway":"primary","name":"Қабанбай Батыр даңғылы","bridge":null,"lanes":"4","oneway":null}},{"type":"Feature","geometry":{"type":"LineString","coordinates":[[71.3954,51.07037],[71.39528,51.06952],[71.38214,51.03284],[71.38153,51.03028],[71.38053,51.02287]]},"properties":{"layer":"road","districtId":"nura","osmType":"way","osmId":165608300,"highway":"primary","name":"Қарқаралы тас жолы көшесі","bridge":null,"lanes":"2","oneway":"yes"}},{"type":"Feature","geometry":{"type":"LineString","coordinates":[[71.41008,51.11021],[71.40899,51.10721]]},"properties":{"layer":"road","districtId":"esil","osmType":"way","osmId":165608307,"highway":"secondary","name":"Қабанбай Батыр даңғылы","bridge":null,"lanes":"6","oneway":null}},{"type":"Feature","geometry":{"type":"LineString","coordinates":[[71.44769,51.03839],[71.44287,51.04137]]},"properties":{"layer":"road","districtId":"esil","osmType":"way","osmId":165609286,"highway":"primary","name":"Қабанбай Батыр даңғылы","bridge":null,"lanes":"4","oneway":null}},{"type":"Feature","geometry":{"type":"LineString","coordinates":[[71.54263,51.05499],[71.49837,51.0501],[71.49319,51.04927],[71.49,51.04852],[71.48535,51.04709],[71.4534,51.03515]]},"properties":{"layer":"road","districtId":"esil","osmType":"way","osmId":165612466,"highway":"trunk","name":"Астана айналма жолы","bridge":null,"lanes":"2","oneway":"yes"}},{"type":"Feature","geometry":{"type":"LineString","coordinates":[[71.43852,51.11232],[71.43828,51.11235]]},"properties":{"layer":"road","districtId":"esil","osmType":"way","osmId":165615351,"highway":"secondary","name":"Керей Және Жәнібек Хандар көшесі","bridge":null,"lanes":"6","oneway":"no"}},{"type":"Feature","geometry":{"type":"LineString","coordinates":[[71.43447,51.13333],[71.43444,51.13325]]},"properties":{"layer":"road","districtId":"esil","osmType":"way","osmId":165625144,"highway":"secondary","name":"Түркістан көшесі","bridge":null,"lanes":"4","oneway":null}},{"type":"Feature","geometry":{"type":"LineString","coordinates":[[71.43412,51.13249],[71.43402,51.13225]]},"properties":{"layer":"road","districtId":"esil","osmType":"way","osmId":165625148,"highway":"secondary","name":"Түркістан көшесі","bridge":null,"lanes":"4","oneway":null}},{"type":"Feature","geometry":{"type":"LineString","coordinates":[[71.46874,51.17889],[71.45621,51.18293]]},"properties":{"layer":"road","districtId":"baikonur","osmType":"way","osmId":165626218,"highway":"secondary","name":"проспект Акжол","bridge":null,"lanes":null,"oneway":"yes"}},{"type":"Feature","geometry":{"type":"LineString","coordinates":[[71.46876,51.17874],[71.48084,51.17428]]},"properties":{"layer":"road","districtId":"baikonur","osmType":"way","osmId":165626219,"highway":"secondary","name":"проспект Акжол","bridge":null,"lanes":"3","oneway":"yes"}},{"type":"Feature","geometry":{"type":"LineString","coordinates":[[71.44735,51.18601],[71.44822,51.18551]]},"properties":{"layer":"road","districtId":"baikonur","osmType":"way","osmId":165626220,"highway":"secondary","name":"проспект Акжол","bridge":null,"lanes":"2","oneway":"yes"}},{"type":"Feature","geometry":{"type":"LineString","coordinates":[[71.47426,51.18461],[71.46099,51.18967]]},"properties":{"layer":"road","districtId":"baikonur","osmType":"way","osmId":165626440,"highway":"tertiary","name":"Жетіген көшесі","bridge":null,"lanes":"2","oneway":null}},{"type":"Feature","geometry":{"type":"LineString","coordinates":[[71.48122,51.17433],[71.46874,51.17889]]},"properties":{"layer":"road","districtId":"baikonur","osmType":"way","osmId":165628639,"highway":"secondary","name":"проспект Акжол","bridge":null,"lanes":"3","oneway":"yes"}},{"type":"Feature","geometry":{"type":"LineString","coordinates":[[71.54052,51.15207],[71.54424,51.1508],[71.54956,51.14993]]},"properties":{"layer":"road","districtId":"almaty","osmType":"way","osmId":165630267,"highway":"secondary","name":"Ақжол даңғылы","bridge":null,"lanes":"1","oneway":"yes"}},{"type":"Feature","geometry":{"type":"LineString","coordinates":[[71.53905,51.1527],[71.53856,51.15313],[71.5373,51.15642],[71.53736,51.15684]]},"properties":{"layer":"road","districtId":"almaty","osmType":"way","osmId":165630269,"highway":"tertiary","name":null,"bridge":null,"lanes":"6","oneway":"yes"}},{"type":"Feature","geometry":{"type":"LineString","coordinates":[[71.5328,51.15506],[71.5323,51.15551],[71.53256,51.1559],[71.53505,51.15634],[71.53569,51.15629],[71.53596,51.1561],[71.53586,51.15548]]},"properties":{"layer":"road","districtId":"almaty","osmType":"way","osmId":165630270,"highway":"tertiary","name":null,"bridge":null,"lanes":"6","oneway":"yes"}},{"type":"Feature","geometry":{"type":"LineString","coordinates":[[71.48816,51.17186],[71.48122,51.17433]]},"properties":{"layer":"road","districtId":"baikonur","osmType":"way","osmId":165630892,"highway":"secondary","name":"проспект Акжол","bridge":null,"lanes":"3","oneway":"yes"}},{"type":"Feature","geometry":{"type":"LineString","coordinates":[[71.40449,51.12695],[71.40467,51.12692]]},"properties":{"layer":"road","districtId":"nura","osmType":"way","osmId":165759887,"highway":"secondary","name":"Сығанақ көшесі","bridge":null,"lanes":null,"oneway":"yes"}},{"type":"Feature","geometry":{"type":"LineString","coordinates":[[71.43706,51.12205],[71.436,51.12221]]},"properties":{"layer":"road","districtId":"esil","osmType":"way","osmId":165802521,"highway":"secondary","name":"Сығанақ көшесі","bridge":"yes","lanes":"5","oneway":"yes"}},{"type":"Feature","geometry":{"type":"LineString","coordinates":[[71.44298,51.12093],[71.44876,51.12002]]},"properties":{"layer":"road","districtId":"esil","osmType":"way","osmId":165802523,"highway":"secondary","name":"Арыс көпірі көшесі","bridge":"yes","lanes":"4","oneway":"yes"}},{"type":"Feature","geometry":{"type":"LineString","coordinates":[[71.43205,51.12281],[71.42692,51.1236]]},"properties":{"layer":"road","districtId":"esil","osmType":"way","osmId":165802526,"highway":"secondary","name":"Сығанақ көшесі","bridge":null,"lanes":"4","oneway":"yes"}},{"type":"Feature","geometry":{"type":"LineString","coordinates":[[71.43578,51.12205],[71.43699,51.12186]]},"properties":{"layer":"road","districtId":"esil","osmType":"way","osmId":165802528,"highway":"secondary","name":"Сығанақ көшесі","bridge":"yes","lanes":"5","oneway":"yes"}},{"type":"Feature","geometry":{"type":"LineString","coordinates":[[71.43699,51.12186],[71.44298,51.12093]]},"properties":{"layer":"road","districtId":"esil","osmType":"way","osmId":165802530,"highway":"secondary","name":"Сығанақ көшесі","bridge":null,"lanes":"4","oneway":"yes"}},{"type":"Feature","geometry":{"type":"LineString","coordinates":[[71.39504,51.1],[71.40561,51.09849]]},"properties":{"layer":"road","districtId":"nura","osmType":"way","osmId":165809655,"highway":"secondary","name":"Ұлы Дала даңғылы","bridge":null,"lanes":null,"oneway":"yes"}},{"type":"Feature","geometry":{"type":"LineString","coordinates":[[71.41124,51.09781],[71.40633,51.09851]]},"properties":{"layer":"road","districtId":"esil","osmType":"way","osmId":165809656,"highway":"secondary","name":"Ұлы Дала даңғылы","bridge":null,"lanes":null,"oneway":"yes"}},{"type":"Feature","geometry":{"type":"LineString","coordinates":[[71.42684,51.09548],[71.42702,51.09545]]},"properties":{"layer":"road","districtId":"esil","osmType":"way","osmId":165815504,"highway":"secondary","name":"Ұлы Дала даңғылы","bridge":null,"lanes":null,"oneway":"yes"}},{"type":"Feature","geometry":{"type":"LineString","coordinates":[[71.41352,51.05957],[71.41282,51.06001]]},"properties":{"layer":"road","districtId":"esil","osmType":"way","osmId":165815946,"highway":"primary","name":"Қабанбай Батыр даңғылы","bridge":null,"lanes":"4","oneway":null}},{"type":"Feature","geometry":{"type":"LineString","coordinates":[[71.41108,51.06108],[71.41077,51.06128]]},"properties":{"layer":"road","districtId":"esil","osmType":"way","osmId":165815947,"highway":"primary","name":"Қабанбай Батыр даңғылы","bridge":"yes","lanes":"4","oneway":null}},{"type":"Feature","geometry":{"type":"LineString","coordinates":[[71.43059,51.10463],[71.43039,51.1049],[71.42991,51.10476]]},"properties":{"layer":"road","districtId":"esil","osmType":"way","osmId":165816974,"highway":"secondary","name":null,"bridge":null,"lanes":null,"oneway":"yes"}},{"type":"Feature","geometry":{"type":"LineString","coordinates":[[71.4296,51.10387],[71.42994,51.1036],[71.43038,51.10396]]},"properties":{"layer":"road","districtId":"esil","osmType":"way","osmId":165816975,"highway":"secondary","name":null,"bridge":null,"lanes":null,"oneway":"yes"}},{"type":"Feature","geometry":{"type":"LineString","coordinates":[[71.4422,51.1367],[71.44096,51.1337],[71.4393,51.13283],[71.43901,51.13246],[71.43903,51.1321],[71.43985,51.13109],[71.43973,51.13053]]},"properties":{"layer":"road","districtId":"esil","osmType":"way","osmId":165816979,"highway":"secondary","name":"Мәңгілік Ел даңғылы","bridge":null,"lanes":null,"oneway":"yes"}},{"type":"Feature","geometry":{"type":"LineString","coordinates":[[71.48429,51.17437],[71.48512,51.17531]]},"properties":{"layer":"road","districtId":"baikonur","osmType":"way","osmId":165828277,"highway":"secondary","name":null,"bridge":null,"lanes":null,"oneway":"yes"}},{"type":"Feature","geometry":{"type":"LineString","coordinates":[[71.48373,51.17376],[71.48429,51.17437]]},"properties":{"layer":"road","districtId":"baikonur","osmType":"way","osmId":165828278,"highway":"secondary","name":null,"bridge":null,"lanes":null,"oneway":"yes"}},{"type":"Feature","geometry":{"type":"LineString","coordinates":[[71.48295,51.17324],[71.48214,51.17233]]},"properties":{"layer":"road","districtId":"baikonur","osmType":"way","osmId":165832522,"highway":"secondary","name":null,"bridge":null,"lanes":null,"oneway":"yes"}},{"type":"Feature","geometry":{"type":"LineString","coordinates":[[71.48176,51.17165],[71.48232,51.17223]]},"properties":{"layer":"road","districtId":"baikonur","osmType":"way","osmId":165832523,"highway":"secondary","name":null,"bridge":"yes","lanes":null,"oneway":"yes"}},{"type":"Feature","geometry":{"type":"LineString","coordinates":[[71.48214,51.17233],[71.48156,51.17173]]},"properties":{"layer":"road","districtId":"baikonur","osmType":"way","osmId":165832524,"highway":"secondary","name":null,"bridge":"yes","lanes":null,"oneway":"yes"}},{"type":"Feature","geometry":{"type":"LineString","coordinates":[[71.48512,51.17531],[71.48623,51.17663]]},"properties":{"layer":"road","districtId":"baikonur","osmType":"way","osmId":165832525,"highway":"secondary","name":null,"bridge":null,"lanes":null,"oneway":"yes"}},{"type":"Feature","geometry":{"type":"LineString","coordinates":[[71.48349,51.17384],[71.48295,51.17324]]},"properties":{"layer":"road","districtId":"baikonur","osmType":"way","osmId":165832526,"highway":"secondary","name":null,"bridge":"yes","lanes":null,"oneway":"yes"}},{"type":"Feature","geometry":{"type":"LineString","coordinates":[[71.48232,51.17223],[71.48319,51.17318]]},"properties":{"layer":"road","districtId":"baikonur","osmType":"way","osmId":165832527,"highway":"secondary","name":null,"bridge":null,"lanes":null,"oneway":"yes"}},{"type":"Feature","geometry":{"type":"LineString","coordinates":[[71.48491,51.17538],[71.48413,51.17455]]},"properties":{"layer":"road","districtId":"baikonur","osmType":"way","osmId":165832528,"highway":"secondary","name":null,"bridge":null,"lanes":null,"oneway":"yes"}},{"type":"Feature","geometry":{"type":"LineString","coordinates":[[71.48156,51.17173],[71.47992,51.17003]]},"properties":{"layer":"road","districtId":"baikonur","osmType":"way","osmId":165832529,"highway":"secondary","name":null,"bridge":null,"lanes":null,"oneway":"yes"}},{"type":"Feature","geometry":{"type":"LineString","coordinates":[[71.48005,51.16995],[71.48176,51.17165]]},"properties":{"layer":"road","districtId":"baikonur","osmType":"way","osmId":165832530,"highway":"secondary","name":null,"bridge":null,"lanes":null,"oneway":"yes"}},{"type":"Feature","geometry":{"type":"LineString","coordinates":[[71.48319,51.17318],[71.48373,51.17376]]},"properties":{"layer":"road","districtId":"baikonur","osmType":"way","osmId":165832531,"highway":"secondary","name":null,"bridge":"yes","lanes":null,"oneway":"yes"}},{"type":"Feature","geometry":{"type":"LineString","coordinates":[[71.47846,51.16859],[71.47856,51.16849]]},"properties":{"layer":"road","districtId":"baikonur","osmType":"way","osmId":165832800,"highway":"tertiary","name":null,"bridge":null,"lanes":null,"oneway":null}},{"type":"Feature","geometry":{"type":"LineString","coordinates":[[71.47773,51.16448],[71.47826,51.16431]]},"properties":{"layer":"road","districtId":"almaty","osmType":"way","osmId":165833006,"highway":"secondary","name":"Шәкәрім Құдайбердіұлы даңғылы","bridge":"yes","lanes":null,"oneway":null}},{"type":"Feature","geometry":{"type":"LineString","coordinates":[[71.48623,51.17663],[71.48491,51.17538]]},"properties":{"layer":"road","districtId":"baikonur","osmType":"way","osmId":165835031,"highway":"secondary","name":null,"bridge":null,"lanes":null,"oneway":"yes"}},{"type":"Feature","geometry":{"type":"LineString","coordinates":[[71.47992,51.17003],[71.47846,51.16859]]},"properties":{"layer":"road","districtId":"baikonur","osmType":"way","osmId":165835034,"highway":"secondary","name":"Пушкин көшесі","bridge":null,"lanes":null,"oneway":"yes"}},{"type":"Feature","geometry":{"type":"LineString","coordinates":[[71.48805,51.17174],[71.48873,51.1715]]},"properties":{"layer":"road","districtId":"almaty","osmType":"way","osmId":165835314,"highway":"secondary","name":"Әл-Фараби даңғылы","bridge":"yes","lanes":"6","oneway":"yes"}},{"type":"Feature","geometry":{"type":"LineString","coordinates":[[71.48873,51.1715],[71.52185,51.15906]]},"properties":{"layer":"road","districtId":"almaty","osmType":"way","osmId":165835317,"highway":"secondary","name":"Ақжол даңғылы","bridge":null,"lanes":"3","oneway":"yes"}},{"type":"Feature","geometry":{"type":"LineString","coordinates":[[71.54956,51.15001],[71.54412,51.15091],[71.54057,51.15216]]},"properties":{"layer":"road","districtId":"almaty","osmType":"way","osmId":165835319,"highway":"secondary","name":"Ақжол даңғылы","bridge":null,"lanes":null,"oneway":"yes"}},{"type":"Feature","geometry":{"type":"LineString","coordinates":[[71.48899,51.17156],[71.48816,51.17186]]},"properties":{"layer":"road","districtId":"baikonur","osmType":"way","osmId":165835321,"highway":"secondary","name":"Әл-Фараби даңғылы","bridge":"yes","lanes":"6","oneway":"yes"}},{"type":"Feature","geometry":{"type":"LineString","coordinates":[[71.53441,51.15397],[71.5336,51.15388],[71.53101,51.1545],[71.53081,51.15476],[71.53099,51.15512],[71.53205,51.15521]]},"properties":{"layer":"road","districtId":"almaty","osmType":"way","osmId":165840659,"highway":"tertiary","name":null,"bridge":null,"lanes":"6","oneway":"yes"}},{"type":"Feature","geometry":{"type":"LineString","coordinates":[[71.53611,51.15555],[71.53706,51.15575],[71.53753,51.15543],[71.53807,51.15383],[71.53769,51.1535],[71.53703,51.15349]]},"properties":{"layer":"road","districtId":"almaty","osmType":"way","osmId":165842830,"highway":"tertiary","name":null,"bridge":null,"lanes":"6","oneway":"yes"}},{"type":"Feature","geometry":{"type":"LineString","coordinates":[[71.52602,51.14178],[71.52664,51.14182],[71.52683,51.14151],[71.52522,51.13985],[71.52445,51.13981]]},"properties":{"layer":"road","districtId":"almaty","osmType":"way","osmId":165879642,"highway":"secondary","name":null,"bridge":null,"lanes":null,"oneway":"yes"}},{"type":"Feature","geometry":{"type":"LineString","coordinates":[[71.44456,51.1395],[71.4422,51.1367]]},"properties":{"layer":"road","districtId":"esil","osmType":"way","osmId":165925103,"highway":"secondary","name":"Марал көпірі көшесі","bridge":"yes","lanes":null,"oneway":"yes"}},{"type":"Feature","geometry":{"type":"LineString","coordinates":[[71.45338,51.15505],[71.45022,51.15368]]},"properties":{"layer":"road","districtId":"baikonur","osmType":"way","osmId":165927842,"highway":"primary","name":"Жұмабек Тәшенов көшесі","bridge":null,"lanes":"3","oneway":null}},{"type":"Feature","geometry":{"type":"LineString","coordinates":[[71.4431,51.15193],[71.44408,51.1516],[71.44449,51.15089]]},"properties":{"layer":"road","districtId":"baikonur","osmType":"way","osmId":165927843,"highway":"secondary","name":null,"bridge":null,"lanes":null,"oneway":"yes"}},{"type":"Feature","geometry":{"type":"LineString","coordinates":[[71.44465,51.15111],[71.44495,51.15164],[71.44582,51.15206]]},"properties":{"layer":"road","districtId":"baikonur","osmType":"way","osmId":165927844,"highway":"secondary","name":null,"bridge":null,"lanes":null,"oneway":"yes"}},{"type":"Feature","geometry":{"type":"LineString","coordinates":[[71.44453,51.15003],[71.44521,51.14103]]},"properties":{"layer":"road","districtId":"almaty","osmType":"way","osmId":165928210,"highway":"secondary","name":"Амман көшесі","bridge":null,"lanes":null,"oneway":"yes"}},{"type":"Feature","geometry":{"type":"LineString","coordinates":[[71.44466,51.13933],[71.44537,51.14103]]},"properties":{"layer":"road","districtId":"almaty","osmType":"way","osmId":165928211,"highway":"secondary","name":"Амман көшесі","bridge":null,"lanes":null,"oneway":"yes"}},{"type":"Feature","geometry":{"type":"LineString","coordinates":[[71.45364,51.1552],[71.45338,51.15505]]},"properties":{"layer":"road","districtId":"baikonur","osmType":"way","osmId":165928212,"highway":"primary","name":"Жұмабек Тәшенов көшесі","bridge":null,"lanes":null,"oneway":null}},{"type":"Feature","geometry":{"type":"LineString","coordinates":[[71.44438,51.15195],[71.4445,51.15039]]},"properties":{"layer":"road","districtId":"baikonur","osmType":"way","osmId":165928589,"highway":"secondary","name":"Амман көшесі","bridge":null,"lanes":null,"oneway":"yes"}},{"type":"Feature","geometry":{"type":"LineString","coordinates":[[71.44466,51.15043],[71.44458,51.15183],[71.44438,51.15195]]},"properties":{"layer":"road","districtId":"baikonur","osmType":"way","osmId":165928590,"highway":"secondary","name":"Амман көшесі","bridge":null,"lanes":null,"oneway":"yes"}},{"type":"Feature","geometry":{"type":"LineString","coordinates":[[71.44469,51.15005],[71.44466,51.15043]]},"properties":{"layer":"road","districtId":"baikonur","osmType":"way","osmId":165928591,"highway":"secondary","name":"Амман көшесі","bridge":"yes","lanes":null,"oneway":"yes"}},{"type":"Feature","geometry":{"type":"LineString","coordinates":[[71.4445,51.15039],[71.44453,51.15003]]},"properties":{"layer":"road","districtId":"almaty","osmType":"way","osmId":165928592,"highway":"secondary","name":"Амман көшесі","bridge":"yes","lanes":null,"oneway":"yes"}},{"type":"Feature","geometry":{"type":"LineString","coordinates":[[71.46647,51.15982],[71.46832,51.16111]]},"properties":{"layer":"road","districtId":"baikonur","osmType":"way","osmId":165929096,"highway":"primary","name":"Пушкин көшесі","bridge":null,"lanes":"1","oneway":"yes"}},{"type":"Feature","geometry":{"type":"LineString","coordinates":[[71.50612,51.19769],[71.50651,51.1981]]},"properties":{"layer":"road","districtId":"baikonur","osmType":"way","osmId":165929103,"highway":"secondary","name":"Пушкин көшесі","bridge":null,"lanes":"4","oneway":"no"}},{"type":"Feature","geometry":{"type":"LineString","coordinates":[[71.47782,51.19772],[71.47882,51.19909],[71.47969,51.1997]]},"properties":{"layer":"road","districtId":"baikonur","osmType":"way","osmId":165931390,"highway":"secondary","name":null,"bridge":null,"lanes":null,"oneway":"yes"}},{"type":"Feature","geometry":{"type":"LineString","coordinates":[[71.47552,51.19784],[71.47638,51.19823]]},"properties":{"layer":"road","districtId":"baikonur","osmType":"way","osmId":165931391,"highway":"primary","name":"Алаш тас жолы","bridge":"yes","lanes":null,"oneway":"yes"}},{"type":"Feature","geometry":{"type":"LineString","coordinates":[[71.47659,51.19831],[71.47754,51.19828],[71.47782,51.19772]]},"properties":{"layer":"road","districtId":"baikonur","osmType":"way","osmId":165931680,"highway":"secondary","name":null,"bridge":null,"lanes":null,"oneway":"yes"}},{"type":"Feature","geometry":{"type":"LineString","coordinates":[[71.47638,51.19823],[71.49138,51.20498]]},"properties":{"layer":"road","districtId":"baikonur","osmType":"way","osmId":165933104,"highway":"primary","name":"Алаш тас жолы","bridge":null,"lanes":null,"oneway":"yes"}},{"type":"Feature","geometry":{"type":"LineString","coordinates":[[71.45809,51.12956],[71.45803,51.12941]]},"properties":{"layer":"road","districtId":"almaty","osmType":"way","osmId":165938227,"highway":"secondary","name":"Бауыржан Момышұлы даңғылы","bridge":null,"lanes":"2","oneway":"yes"}},{"type":"Feature","geometry":{"type":"LineString","coordinates":[[71.45681,51.14004],[71.45513,51.14211],[71.45236,51.14425]]},"properties":{"layer":"road","districtId":"almaty","osmType":"way","osmId":165938230,"highway":"tertiary","name":"Асқар Тоқпанов көшесі","bridge":null,"lanes":null,"oneway":null}},{"type":"Feature","geometry":{"type":"LineString","coordinates":[[71.50302,51.14699],[71.50431,51.1473],[71.50505,51.14726]]},"properties":{"layer":"road","districtId":"almaty","osmType":"way","osmId":165939068,"highway":"secondary","name":null,"bridge":null,"lanes":null,"oneway":"yes"}},{"type":"Feature","geometry":{"type":"LineString","coordinates":[[71.5031,51.148],[71.50315,51.14738],[71.50286,51.14707]]},"properties":{"layer":"road","districtId":"almaty","osmType":"way","osmId":165939070,"highway":"secondary","name":null,"bridge":null,"lanes":null,"oneway":"yes"}},{"type":"Feature","geometry":{"type":"LineString","coordinates":[[71.44232,51.13648],[71.44466,51.13933]]},"properties":{"layer":"road","districtId":"almaty","osmType":"way","osmId":165984621,"highway":"secondary","name":"Марал көпірі көшесі","bridge":"yes","lanes":null,"oneway":"yes"}},{"type":"Feature","geometry":{"type":"LineString","coordinates":[[71.24111,51.22665],[71.26282,51.22111],[71.26494,51.22041],[71.30684,51.2007]]},"properties":{"layer":"road","districtId":"saryarka","osmType":"way","osmId":166127945,"highway":"trunk","name":null,"bridge":null,"lanes":"2","oneway":"yes"}},{"type":"Feature","geometry":{"type":"LineString","coordinates":[[71.44304,51.12109],[71.43706,51.12205]]},"properties":{"layer":"road","districtId":"esil","osmType":"way","osmId":166194470,"highway":"secondary","name":"Сығанақ көшесі","bridge":null,"lanes":"4","oneway":"yes"}},{"type":"Feature","geometry":{"type":"LineString","coordinates":[[71.42149,51.18564],[71.4211,51.18759]]},"properties":{"layer":"road","districtId":"saryarka","osmType":"way","osmId":166438393,"highway":"secondary","name":"Республика даңғылы","bridge":null,"lanes":"4","oneway":"no"}},{"type":"Feature","geometry":{"type":"LineString","coordinates":[[71.45359,51.03504],[71.48551,51.04702],[71.49173,51.04883],[71.4984,51.04999],[71.53596,51.05405]]},"properties":{"layer":"road","districtId":"esil","osmType":"way","osmId":167440136,"highway":"trunk","name":"Астана айналма жолы","bridge":null,"lanes":"2","oneway":"yes"}},{"type":"Feature","geometry":{"type":"LineString","coordinates":[[71.6228,51.12915],[71.62311,51.12952]]},"properties":{"layer":"road","districtId":"almaty","osmType":"way","osmId":167440141,"highway":"trunk","name":"Астана айналма жолы","bridge":null,"lanes":"1","oneway":"yes"}},{"type":"Feature","geometry":{"type":"LineString","coordinates":[[71.52937,51.17439],[71.52631,51.17123]]},"properties":{"layer":"road","districtId":"almaty","osmType":"way","osmId":167440823,"highway":"tertiary","name":"Қарашығанақ көшесі","bridge":null,"lanes":"6","oneway":null}},{"type":"Feature","geometry":{"type":"LineString","coordinates":[[71.52122,51.14027],[71.52191,51.14053],[71.5226,51.14054]]},"properties":{"layer":"road","districtId":"almaty","osmType":"way","osmId":167475858,"highway":"secondary","name":null,"bridge":null,"lanes":"1","oneway":"yes"}},{"type":"Feature","geometry":{"type":"LineString","coordinates":[[71.52096,51.14117],[71.5213,51.14079],[71.52122,51.14027]]},"properties":{"layer":"road","districtId":"almaty","osmType":"way","osmId":167475862,"highway":"secondary","name":null,"bridge":null,"lanes":"1","oneway":"yes"}},{"type":"Feature","geometry":{"type":"LineString","coordinates":[[71.51908,51.1382],[71.52098,51.14002]]},"properties":{"layer":"road","districtId":"almaty","osmType":"way","osmId":167475869,"highway":"secondary","name":"Айнакөл көшесі","bridge":null,"lanes":"4","oneway":null}},{"type":"Feature","geometry":{"type":"LineString","coordinates":[[71.47076,51.13105],[71.47103,51.13114]]},"properties":{"layer":"road","districtId":"almaty","osmType":"way","osmId":168183251,"highway":"secondary","name":null,"bridge":null,"lanes":null,"oneway":null}},{"type":"Feature","geometry":{"type":"LineString","coordinates":[[71.48073,51.13451],[71.49133,51.1374]]},"properties":{"layer":"road","districtId":"almaty","osmType":"way","osmId":168186628,"highway":"tertiary","name":"Обаған көшесі","bridge":null,"lanes":null,"oneway":null}},{"type":"Feature","geometry":{"type":"LineString","coordinates":[[71.48435,51.12936],[71.48316,51.131]]},"properties":{"layer":"road","districtId":"almaty","osmType":"way","osmId":168188409,"highway":"tertiary","name":"Сағадат Нұрмағамбетов көшесі","bridge":null,"lanes":null,"oneway":null}},{"type":"Feature","geometry":{"type":"LineString","coordinates":[[71.4756,51.1329],[71.47634,51.13261]]},"properties":{"layer":"road","districtId":"almaty","osmType":"way","osmId":168233559,"highway":"tertiary","name":"Балқантау көшесі","bridge":null,"lanes":null,"oneway":null}},{"type":"Feature","geometry":{"type":"LineString","coordinates":[[71.47702,51.13962],[71.47889,51.13704]]},"properties":{"layer":"road","districtId":"almaty","osmType":"way","osmId":168233561,"highway":"tertiary","name":"Қаныш Сәтбаев көшесі","bridge":null,"lanes":null,"oneway":null}},{"type":"Feature","geometry":{"type":"LineString","coordinates":[[71.48073,51.13451],[71.47876,51.13103]]},"properties":{"layer":"road","districtId":"almaty","osmType":"way","osmId":168233562,"highway":"tertiary","name":"Обаған көшесі","bridge":null,"lanes":null,"oneway":null}},{"type":"Feature","geometry":{"type":"LineString","coordinates":[[71.34998,51.20132],[71.35177,51.20103],[71.35526,51.19893],[71.35925,51.19859],[71.37055,51.19503],[71.37356,51.19439],[71.37966,51.1925],[71.38113,51.19182]]},"properties":{"layer":"road","districtId":"saryarka","osmType":"way","osmId":168606991,"highway":"tertiary","name":"Оқжетпес көшесі","bridge":null,"lanes":null,"oneway":null}},{"type":"Feature","geometry":{"type":"LineString","coordinates":[[71.37731,51.18853],[71.37715,51.18928],[71.37512,51.19012]]},"properties":{"layer":"road","districtId":"saryarka","osmType":"way","osmId":168606992,"highway":"tertiary","name":"Мұса Жәлил көшесі","bridge":null,"lanes":null,"oneway":null}},{"type":"Feature","geometry":{"type":"LineString","coordinates":[[71.38781,51.20174],[71.38674,51.20078],[71.38679,51.20033]]},"properties":{"layer":"road","districtId":"saryarka","osmType":"way","osmId":168607088,"highway":"secondary","name":"Жалын көшесі","bridge":null,"lanes":null,"oneway":null}},{"type":"Feature","geometry":{"type":"LineString","coordinates":[[71.37503,51.20584],[71.37823,51.20503]]},"properties":{"layer":"road","districtId":"saryarka","osmType":"way","osmId":168607089,"highway":"tertiary","name":"Рақымжан Дүйсенбаев көшесі","bridge":null,"lanes":null,"oneway":null}},{"type":"Feature","geometry":{"type":"LineString","coordinates":[[71.40456,51.12711],[71.40273,51.12739]]},"properties":{"layer":"road","districtId":"nura","osmType":"way","osmId":171875547,"highway":"secondary","name":"Сығанақ көшесі","bridge":null,"lanes":"4","oneway":"yes"}},{"type":"Feature","geometry":{"type":"LineString","coordinates":[[71.46578,51.14899],[71.46575,51.14627]]},"properties":{"layer":"road","districtId":"almaty","osmType":"way","osmId":174040448,"highway":"tertiary","name":"Анна Ахматова көшесі","bridge":null,"lanes":null,"oneway":null}},{"type":"Feature","geometry":{"type":"LineString","coordinates":[[71.48262,51.14933],[71.4759,51.14747]]},"properties":{"layer":"road","districtId":"almaty","osmType":"way","osmId":174040449,"highway":"tertiary","name":"Күйші Дина көшесі","bridge":null,"lanes":null,"oneway":null}},{"type":"Feature","geometry":{"type":"LineString","coordinates":[[71.39981,51.16504],[71.40892,51.16619]]},"properties":{"layer":"road","districtId":"saryarka","osmType":"way","osmId":178063500,"highway":"tertiary","name":"Абай даңғылы","bridge":null,"lanes":"4","oneway":null}},{"type":"Feature","geometry":{"type":"LineString","coordinates":[[71.4314,51.12573],[71.43118,51.12516]]},"properties":{"layer":"road","districtId":"esil","osmType":"way","osmId":178064166,"highway":"secondary","name":"Түркістан көшесі","bridge":null,"lanes":"5","oneway":null}},{"type":"Feature","geometry":{"type":"LineString","coordinates":[[71.39601,51.07083],[71.39555,51.07077],[71.39535,51.07054],[71.39584,51.07019],[71.39638,51.07047],[71.39601,51.07083]]},"properties":{"layer":"road","districtId":"esil","osmType":"way","osmId":180687139,"highway":"primary","name":null,"bridge":null,"lanes":"3","oneway":null}},{"type":"Feature","geometry":{"type":"LineString","coordinates":[[71.41351,51.17612],[71.41666,51.16564]]},"properties":{"layer":"road","districtId":"saryarka","osmType":"way","osmId":180687144,"highway":"tertiary","name":"Желтоқсан көшесі","bridge":null,"lanes":"4","oneway":"yes"}},{"type":"Feature","geometry":{"type":"LineString","coordinates":[[71.46166,51.15816],[71.4606,51.15781]]},"properties":{"layer":"road","districtId":"baikonur","osmType":"way","osmId":184099114,"highway":"primary","name":"Пушкин көшесі","bridge":null,"lanes":"4","oneway":null}},{"type":"Feature","geometry":{"type":"LineString","coordinates":[[71.41462,51.16381],[71.41069,51.16329]]},"properties":{"layer":"road","districtId":"saryarka","osmType":"way","osmId":184099115,"highway":"secondary","name":"Кенесары көшесі","bridge":null,"lanes":"4","oneway":"yes"}},{"type":"Feature","geometry":{"type":"LineString","coordinates":[[71.46421,51.16245],[71.46214,51.15986]]},"properties":{"layer":"road","districtId":"baikonur","osmType":"way","osmId":184099116,"highway":"tertiary","name":"Адольф Янушкевич көшесі","bridge":null,"lanes":null,"oneway":"yes"}},{"type":"Feature","geometry":{"type":"LineString","coordinates":[[71.42568,51.04418],[71.42583,51.04174]]},"properties":{"layer":"road","districtId":"esil","osmType":"way","osmId":211013465,"highway":"tertiary","name":"Сарытоғай көшесі","bridge":null,"lanes":null,"oneway":null}},{"type":"Feature","geometry":{"type":"LineString","coordinates":[[71.43111,51.04794],[71.43118,51.0418]]},"properties":{"layer":"road","districtId":"esil","osmType":"way","osmId":211013470,"highway":"tertiary","name":"Жаңадария көшесі","bridge":null,"lanes":null,"oneway":null}},{"type":"Feature","geometry":{"type":"LineString","coordinates":[[71.43099,51.0418],[71.44202,51.0419]]},"properties":{"layer":"road","districtId":"esil","osmType":"way","osmId":211013471,"highway":"tertiary","name":"Арнасай көшесі","bridge":null,"lanes":null,"oneway":null}},{"type":"Feature","geometry":{"type":"LineString","coordinates":[[71.424,51.1268],[71.42378,51.12628]]},"properties":{"layer":"road","districtId":"esil","osmType":"way","osmId":222723080,"highway":"tertiary","name":"Сауран көшесі","bridge":null,"lanes":"5","oneway":null}},{"type":"Feature","geometry":{"type":"LineString","coordinates":[[71.32551,51.22758],[71.31448,51.20969],[71.31223,51.20657],[71.3103,51.20443]]},"properties":{"layer":"road","districtId":"saryarka","osmType":"way","osmId":225197838,"highway":"trunk","name":"Астана айналма жолы","bridge":null,"lanes":"2","oneway":"yes"}},{"type":"Feature","geometry":{"type":"LineString","coordinates":[[71.32564,51.22754],[71.32647,51.2289]]},"properties":{"layer":"road","districtId":"baikonur","osmType":"way","osmId":225197839,"highway":"trunk","name":"Астана айналма жолы","bridge":"yes","lanes":"2","oneway":"yes"}},{"type":"Feature","geometry":{"type":"LineString","coordinates":[[71.32634,51.22893],[71.32551,51.22758]]},"properties":{"layer":"road","districtId":"saryarka","osmType":"way","osmId":225197840,"highway":"trunk","name":"Астана айналма жолы","bridge":"yes","lanes":"2","oneway":"yes"}},{"type":"Feature","geometry":{"type":"LineString","coordinates":[[71.32647,51.2289],[71.33654,51.24516],[71.33784,51.24675],[71.33973,51.24829],[71.34297,51.24998],[71.34665,51.25112],[71.3495,51.25161]]},"properties":{"layer":"road","districtId":"baikonur","osmType":"way","osmId":225197842,"highway":"trunk","name":"Астана айналма жолы","bridge":null,"lanes":"2","oneway":"yes"}},{"type":"Feature","geometry":{"type":"LineString","coordinates":[[71.41255,51.116],[71.41142,51.11616]]},"properties":{"layer":"road","districtId":"esil","osmType":"way","osmId":227893834,"highway":"secondary","name":"Керей Және Жәнібек Хандар көшесі","bridge":null,"lanes":"6","oneway":"no"}},{"type":"Feature","geometry":{"type":"LineString","coordinates":[[71.41123,51.11512],[71.41061,51.11169]]},"properties":{"layer":"road","districtId":"esil","osmType":"way","osmId":227893837,"highway":"secondary","name":"Қабанбай Батыр даңғылы","bridge":null,"lanes":"5","oneway":null}},{"type":"Feature","geometry":{"type":"LineString","coordinates":[[71.42195,51.14617],[71.42082,51.14435]]},"properties":{"layer":"road","districtId":"esil","osmType":"way","osmId":228228618,"highway":"secondary","name":"Қабанбай Батыр даңғылы","bridge":null,"lanes":"5","oneway":null}},{"type":"Feature","geometry":{"type":"LineString","coordinates":[[71.41652,51.12804],[71.41695,51.12916]]},"properties":{"layer":"road","districtId":"esil","osmType":"way","osmId":230358842,"highway":"tertiary","name":"Қазақ радиосы көшесі","bridge":null,"lanes":"4","oneway":null}},{"type":"Feature","geometry":{"type":"LineString","coordinates":[[71.38852,51.19989],[71.38692,51.19798]]},"properties":{"layer":"road","districtId":"saryarka","osmType":"way","osmId":230365281,"highway":"secondary","name":"Қарталы көшесі","bridge":null,"lanes":null,"oneway":null}},{"type":"Feature","geometry":{"type":"LineString","coordinates":[[71.42477,51.11871],[71.4245,51.11801]]},"properties":{"layer":"road","districtId":"esil","osmType":"way","osmId":230409098,"highway":"secondary","name":"Ақмешіт көшесі","bridge":null,"lanes":"4","oneway":null}},{"type":"Feature","geometry":{"type":"LineString","coordinates":[[71.40811,51.1935],[71.40467,51.19456],[71.40391,51.19501]]},"properties":{"layer":"road","districtId":"saryarka","osmType":"way","osmId":233298534,"highway":"tertiary","name":"Иманжүсіп Құтпанов көшесі","bridge":null,"lanes":null,"oneway":null}},{"type":"Feature","geometry":{"type":"LineString","coordinates":[[71.40541,51.19184],[71.40673,51.1914]]},"properties":{"layer":"road","districtId":"saryarka","osmType":"way","osmId":236528231,"highway":"secondary","name":"Конституция көшесі","bridge":null,"lanes":null,"oneway":null}},{"type":"Feature","geometry":{"type":"LineString","coordinates":[[71.40541,51.19184],[71.40685,51.19092]]},"properties":{"layer":"road","districtId":"saryarka","osmType":"way","osmId":236528232,"highway":"secondary","name":"Ілияс Есенберлин көшесі","bridge":null,"lanes":null,"oneway":"yes"}},{"type":"Feature","geometry":{"type":"LineString","coordinates":[[71.40541,51.19184],[71.40286,51.19271],[71.4015,51.19344]]},"properties":{"layer":"road","districtId":"saryarka","osmType":"way","osmId":236528235,"highway":"secondary","name":"Конституция көшесі","bridge":null,"lanes":null,"oneway":null}},{"type":"Feature","geometry":{"type":"LineString","coordinates":[[71.22232,51.09872],[71.2403,51.1049],[71.25354,51.10984],[71.2746,51.11729]]},"properties":{"layer":"road","districtId":"nura","osmType":"way","osmId":239795202,"highway":"primary","name":"Қорғалжын тас жолы","bridge":null,"lanes":null,"oneway":"yes"}},{"type":"Feature","geometry":{"type":"LineString","coordinates":[[71.2813,51.11978],[71.25469,51.11042],[71.24561,51.107],[71.22232,51.09872]]},"properties":{"layer":"road","districtId":"nura","osmType":"way","osmId":239795203,"highway":"primary","name":"Қорғалжын тас жолы","bridge":null,"lanes":null,"oneway":"yes"}},{"type":"Feature","geometry":{"type":"LineString","coordinates":[[71.47632,51.19776],[71.47697,51.19745],[71.47745,51.19748],[71.47782,51.19772]]},"properties":{"layer":"road","districtId":"baikonur","osmType":"way","osmId":239795375,"highway":"secondary","name":null,"bridge":null,"lanes":null,"oneway":null}},{"type":"Feature","geometry":{"type":"LineString","coordinates":[[71.44651,51.14854],[71.45537,51.15084]]},"properties":{"layer":"road","districtId":"almaty","osmType":"way","osmId":241159461,"highway":"tertiary","name":"Мұзафар Әлімбаев көшесі","bridge":null,"lanes":null,"oneway":null}},{"type":"Feature","geometry":{"type":"LineString","coordinates":[[71.49588,51.14496],[71.50266,51.1355]]},"properties":{"layer":"road","districtId":"almaty","osmType":"way","osmId":241597797,"highway":"tertiary","name":"Қордай көшесі","bridge":null,"lanes":null,"oneway":null}},{"type":"Feature","geometry":{"type":"LineString","coordinates":[[71.485,51.12842],[71.48298,51.1279]]},"properties":{"layer":"road","districtId":"almaty","osmType":"way","osmId":241597848,"highway":"tertiary","name":"Айнакөл көшесі","bridge":null,"lanes":null,"oneway":null}},{"type":"Feature","geometry":{"type":"LineString","coordinates":[[71.3103,51.20443],[71.30723,51.20124]]},"properties":{"layer":"road","districtId":"saryarka","osmType":"way","osmId":242323312,"highway":"trunk","name":"Астана айналма жолы","bridge":null,"lanes":"2","oneway":"yes"}},{"type":"Feature","geometry":{"type":"LineString","coordinates":[[71.62604,51.12568],[71.62026,51.12667]]},"properties":{"layer":"road","districtId":"almaty","osmType":"way","osmId":242323316,"highway":"trunk","name":null,"bridge":null,"lanes":"2","oneway":"yes"}},{"type":"Feature","geometry":{"type":"LineString","coordinates":[[71.43981,51.15908],[71.44174,51.15866]]},"properties":{"layer":"road","districtId":"baikonur","osmType":"way","osmId":242466145,"highway":"secondary","name":"Александр Кравцов көшесі","bridge":null,"lanes":"3","oneway":"yes"}},{"type":"Feature","geometry":{"type":"LineString","coordinates":[[71.43744,51.1247],[71.43756,51.12468]]},"properties":{"layer":"road","districtId":"esil","osmType":"way","osmId":242598855,"highway":"tertiary","name":"Достық көшесі","bridge":null,"lanes":null,"oneway":"yes"}},{"type":"Feature","geometry":{"type":"LineString","coordinates":[[71.37743,51.17204],[71.37761,51.17205]]},"properties":{"layer":"road","districtId":"saryarka","osmType":"way","osmId":242921605,"highway":"secondary","name":"Шаймерден Қосшығұлұлы көшесі","bridge":null,"lanes":"3","oneway":"yes"}},{"type":"Feature","geometry":{"type":"LineString","coordinates":[[71.38078,51.1843],[71.38581,51.18252]]},"properties":{"layer":"road","districtId":"saryarka","osmType":"way","osmId":243035157,"highway":"tertiary","name":"Фахд бен Абдулл Азиз көшесі","bridge":null,"lanes":null,"oneway":null}},{"type":"Feature","geometry":{"type":"LineString","coordinates":[[71.42702,51.09545],[71.4493,51.09228]]},"properties":{"layer":"road","districtId":"esil","osmType":"way","osmId":243133841,"highway":"secondary","name":"Ұлы Дала даңғылы","bridge":null,"lanes":null,"oneway":"yes"}},{"type":"Feature","geometry":{"type":"LineString","coordinates":[[71.45533,51.15593],[71.45364,51.1552]]},"properties":{"layer":"road","districtId":"baikonur","osmType":"way","osmId":243139486,"highway":"primary","name":"Пушкин көшесі","bridge":null,"lanes":"4","oneway":null}},{"type":"Feature","geometry":{"type":"LineString","coordinates":[[71.43542,51.18079],[71.43006,51.18018]]},"properties":{"layer":"road","districtId":"saryarka","osmType":"way","osmId":243149582,"highway":"tertiary","name":"Ықылас Дүкенұлы көшесі","bridge":null,"lanes":null,"oneway":null}},{"type":"Feature","geometry":{"type":"LineString","coordinates":[[71.4007,51.16203],[71.39887,51.16818]]},"properties":{"layer":"road","districtId":"saryarka","osmType":"way","osmId":243183883,"highway":"tertiary","name":"Кенжебек Күмісбеков көшесі","bridge":null,"lanes":"6","oneway":null}},{"type":"Feature","geometry":{"type":"LineString","coordinates":[[71.43852,51.11232],[71.43313,51.10278]]},"properties":{"layer":"road","districtId":"esil","osmType":"way","osmId":243215793,"highway":"tertiary","name":"Әлихан Бөкейхан көшесі","bridge":null,"lanes":"2","oneway":null}},{"type":"Feature","geometry":{"type":"LineString","coordinates":[[71.43676,51.19289],[71.43409,51.19544],[71.43218,51.19665]]},"properties":{"layer":"road","districtId":"baikonur","osmType":"way","osmId":243286665,"highway":"secondary","name":"Николай Гоголь көшесі","bridge":null,"lanes":"2","oneway":null}},{"type":"Feature","geometry":{"type":"LineString","coordinates":[[71.39763,51.20341],[71.39666,51.20709],[71.39595,51.2088],[71.39046,51.21192]]},"properties":{"layer":"road","districtId":"baikonur","osmType":"way","osmId":243286666,"highway":"tertiary","name":"Қошке Кемеңгерұлы көшесі","bridge":null,"lanes":null,"oneway":null}},{"type":"Feature","geometry":{"type":"LineString","coordinates":[[71.38455,51.21153],[71.3837,51.21112],[71.38189,51.20957],[71.3788,51.20581]]},"properties":{"layer":"road","districtId":"baikonur","osmType":"way","osmId":243286669,"highway":"secondary","name":"Малахов көшесі","bridge":null,"lanes":null,"oneway":null}},{"type":"Feature","geometry":{"type":"LineString","coordinates":[[71.42547,51.19759],[71.41965,51.19724],[71.41432,51.1976],[71.41253,51.19818],[71.4107,51.19943]]},"properties":{"layer":"road","districtId":"baikonur","osmType":"way","osmId":243286672,"highway":"secondary","name":"Тайбурыл көшесі","bridge":null,"lanes":"2","oneway":null}},{"type":"Feature","geometry":{"type":"LineString","coordinates":[[71.4107,51.19943],[71.41051,51.20066]]},"properties":{"layer":"road","districtId":"baikonur","osmType":"way","osmId":243286674,"highway":"secondary","name":"Үшқоңыр көшесі","bridge":null,"lanes":"2","oneway":null}},{"type":"Feature","geometry":{"type":"LineString","coordinates":[[71.43218,51.19665],[71.42856,51.1962]]},"properties":{"layer":"road","districtId":"baikonur","osmType":"way","osmId":243296032,"highway":"secondary","name":null,"bridge":null,"lanes":"2","oneway":null}},{"type":"Feature","geometry":{"type":"LineString","coordinates":[[71.45537,51.15084],[71.45563,51.15093]]},"properties":{"layer":"road","districtId":"almaty","osmType":"way","osmId":243296057,"highway":"tertiary","name":"Мұзафар Әлімбаев көшесі","bridge":null,"lanes":null,"oneway":null}},{"type":"Feature","geometry":{"type":"LineString","coordinates":[[71.5127,51.13625],[71.51085,51.13887]]},"properties":{"layer":"road","districtId":"almaty","osmType":"way","osmId":243435386,"highway":"tertiary","name":"Бесшалқар көшесі","bridge":null,"lanes":null,"oneway":null}},{"type":"Feature","geometry":{"type":"LineString","coordinates":[[71.37213,51.26043],[71.36985,51.2657]]},"properties":{"layer":"road","districtId":"baikonur","osmType":"way","osmId":243512124,"highway":"motorway","name":null,"bridge":null,"lanes":"3","oneway":"yes"}},{"type":"Feature","geometry":{"type":"LineString","coordinates":[[71.37432,51.25496],[71.37615,51.25083]]},"properties":{"layer":"road","districtId":"baikonur","osmType":"way","osmId":243512125,"highway":"secondary","name":null,"bridge":null,"lanes":null,"oneway":"yes"}},{"type":"Feature","geometry":{"type":"LineString","coordinates":[[71.37327,51.2556],[71.38656,51.25785]]},"properties":{"layer":"road","districtId":"baikonur","osmType":"way","osmId":243512126,"highway":"trunk","name":"Астана айналма жолы","bridge":null,"lanes":"2","oneway":"yes"}},{"type":"Feature","geometry":{"type":"LineString","coordinates":[[71.3814,51.25705],[71.35039,51.25187]]},"properties":{"layer":"road","districtId":"baikonur","osmType":"way","osmId":243512127,"highway":"trunk","name":"Астана айналма жолы","bridge":null,"lanes":"2","oneway":"yes"}},{"type":"Feature","geometry":{"type":"LineString","coordinates":[[71.36435,51.19411],[71.37503,51.20584]]},"properties":{"layer":"road","districtId":"saryarka","osmType":"way","osmId":243757588,"highway":"tertiary","name":"Герцен көшесі","bridge":null,"lanes":null,"oneway":null}},{"type":"Feature","geometry":{"type":"LineString","coordinates":[[71.38679,51.20033],[71.38852,51.19989]]},"properties":{"layer":"road","districtId":"saryarka","osmType":"way","osmId":243757592,"highway":"secondary","name":"Қарасай Батыр көшесі","bridge":null,"lanes":null,"oneway":null}},{"type":"Feature","geometry":{"type":"LineString","coordinates":[[71.48447,51.13136],[71.49377,51.13398]]},"properties":{"layer":"road","districtId":"almaty","osmType":"way","osmId":243899549,"highway":"tertiary","name":"Балқантау көшесі","bridge":null,"lanes":null,"oneway":null}},{"type":"Feature","geometry":{"type":"LineString","coordinates":[[71.48298,51.1279],[71.47763,51.12911]]},"properties":{"layer":"road","districtId":"almaty","osmType":"way","osmId":243908937,"highway":"tertiary","name":"Кеңгір көшесі","bridge":null,"lanes":null,"oneway":null}},{"type":"Feature","geometry":{"type":"LineString","coordinates":[[71.43064,51.14453],[71.43338,51.13924]]},"properties":{"layer":"road","districtId":"esil","osmType":"way","osmId":244168492,"highway":"tertiary","name":"Арай көшесі","bridge":null,"lanes":null,"oneway":null}},{"type":"Feature","geometry":{"type":"LineString","coordinates":[[71.49435,51.09622],[71.47808,51.09364]]},"properties":{"layer":"road","districtId":"esil","osmType":"way","osmId":244287127,"highway":"tertiary","name":"Мұғалжар көшесі","bridge":null,"lanes":null,"oneway":null}},{"type":"Feature","geometry":{"type":"LineString","coordinates":[[71.47808,51.09364],[71.47716,51.09365],[71.47142,51.0959]]},"properties":{"layer":"road","districtId":"esil","osmType":"way","osmId":244679843,"highway":"tertiary","name":"Керей Және Жәнібек Хандар көшесі","bridge":null,"lanes":null,"oneway":null}},{"type":"Feature","geometry":{"type":"LineString","coordinates":[[71.40391,51.19501],[71.38852,51.19989]]},"properties":{"layer":"road","districtId":"saryarka","osmType":"way","osmId":244831719,"highway":"tertiary","name":"Қарасай Батыр көшесі","bridge":null,"lanes":null,"oneway":null}},{"type":"Feature","geometry":{"type":"LineString","coordinates":[[71.40718,51.17241],[71.41188,51.17291]]},"properties":{"layer":"road","districtId":"saryarka","osmType":"way","osmId":246681929,"highway":"tertiary","name":"Әліби Жангелдин көшесі","bridge":null,"lanes":"4","oneway":null}},{"type":"Feature","geometry":{"type":"LineString","coordinates":[[71.39464,51.18366],[71.40372,51.18473]]},"properties":{"layer":"road","districtId":"saryarka","osmType":"way","osmId":246682090,"highway":"tertiary","name":"Әлия Молдағұлова көшесі","bridge":null,"lanes":"2","oneway":null}},{"type":"Feature","geometry":{"type":"LineString","coordinates":[[71.37615,51.25083],[71.37443,51.255]]},"properties":{"layer":"road","districtId":"baikonur","osmType":"way","osmId":247907875,"highway":"secondary","name":null,"bridge":null,"lanes":null,"oneway":"yes"}},{"type":"Feature","geometry":{"type":"LineString","coordinates":[[71.37425,51.25541],[71.37388,51.25628]]},"properties":{"layer":"road","districtId":"baikonur","osmType":"way","osmId":247907886,"highway":"trunk","name":null,"bridge":"yes","lanes":null,"oneway":"yes"}},{"type":"Feature","geometry":{"type":"LineString","coordinates":[[71.37413,51.25539],[71.37432,51.25496]]},"properties":{"layer":"road","districtId":"baikonur","osmType":"way","osmId":247907888,"highway":"trunk","name":null,"bridge":null,"lanes":null,"oneway":"yes"}},{"type":"Feature","geometry":{"type":"LineString","coordinates":[[71.37376,51.25626],[71.37413,51.25539]]},"properties":{"layer":"road","districtId":"baikonur","osmType":"way","osmId":247907890,"highway":"trunk","name":null,"bridge":"yes","lanes":null,"oneway":"yes"}},{"type":"Feature","geometry":{"type":"LineString","coordinates":[[71.44803,51.18785],[71.44753,51.18653]]},"properties":{"layer":"road","districtId":"baikonur","osmType":"way","osmId":247909081,"highway":"secondary","name":"проспект Акжол","bridge":null,"lanes":"4","oneway":null}},{"type":"Feature","geometry":{"type":"LineString","coordinates":[[71.5328,51.15506],[71.52194,51.15918]]},"properties":{"layer":"road","districtId":"almaty","osmType":"way","osmId":247910395,"highway":"secondary","name":"Ақжол даңғылы","bridge":null,"lanes":"3","oneway":"yes"}},{"type":"Feature","geometry":{"type":"LineString","coordinates":[[71.53905,51.1527],[71.53703,51.15349]]},"properties":{"layer":"road","districtId":"almaty","osmType":"way","osmId":247910398,"highway":"secondary","name":"Ақжол даңғылы","bridge":null,"lanes":null,"oneway":"yes"}},{"type":"Feature","geometry":{"type":"LineString","coordinates":[[71.53205,51.15521],[71.53681,51.15339]]},"properties":{"layer":"road","districtId":"almaty","osmType":"way","osmId":247910402,"highway":"secondary","name":"Ақжол даңғылы","bridge":null,"lanes":"4","oneway":"yes"}},{"type":"Feature","geometry":{"type":"LineString","coordinates":[[71.45821,51.02895],[71.4601,51.02773],[71.46071,51.02764],[71.46246,51.02865],[71.46257,51.0291]]},"properties":{"layer":"road","districtId":"esil","osmType":"way","osmId":255969466,"highway":"tertiary","name":null,"bridge":null,"lanes":null,"oneway":"yes"}},{"type":"Feature","geometry":{"type":"LineString","coordinates":[[71.46228,51.02894],[71.46234,51.02879],[71.46171,51.02835],[71.46054,51.02777],[71.45875,51.02878],[71.45857,51.02908]]},"properties":{"layer":"road","districtId":"esil","osmType":"way","osmId":255969469,"highway":"tertiary","name":null,"bridge":null,"lanes":null,"oneway":"yes"}},{"type":"Feature","geometry":{"type":"LineString","coordinates":[[71.41373,51.12923],[71.41362,51.1285]]},"properties":{"layer":"road","districtId":"esil","osmType":"way","osmId":255969479,"highway":"secondary","name":"Қабанбай Батыр даңғылы","bridge":null,"lanes":"5","oneway":null}},{"type":"Feature","geometry":{"type":"LineString","coordinates":[[71.4143,51.13251],[71.41373,51.12923]]},"properties":{"layer":"road","districtId":"esil","osmType":"way","osmId":255969480,"highway":"secondary","name":"Қабанбай Батыр даңғылы","bridge":"yes","lanes":"4","oneway":null}},{"type":"Feature","geometry":{"type":"LineString","coordinates":[[71.41522,51.06325],[71.41511,51.06293]]},"properties":{"layer":"road","districtId":"esil","osmType":"way","osmId":255969483,"highway":"secondary","name":"Мәңгілік Ел даңғылы","bridge":"yes","lanes":null,"oneway":"yes"}},{"type":"Feature","geometry":{"type":"LineString","coordinates":[[71.41529,51.0629],[71.4154,51.0632]]},"properties":{"layer":"road","districtId":"esil","osmType":"way","osmId":255969484,"highway":"secondary","name":"Мәңгілік Ел даңғылы","bridge":"yes","lanes":null,"oneway":"yes"}},{"type":"Feature","geometry":{"type":"LineString","coordinates":[[71.41511,51.06293],[71.41384,51.05938]]},"properties":{"layer":"road","districtId":"esil","osmType":"way","osmId":255969485,"highway":"secondary","name":"Мәңгілік Ел даңғылы","bridge":null,"lanes":"3","oneway":"yes"}},{"type":"Feature","geometry":{"type":"LineString","coordinates":[[71.43179,51.10878],[71.43321,51.1128]]},"properties":{"layer":"road","districtId":"esil","osmType":"way","osmId":255969486,"highway":"secondary","name":"Мәңгілік Ел даңғылы","bridge":null,"lanes":null,"oneway":"yes"}},{"type":"Feature","geometry":{"type":"LineString","coordinates":[[71.3786,51.20556],[71.37823,51.20503]]},"properties":{"layer":"road","districtId":"saryarka","osmType":"way","osmId":257154422,"highway":"secondary","name":"Малахов көшесі","bridge":null,"lanes":null,"oneway":null}},{"type":"Feature","geometry":{"type":"LineString","coordinates":[[71.3788,51.20581],[71.3786,51.20556]]},"properties":{"layer":"road","districtId":"saryarka","osmType":"way","osmId":257154424,"highway":"secondary","name":"Малахов көшесі","bridge":null,"lanes":null,"oneway":null}},{"type":"Feature","geometry":{"type":"LineString","coordinates":[[71.59486,51.09591],[71.59389,51.09474]]},"properties":{"layer":"road","districtId":"esil","osmType":"way","osmId":257462392,"highway":"trunk","name":"Астана айналма жолы","bridge":"yes","lanes":"2","oneway":"yes"}},{"type":"Feature","geometry":{"type":"LineString","coordinates":[[71.59389,51.09474],[71.57322,51.06992],[71.57079,51.06751],[71.56684,51.06438]]},"properties":{"layer":"road","districtId":"esil","osmType":"way","osmId":257462395,"highway":"trunk","name":"Астана айналма жолы","bridge":null,"lanes":"2","oneway":"yes"}},{"type":"Feature","geometry":{"type":"LineString","coordinates":[[71.62311,51.12952],[71.62342,51.1299]]},"properties":{"layer":"road","districtId":"almaty","osmType":"way","osmId":257482942,"highway":"trunk","name":"Астана айналма жолы","bridge":"yes","lanes":"1","oneway":"yes"}},{"type":"Feature","geometry":{"type":"LineString","coordinates":[[71.62332,51.12993],[71.623,51.12956]]},"properties":{"layer":"road","districtId":"almaty","osmType":"way","osmId":257482943,"highway":"trunk","name":"Астана айналма жолы","bridge":"yes","lanes":"1","oneway":"yes"}},{"type":"Feature","geometry":{"type":"LineString","coordinates":[[71.623,51.12956],[71.62274,51.12924]]},"properties":{"layer":"road","districtId":"almaty","osmType":"way","osmId":257482944,"highway":"trunk","name":"Астана айналма жолы","bridge":null,"lanes":"1","oneway":"yes"}},{"type":"Feature","geometry":{"type":"LineString","coordinates":[[71.62342,51.1299],[71.62797,51.13542]]},"properties":{"layer":"road","districtId":"almaty","osmType":"way","osmId":257482945,"highway":"trunk","name":"Астана айналма жолы","bridge":null,"lanes":"1","oneway":"yes"}},{"type":"Feature","geometry":{"type":"LineString","coordinates":[[71.38173,51.12982],[71.39576,51.12809]]},"properties":{"layer":"road","districtId":"nura","osmType":"way","osmId":257688019,"highway":"secondary","name":"Сығанақ көшесі","bridge":null,"lanes":"4","oneway":"yes"}},{"type":"Feature","geometry":{"type":"LineString","coordinates":[[71.35971,51.12649],[71.36182,51.13221]]},"properties":{"layer":"road","districtId":"nura","osmType":"way","osmId":257688020,"highway":"tertiary","name":"Шыңғыс Айтматов көшесі","bridge":null,"lanes":null,"oneway":"yes"}},{"type":"Feature","geometry":{"type":"LineString","coordinates":[[71.43493,51.17568],[71.4343,51.17827]]},"properties":{"layer":"road","districtId":"baikonur","osmType":"way","osmId":257846713,"highway":"tertiary","name":"Генерал Сабыр Рақымов көшесі","bridge":null,"lanes":null,"oneway":"yes"}},{"type":"Feature","geometry":{"type":"LineString","coordinates":[[71.374,51.16312],[71.37018,51.15173]]},"properties":{"layer":"road","districtId":"nura","osmType":"way","osmId":257866337,"highway":"secondary","name":"Шыңғыс Айтматов көшесі","bridge":null,"lanes":null,"oneway":"yes"}},{"type":"Feature","geometry":{"type":"LineString","coordinates":[[71.36839,51.14793],[71.36861,51.14787]]},"properties":{"layer":"road","districtId":"nura","osmType":"way","osmId":257866338,"highway":"primary","name":"Қорғалжын тас жолы","bridge":null,"lanes":"3","oneway":"yes"}},{"type":"Feature","geometry":{"type":"LineString","coordinates":[[71.44453,51.18168],[71.45157,51.17907],[71.45396,51.17889],[71.45911,51.17735]]},"properties":{"layer":"road","districtId":"baikonur","osmType":"way","osmId":257870322,"highway":"tertiary","name":"Жиенқұлова көшесі","bridge":null,"lanes":null,"oneway":null}},{"type":"Feature","geometry":{"type":"LineString","coordinates":[[71.39885,51.16827],[71.39476,51.16777]]},"properties":{"layer":"road","districtId":"saryarka","osmType":"way","osmId":257890169,"highway":"secondary","name":"Шаймерден Қосшығұлұлы көшесі","bridge":null,"lanes":"3","oneway":"yes"}},{"type":"Feature","geometry":{"type":"LineString","coordinates":[[71.37237,51.17241],[71.36663,51.17558]]},"properties":{"layer":"road","districtId":"saryarka","osmType":"way","osmId":257890171,"highway":"tertiary","name":"Қараменде Би Шақаұлы көшесі","bridge":null,"lanes":null,"oneway":null}},{"type":"Feature","geometry":{"type":"LineString","coordinates":[[71.41666,51.16564],[71.41709,51.16415]]},"properties":{"layer":"road","districtId":"saryarka","osmType":"way","osmId":257900111,"highway":"tertiary","name":"Желтоқсан көшесі","bridge":null,"lanes":"3","oneway":"yes"}},{"type":"Feature","geometry":{"type":"LineString","coordinates":[[71.44161,51.16127],[71.44167,51.1611]]},"properties":{"layer":"road","districtId":"baikonur","osmType":"way","osmId":257917470,"highway":"secondary","name":"Шоқан Уәлиханов көшесі","bridge":null,"lanes":"4","oneway":null}},{"type":"Feature","geometry":{"type":"LineString","coordinates":[[71.46135,51.15886],[71.46144,51.15861]]},"properties":{"layer":"road","districtId":"baikonur","osmType":"way","osmId":257917473,"highway":"tertiary","name":null,"bridge":null,"lanes":"5","oneway":null}},{"type":"Feature","geometry":{"type":"LineString","coordinates":[[71.44753,51.18653],[71.44735,51.18601]]},"properties":{"layer":"road","districtId":"baikonur","osmType":"way","osmId":257917474,"highway":"secondary","name":"проспект Акжол","bridge":null,"lanes":"2","oneway":"yes"}},{"type":"Feature","geometry":{"type":"LineString","coordinates":[[71.50848,51.15287],[71.50811,51.15301]]},"properties":{"layer":"road","districtId":"almaty","osmType":"way","osmId":258042555,"highway":"secondary","name":"Шәкәрім Құдайбердіұлы даңғылы","bridge":null,"lanes":"4","oneway":null}},{"type":"Feature","geometry":{"type":"LineString","coordinates":[[71.49377,51.13398],[71.51381,51.13972]]},"properties":{"layer":"road","districtId":"almaty","osmType":"way","osmId":258045966,"highway":"tertiary","name":"Балқантау көшесі","bridge":null,"lanes":"2","oneway":null}},{"type":"Feature","geometry":{"type":"LineString","coordinates":[[71.42329,51.1469],[71.42775,51.14464]]},"properties":{"layer":"road","districtId":"esil","osmType":"way","osmId":258048023,"highway":"tertiary","name":"Космонавтов көшесі","bridge":null,"lanes":"2","oneway":null}},{"type":"Feature","geometry":{"type":"LineString","coordinates":[[71.45895,51.17075],[71.45444,51.17192]]},"properties":{"layer":"road","districtId":"baikonur","osmType":"way","osmId":258124646,"highway":"tertiary","name":"Сәкен Сейфуллин көшесі","bridge":null,"lanes":null,"oneway":null}},{"type":"Feature","geometry":{"type":"LineString","coordinates":[[71.39576,51.12809],[71.39582,51.12825]]},"properties":{"layer":"road","districtId":"nura","osmType":"way","osmId":258128215,"highway":"tertiary","name":null,"bridge":null,"lanes":null,"oneway":null}},{"type":"Feature","geometry":{"type":"LineString","coordinates":[[71.42568,51.04418],[71.43118,51.04453]]},"properties":{"layer":"road","districtId":"esil","osmType":"way","osmId":258242238,"highway":"tertiary","name":"Беласар көшесі","bridge":null,"lanes":null,"oneway":null}},{"type":"Feature","geometry":{"type":"LineString","coordinates":[[71.39196,51.16822],[71.38643,51.17053],[71.38274,51.17143]]},"properties":{"layer":"road","districtId":"saryarka","osmType":"way","osmId":258352690,"highway":"secondary","name":"Шаймерден Қосшығұлұлы көшесі","bridge":null,"lanes":"3","oneway":"yes"}},{"type":"Feature","geometry":{"type":"LineString","coordinates":[[71.39186,51.16815],[71.39338,51.16772],[71.39485,51.16767]]},"properties":{"layer":"road","districtId":"saryarka","osmType":"way","osmId":258352692,"highway":"secondary","name":"Шаймерден Қосшығұлұлы көшесі","bridge":null,"lanes":"3","oneway":"yes"}},{"type":"Feature","geometry":{"type":"LineString","coordinates":[[71.47474,51.18446],[71.47426,51.18461]]},"properties":{"layer":"road","districtId":"baikonur","osmType":"way","osmId":258461276,"highway":"tertiary","name":"Жетіген көшесі","bridge":null,"lanes":"2","oneway":null}},{"type":"Feature","geometry":{"type":"LineString","coordinates":[[71.4153,51.18803],[71.41604,51.18885]]},"properties":{"layer":"road","districtId":"saryarka","osmType":"way","osmId":258502225,"highway":"tertiary","name":null,"bridge":null,"lanes":null,"oneway":"yes"}},{"type":"Feature","geometry":{"type":"LineString","coordinates":[[71.43756,51.12468],[71.43871,51.1245]]},"properties":{"layer":"road","districtId":"esil","osmType":"way","osmId":258637589,"highway":"tertiary","name":"Достық көшесі","bridge":null,"lanes":null,"oneway":"yes"}},{"type":"Feature","geometry":{"type":"LineString","coordinates":[[71.44286,51.12881],[71.44279,51.12882]]},"properties":{"layer":"road","districtId":"esil","osmType":"way","osmId":258669148,"highway":"tertiary","name":"Қонаев көшесі","bridge":null,"lanes":"4","oneway":null}},{"type":"Feature","geometry":{"type":"LineString","coordinates":[[71.40193,51.22605],[71.41364,51.22568],[71.41892,51.22532],[71.42327,51.22444],[71.42681,51.22334],[71.43018,51.22179],[71.43189,51.22077],[71.44695,51.20956],[71.44943,51.2081]]},"properties":{"layer":"road","districtId":"baikonur","osmType":"way","osmId":258804063,"highway":"secondary","name":"191-ші көше","bridge":null,"lanes":"2","oneway":null}},{"type":"Feature","geometry":{"type":"LineString","coordinates":[[71.47441,51.19924],[71.47263,51.19947]]},"properties":{"layer":"road","districtId":"baikonur","osmType":"way","osmId":258806690,"highway":"secondary","name":null,"bridge":null,"lanes":null,"oneway":null}},{"type":"Feature","geometry":{"type":"LineString","coordinates":[[71.34944,51.2517],[71.34556,51.25094],[71.34289,51.25005],[71.33963,51.24835],[71.33774,51.2468],[71.33643,51.24519],[71.32634,51.22893]]},"properties":{"layer":"road","districtId":"baikonur","osmType":"way","osmId":258877511,"highway":"trunk","name":"Астана айналма жолы","bridge":null,"lanes":"2","oneway":"yes"}},{"type":"Feature","geometry":{"type":"LineString","coordinates":[[71.3495,51.25161],[71.35045,51.25176]]},"properties":{"layer":"road","districtId":"baikonur","osmType":"way","osmId":258877513,"highway":"trunk","name":"Астана айналма жолы","bridge":"yes","lanes":"2","oneway":"yes"}},{"type":"Feature","geometry":{"type":"LineString","coordinates":[[71.35039,51.25187],[71.34944,51.2517]]},"properties":{"layer":"road","districtId":"baikonur","osmType":"way","osmId":258877515,"highway":"trunk","name":"Астана айналма жолы","bridge":"yes","lanes":"2","oneway":"yes"}},{"type":"Feature","geometry":{"type":"LineString","coordinates":[[71.35045,51.25176],[71.37327,51.2556]]},"properties":{"layer":"road","districtId":"baikonur","osmType":"way","osmId":258877520,"highway":"trunk","name":"Астана айналма жолы","bridge":null,"lanes":"2","oneway":"yes"}},{"type":"Feature","geometry":{"type":"LineString","coordinates":[[71.53024,51.15587],[71.53205,51.15521]]},"properties":{"layer":"road","districtId":"almaty","osmType":"way","osmId":258890873,"highway":"secondary","name":"Ақжол даңғылы","bridge":null,"lanes":"3","oneway":"yes"}},{"type":"Feature","geometry":{"type":"LineString","coordinates":[[71.53703,51.15349],[71.5328,51.15506]]},"properties":{"layer":"road","districtId":"almaty","osmType":"way","osmId":258890875,"highway":"secondary","name":"Ақжол даңғылы","bridge":null,"lanes":"4","oneway":"yes"}},{"type":"Feature","geometry":{"type":"LineString","coordinates":[[71.53681,51.15339],[71.54052,51.15207]]},"properties":{"layer":"road","districtId":"almaty","osmType":"way","osmId":258890879,"highway":"secondary","name":"Ақжол даңғылы","bridge":null,"lanes":"2","oneway":"yes"}},{"type":"Feature","geometry":{"type":"LineString","coordinates":[[71.31262,51.19811],[71.30774,51.20043]]},"properties":{"layer":"road","districtId":"saryarka","osmType":"way","osmId":258890882,"highway":"primary","name":"Нұрғиса Тілендиев даңғылы","bridge":null,"lanes":"2","oneway":"yes"}},{"type":"Feature","geometry":{"type":"LineString","coordinates":[[71.30799,51.2001],[71.31757,51.19552],[71.32164,51.19424]]},"properties":{"layer":"road","districtId":"saryarka","osmType":"way","osmId":258890883,"highway":"primary","name":"Нұрғиса Тілендиев даңғылы","bridge":null,"lanes":"3","oneway":"yes"}},{"type":"Feature","geometry":{"type":"LineString","coordinates":[[71.36813,51.14799],[71.36807,51.14788]]},"properties":{"layer":"road","districtId":"nura","osmType":"way","osmId":258890885,"highway":"secondary","name":"Шыңғыс Айтматов көшесі","bridge":null,"lanes":null,"oneway":"yes"}},{"type":"Feature","geometry":{"type":"LineString","coordinates":[[71.36845,51.14803],[71.36854,51.14817]]},"properties":{"layer":"road","districtId":"nura","osmType":"way","osmId":258890886,"highway":"secondary","name":"Шыңғыс Айтматов көшесі","bridge":null,"lanes":null,"oneway":"yes"}},{"type":"Feature","geometry":{"type":"LineString","coordinates":[[71.41271,51.18949],[71.41385,51.18914]]},"properties":{"layer":"road","districtId":"saryarka","osmType":"way","osmId":258959962,"highway":"secondary","name":"Ілияс Есенберлин көшесі","bridge":null,"lanes":null,"oneway":null}},{"type":"Feature","geometry":{"type":"LineString","coordinates":[[71.41385,51.18914],[71.41503,51.18877]]},"properties":{"layer":"road","districtId":"saryarka","osmType":"way","osmId":258959964,"highway":"secondary","name":"Ілияс Есенберлин көшесі","bridge":null,"lanes":null,"oneway":null}},{"type":"Feature","geometry":{"type":"LineString","coordinates":[[71.41703,51.17636],[71.41793,51.17635],[71.41854,51.17602]]},"properties":{"layer":"road","districtId":"saryarka","osmType":"way","osmId":259015476,"highway":"secondary","name":null,"bridge":null,"lanes":"1","oneway":"yes"}},{"type":"Feature","geometry":{"type":"LineString","coordinates":[[71.41867,51.17601],[71.4188,51.17637],[71.41937,51.17663]]},"properties":{"layer":"road","districtId":"saryarka","osmType":"way","osmId":259015477,"highway":"secondary","name":null,"bridge":null,"lanes":null,"oneway":"yes"}},{"type":"Feature","geometry":{"type":"LineString","coordinates":[[71.4194,51.17679],[71.41871,51.17684],[71.41835,51.17718]]},"properties":{"layer":"road","districtId":"saryarka","osmType":"way","osmId":259015478,"highway":"secondary","name":null,"bridge":null,"lanes":null,"oneway":"yes"}},{"type":"Feature","geometry":{"type":"LineString","coordinates":[[71.41822,51.17719],[71.41808,51.17676],[71.41766,51.1766]]},"properties":{"layer":"road","districtId":"saryarka","osmType":"way","osmId":259015479,"highway":"secondary","name":null,"bridge":null,"lanes":null,"oneway":"yes"}},{"type":"Feature","geometry":{"type":"LineString","coordinates":[[71.41808,51.17822],[71.41833,51.17881]]},"properties":{"layer":"road","districtId":"saryarka","osmType":"way","osmId":259015480,"highway":"tertiary","name":null,"bridge":null,"lanes":null,"oneway":"yes"}},{"type":"Feature","geometry":{"type":"LineString","coordinates":[[71.41856,51.17884],[71.41786,51.17903]]},"properties":{"layer":"road","districtId":"saryarka","osmType":"way","osmId":259015481,"highway":"tertiary","name":null,"bridge":null,"lanes":null,"oneway":"yes"}},{"type":"Feature","geometry":{"type":"LineString","coordinates":[[71.41822,51.17719],[71.41834,51.17667]]},"properties":{"layer":"road","districtId":"saryarka","osmType":"way","osmId":259015482,"highway":"secondary","name":"Бейбітшілік көшесі","bridge":null,"lanes":null,"oneway":"yes"}},{"type":"Feature","geometry":{"type":"LineString","coordinates":[[71.41206,51.14616],[71.41041,51.146]]},"properties":{"layer":"road","districtId":"nura","osmType":"way","osmId":259714712,"highway":"primary","name":"Қорғалжын тас жолы","bridge":null,"lanes":"3","oneway":"yes"}},{"type":"Feature","geometry":{"type":"LineString","coordinates":[[71.43079,51.15372],[71.42879,51.15229]]},"properties":{"layer":"road","districtId":"saryarka","osmType":"way","osmId":259714717,"highway":"secondary","name":"Александр Бараев көшесі","bridge":null,"lanes":"6","oneway":null}},{"type":"Feature","geometry":{"type":"LineString","coordinates":[[71.42254,51.14711],[71.42195,51.14617]]},"properties":{"layer":"road","districtId":"esil","osmType":"way","osmId":259714718,"highway":"secondary","name":"Қабанбай Батыр даңғылы","bridge":null,"lanes":"7","oneway":null}},{"type":"Feature","geometry":{"type":"LineString","coordinates":[[71.42401,51.17731],[71.42387,51.17777]]},"properties":{"layer":"road","districtId":"saryarka","osmType":"way","osmId":259714720,"highway":"secondary","name":"Республика даңғылы","bridge":null,"lanes":"3","oneway":"no"}},{"type":"Feature","geometry":{"type":"LineString","coordinates":[[71.45364,51.1552],[71.45258,51.15605]]},"properties":{"layer":"road","districtId":"baikonur","osmType":"way","osmId":259714722,"highway":"secondary","name":"Александр Кравцов көшесі","bridge":null,"lanes":"3","oneway":"yes"}},{"type":"Feature","geometry":{"type":"LineString","coordinates":[[71.45338,51.15505],[71.454,51.15424]]},"properties":{"layer":"road","districtId":"baikonur","osmType":"way","osmId":259714723,"highway":"secondary","name":"Александр Кравцов көшесі","bridge":null,"lanes":"3","oneway":"yes"}},{"type":"Feature","geometry":{"type":"LineString","coordinates":[[71.43371,51.15586],[71.43079,51.15372]]},"properties":{"layer":"road","districtId":"saryarka","osmType":"way","osmId":259714725,"highway":"secondary","name":"Александр Бараев көшесі","bridge":null,"lanes":"3","oneway":"yes"}},{"type":"Feature","geometry":{"type":"LineString","coordinates":[[71.45106,51.16048],[71.4544,51.15967]]},"properties":{"layer":"road","districtId":"baikonur","osmType":"way","osmId":260540485,"highway":"tertiary","name":"Жәнібек Тархан көшесі","bridge":null,"lanes":null,"oneway":null}},{"type":"Feature","geometry":{"type":"LineString","coordinates":[[71.43525,51.17408],[71.4357,51.17256]]},"properties":{"layer":"road","districtId":"baikonur","osmType":"way","osmId":260540486,"highway":"tertiary","name":"Генерал Сабыр Рақымов көшесі","bridge":null,"lanes":null,"oneway":null}},{"type":"Feature","geometry":{"type":"LineString","coordinates":[[71.36663,51.17558],[71.37058,51.17847]]},"properties":{"layer":"road","districtId":"saryarka","osmType":"way","osmId":260815070,"highway":"tertiary","name":"Ақан Сері көшесі","bridge":null,"lanes":null,"oneway":null}},{"type":"Feature","geometry":{"type":"LineString","coordinates":[[71.43954,51.12131],[71.44171,51.12095]]},"properties":{"layer":"road","districtId":"esil","osmType":"way","osmId":261475633,"highway":"tertiary","name":"Сығанақ көшесі","bridge":null,"lanes":null,"oneway":null}},{"type":"Feature","geometry":{"type":"LineString","coordinates":[[71.42392,51.11652],[71.4232,51.1145]]},"properties":{"layer":"road","districtId":"esil","osmType":"way","osmId":261509800,"highway":"secondary","name":"Ақмешіт көшесі","bridge":null,"lanes":"4","oneway":null}},{"type":"Feature","geometry":{"type":"LineString","coordinates":[[71.42378,51.12628],[71.4236,51.12583]]},"properties":{"layer":"road","districtId":"esil","osmType":"way","osmId":262320493,"highway":"tertiary","name":"Сауран көшесі","bridge":null,"lanes":"5","oneway":null}},{"type":"Feature","geometry":{"type":"LineString","coordinates":[[71.45258,51.15605],[71.45036,51.15696],[71.44223,51.15861]]},"properties":{"layer":"road","districtId":"baikonur","osmType":"way","osmId":262342588,"highway":"secondary","name":"Александр Кравцов көшесі","bridge":null,"lanes":"3","oneway":"yes"}},{"type":"Feature","geometry":{"type":"LineString","coordinates":[[71.46099,51.18967],[71.45888,51.19047]]},"properties":{"layer":"road","districtId":"baikonur","osmType":"way","osmId":262346156,"highway":"tertiary","name":"Жетіген көшесі","bridge":null,"lanes":null,"oneway":null}},{"type":"Feature","geometry":{"type":"LineString","coordinates":[[71.4583,51.19072],[71.44926,51.18691]]},"properties":{"layer":"road","districtId":"baikonur","osmType":"way","osmId":262346413,"highway":"primary","name":"Алаш тас жолы","bridge":null,"lanes":"4","oneway":"yes"}},{"type":"Feature","geometry":{"type":"LineString","coordinates":[[71.45844,51.19062],[71.4583,51.19072]]},"properties":{"layer":"road","districtId":"baikonur","osmType":"way","osmId":262346414,"highway":"primary","name":null,"bridge":null,"lanes":null,"oneway":null}},{"type":"Feature","geometry":{"type":"LineString","coordinates":[[71.47623,51.19933],[71.47683,51.19925]]},"properties":{"layer":"road","districtId":"baikonur","osmType":"way","osmId":262347826,"highway":"secondary","name":null,"bridge":null,"lanes":null,"oneway":"yes"}},{"type":"Feature","geometry":{"type":"LineString","coordinates":[[71.43829,51.17293],[71.43831,51.17287]]},"properties":{"layer":"road","districtId":"baikonur","osmType":"way","osmId":262350646,"highway":"secondary","name":"Шоқан Уәлиханов көшесі","bridge":null,"lanes":"4","oneway":null}},{"type":"Feature","geometry":{"type":"LineString","coordinates":[[71.41794,51.17878],[71.41692,51.18256]]},"properties":{"layer":"road","districtId":"saryarka","osmType":"way","osmId":262351727,"highway":"secondary","name":"Бейбітшілік көшесі","bridge":null,"lanes":"3","oneway":"yes"}},{"type":"Feature","geometry":{"type":"LineString","coordinates":[[71.42105,51.16771],[71.41932,51.17372]]},"properties":{"layer":"road","districtId":"saryarka","osmType":"way","osmId":262352152,"highway":"secondary","name":"Бейбітшілік көшесі","bridge":null,"lanes":"2","oneway":"yes"}},{"type":"Feature","geometry":{"type":"LineString","coordinates":[[71.41834,51.17667],[71.41107,51.17585]]},"properties":{"layer":"road","districtId":"saryarka","osmType":"way","osmId":262352657,"highway":"primary","name":"Бөгенбай Батыр даңғылы","bridge":null,"lanes":"3","oneway":"yes"}},{"type":"Feature","geometry":{"type":"LineString","coordinates":[[71.41834,51.17667],[71.41839,51.17651]]},"properties":{"layer":"road","districtId":"saryarka","osmType":"way","osmId":262352658,"highway":"primary","name":"Бейбітшілік көшесі","bridge":null,"lanes":"3","oneway":"yes"}},{"type":"Feature","geometry":{"type":"LineString","coordinates":[[71.38705,51.21204],[71.38534,51.2112],[71.38491,51.21124]]},"properties":{"layer":"road","districtId":"baikonur","osmType":"way","osmId":262361372,"highway":"tertiary","name":"Крылов орамы","bridge":null,"lanes":null,"oneway":null}},{"type":"Feature","geometry":{"type":"LineString","coordinates":[[71.47766,51.1564],[71.47692,51.15656]]},"properties":{"layer":"road","districtId":"almaty","osmType":"way","osmId":263474498,"highway":"secondary","name":null,"bridge":null,"lanes":null,"oneway":null}},{"type":"Feature","geometry":{"type":"LineString","coordinates":[[71.51741,51.13853],[71.51804,51.13833]]},"properties":{"layer":"road","districtId":"almaty","osmType":"way","osmId":264255144,"highway":"tertiary","name":"Төлебаев көшесі","bridge":null,"lanes":"6","oneway":null}},{"type":"Feature","geometry":{"type":"LineString","coordinates":[[71.52052,51.13752],[71.52146,51.13724]]},"properties":{"layer":"road","districtId":"almaty","osmType":"way","osmId":264268578,"highway":"secondary","name":"Төлебаев көшесі","bridge":null,"lanes":null,"oneway":null}},{"type":"Feature","geometry":{"type":"LineString","coordinates":[[71.51413,51.13666],[71.51858,51.13795]]},"properties":{"layer":"road","districtId":"almaty","osmType":"way","osmId":264269706,"highway":"secondary","name":"Айнакөл көшесі","bridge":null,"lanes":null,"oneway":null}},{"type":"Feature","geometry":{"type":"LineString","coordinates":[[71.53256,51.15205],[71.5318,51.15127]]},"properties":{"layer":"road","districtId":"almaty","osmType":"way","osmId":264270120,"highway":"secondary","name":"Рақымжан Қошқарбаев даңғылы","bridge":null,"lanes":"4","oneway":"yes"}},{"type":"Feature","geometry":{"type":"LineString","coordinates":[[71.54109,51.16498],[71.54139,51.16322],[71.54102,51.16141],[71.54012,51.15991],[71.5381,51.15779]]},"properties":{"layer":"road","districtId":"almaty","osmType":"way","osmId":264270358,"highway":"tertiary","name":"Буйрат көшесі","bridge":null,"lanes":"3","oneway":"yes"}},{"type":"Feature","geometry":{"type":"LineString","coordinates":[[71.52937,51.17439],[71.53886,51.16788],[71.5401,51.16664],[71.54109,51.16498]]},"properties":{"layer":"road","districtId":"almaty","osmType":"way","osmId":264270969,"highway":"tertiary","name":"Буйрат көшесі","bridge":null,"lanes":"3","oneway":"yes"}},{"type":"Feature","geometry":{"type":"LineString","coordinates":[[71.40938,51.16458],[71.40892,51.16619]]},"properties":{"layer":"road","districtId":"saryarka","osmType":"way","osmId":264403399,"highway":"primary","name":"Сарыарқа даңғылы","bridge":null,"lanes":"7","oneway":null}},{"type":"Feature","geometry":{"type":"LineString","coordinates":[[71.44447,51.12855],[71.44306,51.12878]]},"properties":{"layer":"road","districtId":"esil","osmType":"way","osmId":269115332,"highway":"tertiary","name":"Қонаев көшесі","bridge":null,"lanes":"4","oneway":null}},{"type":"Feature","geometry":{"type":"LineString","coordinates":[[71.44516,51.14169],[71.44533,51.14168]]},"properties":{"layer":"road","districtId":"almaty","osmType":"way","osmId":269115868,"highway":"secondary","name":null,"bridge":null,"lanes":null,"oneway":null}},{"type":"Feature","geometry":{"type":"LineString","coordinates":[[71.45821,51.12938],[71.45826,51.12954]]},"properties":{"layer":"road","districtId":"almaty","osmType":"way","osmId":269116076,"highway":"secondary","name":"Бауыржан Момышұлы даңғылы","bridge":null,"lanes":"2","oneway":"yes"}},{"type":"Feature","geometry":{"type":"LineString","coordinates":[[71.46011,51.13402],[71.45818,51.12976]]},"properties":{"layer":"road","districtId":"almaty","osmType":"way","osmId":269117649,"highway":"secondary","name":"Бауыржан Момышұлы даңғылы","bridge":null,"lanes":"2","oneway":"yes"}},{"type":"Feature","geometry":{"type":"LineString","coordinates":[[71.46075,51.13464],[71.46086,51.13459]]},"properties":{"layer":"road","districtId":"almaty","osmType":"way","osmId":269118091,"highway":"secondary","name":null,"bridge":null,"lanes":null,"oneway":null}},{"type":"Feature","geometry":{"type":"LineString","coordinates":[[71.46285,51.13568],[71.46136,51.13507],[71.46011,51.13402]]},"properties":{"layer":"road","districtId":"almaty","osmType":"way","osmId":269120051,"highway":"secondary","name":"Бауыржан Момышұлы даңғылы","bridge":null,"lanes":"2","oneway":"yes"}},{"type":"Feature","geometry":{"type":"LineString","coordinates":[[71.49112,51.1436],[71.49324,51.14421]]},"properties":{"layer":"road","districtId":"almaty","osmType":"way","osmId":269120952,"highway":"secondary","name":"Бауыржан Момышұлы даңғылы","bridge":null,"lanes":"3","oneway":"yes"}},{"type":"Feature","geometry":{"type":"LineString","coordinates":[[71.4955,51.13156],[71.48762,51.1426]]},"properties":{"layer":"road","districtId":"almaty","osmType":"way","osmId":269122918,"highway":"secondary","name":"Мағжан Жұмабаев даңғылы","bridge":null,"lanes":null,"oneway":"yes"}},{"type":"Feature","geometry":{"type":"LineString","coordinates":[[71.48086,51.15179],[71.481,51.15183]]},"properties":{"layer":"road","districtId":"almaty","osmType":"way","osmId":269122995,"highway":"tertiary","name":null,"bridge":null,"lanes":null,"oneway":null}},{"type":"Feature","geometry":{"type":"LineString","coordinates":[[71.47778,51.15641],[71.47766,51.1564]]},"properties":{"layer":"road","districtId":"almaty","osmType":"way","osmId":269125571,"highway":"secondary","name":null,"bridge":null,"lanes":null,"oneway":null}},{"type":"Feature","geometry":{"type":"LineString","coordinates":[[71.47851,51.15743],[71.47733,51.15785]]},"properties":{"layer":"road","districtId":"almaty","osmType":"way","osmId":269125644,"highway":"primary","name":"Абылай Хан даңғылы","bridge":null,"lanes":"6","oneway":null}},{"type":"Feature","geometry":{"type":"LineString","coordinates":[[71.47021,51.16042],[71.46953,51.16067]]},"properties":{"layer":"road","districtId":"baikonur","osmType":"way","osmId":269125645,"highway":"primary","name":"Абылай Хан даңғылы","bridge":"yes","lanes":"6","oneway":null}},{"type":"Feature","geometry":{"type":"LineString","coordinates":[[71.46953,51.16067],[71.46914,51.1608]]},"properties":{"layer":"road","districtId":"baikonur","osmType":"way","osmId":269125646,"highway":"primary","name":"Абылай Хан даңғылы","bridge":null,"lanes":"6","oneway":null}},{"type":"Feature","geometry":{"type":"LineString","coordinates":[[71.46812,51.16118],[71.46802,51.16122]]},"properties":{"layer":"road","districtId":"baikonur","osmType":"way","osmId":269127408,"highway":"secondary","name":"Кенесары көшесі","bridge":null,"lanes":null,"oneway":"yes"}},{"type":"Feature","geometry":{"type":"LineString","coordinates":[[71.38113,51.19182],[71.37881,51.18904],[71.37731,51.18853]]},"properties":{"layer":"road","districtId":"saryarka","osmType":"way","osmId":269131690,"highway":"tertiary","name":"Қарталы көшесі","bridge":null,"lanes":null,"oneway":null}},{"type":"Feature","geometry":{"type":"LineString","coordinates":[[71.38113,51.19182],[71.38616,51.19023],[71.39345,51.18755]]},"properties":{"layer":"road","districtId":"saryarka","osmType":"way","osmId":269131691,"highway":"tertiary","name":"Оқжетпес көшесі","bridge":null,"lanes":null,"oneway":null}},{"type":"Feature","geometry":{"type":"LineString","coordinates":[[71.37587,51.18294],[71.37364,51.18441],[71.37296,51.18535],[71.37731,51.18853]]},"properties":{"layer":"road","districtId":"saryarka","osmType":"way","osmId":269132397,"highway":"tertiary","name":"Қарталы көшесі","bridge":null,"lanes":null,"oneway":null}},{"type":"Feature","geometry":{"type":"LineString","coordinates":[[71.47624,51.15676],[71.47579,51.15668]]},"properties":{"layer":"road","districtId":"almaty","osmType":"way","osmId":269140425,"highway":"secondary","name":"Қажымұқан көшесі","bridge":null,"lanes":"6","oneway":null}},{"type":"Feature","geometry":{"type":"LineString","coordinates":[[71.45629,51.15116],[71.45563,51.15093]]},"properties":{"layer":"road","districtId":"almaty","osmType":"way","osmId":269141421,"highway":"tertiary","name":"Мұзафар Әлімбаев көшесі","bridge":null,"lanes":"6","oneway":null}},{"type":"Feature","geometry":{"type":"LineString","coordinates":[[71.39607,51.21504],[71.39897,51.21352],[71.40475,51.20874],[71.414,51.20587]]},"properties":{"layer":"road","districtId":"baikonur","osmType":"way","osmId":269150711,"highway":"secondary","name":"Өндіріс тас жолы","bridge":null,"lanes":null,"oneway":null}},{"type":"Feature","geometry":{"type":"LineString","coordinates":[[71.51224,51.15635],[71.51075,51.1548]]},"properties":{"layer":"road","districtId":"almaty","osmType":"way","osmId":270791123,"highway":"tertiary","name":"Ғабиден Мұстафин көшесі","bridge":null,"lanes":"6","oneway":null}},{"type":"Feature","geometry":{"type":"LineString","coordinates":[[71.50879,51.15275],[71.50383,51.14772]]},"properties":{"layer":"road","districtId":"almaty","osmType":"way","osmId":270791570,"highway":"secondary","name":"Ғабиден Мұстафин көшесі","bridge":null,"lanes":"3","oneway":"yes"}},{"type":"Feature","geometry":{"type":"LineString","coordinates":[[71.42047,51.16922],[71.42093,51.16769]]},"properties":{"layer":"road","districtId":"saryarka","osmType":"way","osmId":270809875,"highway":"secondary","name":"Бейбітшілік көшесі","bridge":null,"lanes":"2","oneway":"yes"}},{"type":"Feature","geometry":{"type":"LineString","coordinates":[[71.46802,51.16122],[71.44848,51.16744]]},"properties":{"layer":"road","districtId":"baikonur","osmType":"way","osmId":270811579,"highway":"secondary","name":"Кенесары көшесі","bridge":null,"lanes":"3","oneway":"yes"}},{"type":"Feature","geometry":{"type":"LineString","coordinates":[[71.41462,51.16381],[71.41374,51.1668]]},"properties":{"layer":"road","districtId":"saryarka","osmType":"way","osmId":270811580,"highway":"secondary","name":"Жеңіс даңғылы","bridge":null,"lanes":"7","oneway":"no"}},{"type":"Feature","geometry":{"type":"LineString","coordinates":[[71.49138,51.20498],[71.55017,51.23168]]},"properties":{"layer":"road","districtId":"baikonur","osmType":"way","osmId":270832399,"highway":"primary","name":"Алаш тас жолы","bridge":null,"lanes":null,"oneway":"yes"}},{"type":"Feature","geometry":{"type":"LineString","coordinates":[[71.49332,51.20315],[71.50512,51.19865]]},"properties":{"layer":"road","districtId":"baikonur","osmType":"way","osmId":270832400,"highway":"secondary","name":"69-шы көше","bridge":null,"lanes":"4","oneway":null}},{"type":"Feature","geometry":{"type":"LineString","coordinates":[[71.49011,51.20455],[71.47621,51.19831]]},"properties":{"layer":"road","districtId":"baikonur","osmType":"way","osmId":270832401,"highway":"primary","name":"Алаш тас жолы","bridge":null,"lanes":null,"oneway":"yes"}},{"type":"Feature","geometry":{"type":"LineString","coordinates":[[71.53732,51.15698],[71.53586,51.15548]]},"properties":{"layer":"road","districtId":"almaty","osmType":"way","osmId":270838589,"highway":"tertiary","name":"Буйрат көшесі","bridge":null,"lanes":"3","oneway":"yes"}},{"type":"Feature","geometry":{"type":"LineString","coordinates":[[71.27411,51.12796],[71.28882,51.13317],[71.29041,51.13502]]},"properties":{"layer":"road","districtId":"nura","osmType":"way","osmId":282333744,"highway":"tertiary","name":"Назым Хикмет көшесі","bridge":null,"lanes":null,"oneway":null}},{"type":"Feature","geometry":{"type":"LineString","coordinates":[[71.26944,51.12886],[71.27402,51.12788]]},"properties":{"layer":"road","districtId":"nura","osmType":"way","osmId":282333790,"highway":"tertiary","name":null,"bridge":null,"lanes":null,"oneway":null}},{"type":"Feature","geometry":{"type":"LineString","coordinates":[[71.29041,51.13502],[71.29145,51.13457],[71.29822,51.12712]]},"properties":{"layer":"road","districtId":"nura","osmType":"way","osmId":282333804,"highway":"tertiary","name":"Ұзақ Батыр көшесі","bridge":null,"lanes":null,"oneway":null}},{"type":"Feature","geometry":{"type":"LineString","coordinates":[[71.4857,51.07747],[71.48944,51.07214],[71.49089,51.07066],[71.49201,51.06988],[71.49512,51.06848],[71.50215,51.06609],[71.50413,51.06523],[71.5062,51.06378],[71.51066,51.05856],[71.51287,51.05762],[71.51929,51.05608],[71.52209,51.05267]]},"properties":{"layer":"road","districtId":"esil","osmType":"way","osmId":284598628,"highway":"secondary","name":null,"bridge":null,"lanes":"4","oneway":null}},{"type":"Feature","geometry":{"type":"LineString","coordinates":[[71.5669,51.06424],[71.57093,51.06744],[71.57337,51.06987],[71.59406,51.09469]]},"properties":{"layer":"road","districtId":"esil","osmType":"way","osmId":296893450,"highway":"trunk","name":"Астана айналма жолы","bridge":null,"lanes":"2","oneway":"yes"}},{"type":"Feature","geometry":{"type":"LineString","coordinates":[[71.56684,51.06438],[71.56589,51.06373]]},"properties":{"layer":"road","districtId":"esil","osmType":"way","osmId":296893451,"highway":"trunk","name":"Астана айналма жолы","bridge":"yes","lanes":"2","oneway":"yes"}},{"type":"Feature","geometry":{"type":"LineString","coordinates":[[71.56588,51.06355],[71.5669,51.06424]]},"properties":{"layer":"road","districtId":"esil","osmType":"way","osmId":296893452,"highway":"trunk","name":"Астана айналма жолы","bridge":"yes","lanes":"2","oneway":"yes"}},{"type":"Feature","geometry":{"type":"LineString","coordinates":[[71.52185,51.15906],[71.53024,51.15587]]},"properties":{"layer":"road","districtId":"almaty","osmType":"way","osmId":301427998,"highway":"secondary","name":"Ақжол даңғылы","bridge":null,"lanes":"3","oneway":"yes"}},{"type":"Feature","geometry":{"type":"LineString","coordinates":[[71.52194,51.15918],[71.48899,51.17156]]},"properties":{"layer":"road","districtId":"almaty","osmType":"way","osmId":301428000,"highway":"secondary","name":"Ақжол даңғылы","bridge":null,"lanes":"3","oneway":"yes"}},{"type":"Feature","geometry":{"type":"LineString","coordinates":[[71.37748,51.17214],[71.37753,51.17227]]},"properties":{"layer":"road","districtId":"saryarka","osmType":"way","osmId":303602197,"highway":"secondary","name":"Шабал Бейсекова көшесі","bridge":null,"lanes":null,"oneway":"yes"}},{"type":"Feature","geometry":{"type":"LineString","coordinates":[[71.47519,51.15031],[71.47424,51.15042]]},"properties":{"layer":"road","districtId":"almaty","osmType":"way","osmId":303743806,"highway":"tertiary","name":null,"bridge":null,"lanes":null,"oneway":"yes"}},{"type":"Feature","geometry":{"type":"LineString","coordinates":[[71.30684,51.2007],[71.30799,51.2001]]},"properties":{"layer":"road","districtId":"saryarka","osmType":"way","osmId":318837493,"highway":"trunk","name":null,"bridge":null,"lanes":"2","oneway":"yes"}},{"type":"Feature","geometry":{"type":"LineString","coordinates":[[71.30698,51.20083],[71.30026,51.204]]},"properties":{"layer":"road","districtId":"saryarka","osmType":"way","osmId":318837496,"highway":"trunk","name":null,"bridge":null,"lanes":"2","oneway":"yes"}},{"type":"Feature","geometry":{"type":"LineString","coordinates":[[71.43948,51.12935],[71.43928,51.12938]]},"properties":{"layer":"road","districtId":"esil","osmType":"way","osmId":320469782,"highway":"secondary","name":"Қонаев көшесі","bridge":null,"lanes":"4","oneway":null}},{"type":"Feature","geometry":{"type":"LineString","coordinates":[[71.55017,51.23168],[71.55342,51.23318]]},"properties":{"layer":"road","districtId":"baikonur","osmType":"way","osmId":321481670,"highway":"trunk","name":"Алаш тас жолы","bridge":null,"lanes":null,"oneway":"yes"}},{"type":"Feature","geometry":{"type":"LineString","coordinates":[[71.55342,51.23318],[71.55383,51.23336]]},"properties":{"layer":"road","districtId":"baikonur","osmType":"way","osmId":321481671,"highway":"trunk","name":"Алаш тас жолы","bridge":null,"lanes":null,"oneway":"yes"}},{"type":"Feature","geometry":{"type":"LineString","coordinates":[[71.55007,51.23176],[71.49011,51.20455]]},"properties":{"layer":"road","districtId":"baikonur","osmType":"way","osmId":321481673,"highway":"primary","name":"Алаш тас жолы","bridge":null,"lanes":null,"oneway":"yes"}},{"type":"Feature","geometry":{"type":"LineString","coordinates":[[71.43215,51.16904],[71.43719,51.16958]]},"properties":{"layer":"road","districtId":"baikonur","osmType":"way","osmId":323830443,"highway":"tertiary","name":"Абай даңғылы","bridge":null,"lanes":null,"oneway":"yes"}},{"type":"Feature","geometry":{"type":"LineString","coordinates":[[71.38909,51.08396],[71.42101,51.07939]]},"properties":{"layer":"road","districtId":"esil","osmType":"way","osmId":324471932,"highway":"tertiary","name":"Хусейн бен Талал көшесі","bridge":null,"lanes":null,"oneway":"yes"}},{"type":"Feature","geometry":{"type":"LineString","coordinates":[[71.42109,51.0796],[71.38915,51.08411]]},"properties":{"layer":"road","districtId":"esil","osmType":"way","osmId":324471933,"highway":"tertiary","name":"Хусейн бен Талал көшесі","bridge":null,"lanes":null,"oneway":"yes"}},{"type":"Feature","geometry":{"type":"LineString","coordinates":[[71.62026,51.12667],[71.5778,51.13395]]},"properties":{"layer":"road","districtId":"almaty","osmType":"way","osmId":326084350,"highway":"primary","name":"Астана-Қарағанды тас жолы","bridge":null,"lanes":"2","oneway":"yes"}},{"type":"Feature","geometry":{"type":"LineString","coordinates":[[71.46647,51.15982],[71.4654,51.15925],[71.46166,51.15816]]},"properties":{"layer":"road","districtId":"baikonur","osmType":"way","osmId":326084351,"highway":"primary","name":"Пушкин көшесі","bridge":null,"lanes":"4","oneway":null}},{"type":"Feature","geometry":{"type":"LineString","coordinates":[[71.38015,51.17671],[71.37872,51.17485],[71.37722,51.17227]]},"properties":{"layer":"road","districtId":"saryarka","osmType":"way","osmId":327550272,"highway":"secondary","name":"Шабал Бейсекова көшесі","bridge":null,"lanes":null,"oneway":"yes"}},{"type":"Feature","geometry":{"type":"LineString","coordinates":[[71.38274,51.17143],[71.38235,51.17152]]},"properties":{"layer":"road","districtId":"saryarka","osmType":"way","osmId":329343447,"highway":"secondary","name":"Шаймерден Қосшығұлұлы көшесі","bridge":"yes","lanes":"3","oneway":"yes"}},{"type":"Feature","geometry":{"type":"LineString","coordinates":[[71.38232,51.17144],[71.3827,51.17136]]},"properties":{"layer":"road","districtId":"saryarka","osmType":"way","osmId":329343448,"highway":"secondary","name":"Шаймерден Қосшығұлұлы көшесі","bridge":"yes","lanes":"3","oneway":"yes"}},{"type":"Feature","geometry":{"type":"LineString","coordinates":[[71.3827,51.17136],[71.38641,51.17043],[71.39025,51.1688]]},"properties":{"layer":"road","districtId":"saryarka","osmType":"way","osmId":329343449,"highway":"secondary","name":"Шаймерден Қосшығұлұлы көшесі","bridge":null,"lanes":"3","oneway":"yes"}},{"type":"Feature","geometry":{"type":"LineString","coordinates":[[71.37716,51.17214],[71.37698,51.17214]]},"properties":{"layer":"road","districtId":"saryarka","osmType":"way","osmId":329343450,"highway":"tertiary","name":"Шаймерден Қосшығұлұлы көшесі","bridge":null,"lanes":"3","oneway":"yes"}},{"type":"Feature","geometry":{"type":"LineString","coordinates":[[71.53441,51.15397],[71.53372,51.15325]]},"properties":{"layer":"road","districtId":"almaty","osmType":"way","osmId":333391508,"highway":"tertiary","name":"Рақымжан Қошқарбаев даңғылы","bridge":null,"lanes":"3","oneway":"yes"}},{"type":"Feature","geometry":{"type":"LineString","coordinates":[[71.4015,51.19344],[71.40115,51.19354]]},"properties":{"layer":"road","districtId":"saryarka","osmType":"way","osmId":333391528,"highway":"secondary","name":"Конституция көшесі","bridge":"yes","lanes":null,"oneway":null}},{"type":"Feature","geometry":{"type":"LineString","coordinates":[[71.41588,51.1861],[71.42123,51.18668]]},"properties":{"layer":"road","districtId":"saryarka","osmType":"way","osmId":335711015,"highway":"tertiary","name":"Әлия Молдағұлова көшесі","bridge":null,"lanes":"4","oneway":null}},{"type":"Feature","geometry":{"type":"LineString","coordinates":[[71.42842,51.09989],[71.42253,51.10076]]},"properties":{"layer":"road","districtId":"esil","osmType":"way","osmId":344642873,"highway":"tertiary","name":"Бұқар Жырау көшесі","bridge":null,"lanes":null,"oneway":"no"}},{"type":"Feature","geometry":{"type":"LineString","coordinates":[[71.4875,51.14256],[71.48762,51.1426]]},"properties":{"layer":"road","districtId":"almaty","osmType":"way","osmId":346571117,"highway":"secondary","name":"Бауыржан Момышұлы даңғылы","bridge":null,"lanes":null,"oneway":"yes"}},{"type":"Feature","geometry":{"type":"LineString","coordinates":[[71.4875,51.14256],[71.48842,51.14126]]},"properties":{"layer":"road","districtId":"almaty","osmType":"way","osmId":346571120,"highway":"secondary","name":"Мағжан Жұмабаев даңғылы","bridge":null,"lanes":null,"oneway":"yes"}},{"type":"Feature","geometry":{"type":"LineString","coordinates":[[71.48756,51.14269],[71.47778,51.15641],[71.47851,51.15743]]},"properties":{"layer":"road","districtId":"almaty","osmType":"way","osmId":346571121,"highway":"secondary","name":"Мағжан Жұмабаев даңғылы","bridge":null,"lanes":"3","oneway":"yes"}},{"type":"Feature","geometry":{"type":"LineString","coordinates":[[71.43934,51.16891],[71.43992,51.16698]]},"properties":{"layer":"road","districtId":"baikonur","osmType":"way","osmId":348604255,"highway":"secondary","name":"Шоқан Уәлиханов көшесі","bridge":null,"lanes":"4","oneway":null}},{"type":"Feature","geometry":{"type":"LineString","coordinates":[[71.43872,51.17129],[71.43934,51.16891]]},"properties":{"layer":"road","districtId":"baikonur","osmType":"way","osmId":348604868,"highway":"secondary","name":"Шоқан Уәлиханов көшесі","bridge":null,"lanes":"4","oneway":null}},{"type":"Feature","geometry":{"type":"LineString","coordinates":[[71.43719,51.16958],[71.44145,51.17006]]},"properties":{"layer":"road","districtId":"baikonur","osmType":"way","osmId":348605878,"highway":"tertiary","name":"Абай даңғылы","bridge":null,"lanes":null,"oneway":"yes"}},{"type":"Feature","geometry":{"type":"LineString","coordinates":[[71.42553,51.16826],[71.42628,51.16819],[71.4266,51.16797]]},"properties":{"layer":"road","districtId":"saryarka","osmType":"way","osmId":348607465,"highway":"secondary","name":null,"bridge":null,"lanes":null,"oneway":"yes"}},{"type":"Feature","geometry":{"type":"LineString","coordinates":[[71.42664,51.1684],[71.43215,51.16904]]},"properties":{"layer":"road","districtId":"baikonur","osmType":"way","osmId":348608533,"highway":"tertiary","name":"Абай даңғылы","bridge":null,"lanes":null,"oneway":"yes"}},{"type":"Feature","geometry":{"type":"LineString","coordinates":[[71.42578,51.17144],[71.42496,51.17441]]},"properties":{"layer":"road","districtId":"baikonur","osmType":"way","osmId":348608534,"highway":"primary","name":"Республика даңғылы","bridge":null,"lanes":null,"oneway":"yes"}},{"type":"Feature","geometry":{"type":"LineString","coordinates":[[71.43831,51.17287],[71.43872,51.17129]]},"properties":{"layer":"road","districtId":"baikonur","osmType":"way","osmId":348618468,"highway":"secondary","name":"Шоқан Уәлиханов көшесі","bridge":null,"lanes":"4","oneway":null}},{"type":"Feature","geometry":{"type":"LineString","coordinates":[[71.47846,51.16859],[71.47811,51.16827]]},"properties":{"layer":"road","districtId":"baikonur","osmType":"way","osmId":356726915,"highway":"secondary","name":"Пушкин көшесі","bridge":null,"lanes":null,"oneway":null}},{"type":"Feature","geometry":{"type":"LineString","coordinates":[[71.42415,51.17715],[71.4291,51.17769]]},"properties":{"layer":"road","districtId":"baikonur","osmType":"way","osmId":366416901,"highway":"primary","name":"Бөгенбай Батыр даңғылы","bridge":null,"lanes":"3","oneway":"yes"}},{"type":"Feature","geometry":{"type":"LineString","coordinates":[[71.41922,51.17371],[71.42047,51.16922]]},"properties":{"layer":"road","districtId":"saryarka","osmType":"way","osmId":366416902,"highway":"secondary","name":"Бейбітшілік көшесі","bridge":null,"lanes":"2","oneway":"yes"}},{"type":"Feature","geometry":{"type":"LineString","coordinates":[[71.44687,51.17388],[71.44809,51.1738],[71.45246,51.17245]]},"properties":{"layer":"road","districtId":"baikonur","osmType":"way","osmId":366416996,"highway":"tertiary","name":"Сәкен Сейфуллин көшесі","bridge":null,"lanes":null,"oneway":"yes"}},{"type":"Feature","geometry":{"type":"LineString","coordinates":[[71.44123,51.12411],[71.44311,51.12383]]},"properties":{"layer":"road","districtId":"esil","osmType":"way","osmId":366418902,"highway":"tertiary","name":"Достық көшесі","bridge":null,"lanes":null,"oneway":"yes"}},{"type":"Feature","geometry":{"type":"LineString","coordinates":[[71.40634,51.12957],[71.41361,51.12842]]},"properties":{"layer":"road","districtId":"nura","osmType":"way","osmId":366420577,"highway":"tertiary","name":"Достық көшесі","bridge":null,"lanes":"3","oneway":"yes"}},{"type":"Feature","geometry":{"type":"LineString","coordinates":[[71.55874,51.2357],[71.55456,51.2338]]},"properties":{"layer":"road","districtId":"baikonur","osmType":"way","osmId":372302006,"highway":"trunk","name":"Алаш тас жолы","bridge":null,"lanes":"2","oneway":"yes"}},{"type":"Feature","geometry":{"type":"LineString","coordinates":[[71.55441,51.23292],[71.55717,51.22784]]},"properties":{"layer":"road","districtId":"baikonur","osmType":"way","osmId":372302007,"highway":"trunk","name":"Астана айналма жолы","bridge":null,"lanes":"2","oneway":"yes"}},{"type":"Feature","geometry":{"type":"LineString","coordinates":[[71.55278,51.23644],[71.5511,51.23946]]},"properties":{"layer":"road","districtId":"baikonur","osmType":"way","osmId":372302008,"highway":"trunk","name":"Астана айналма жолы","bridge":null,"lanes":"2","oneway":"yes"}},{"type":"Feature","geometry":{"type":"LineString","coordinates":[[71.4633,51.14171],[71.46017,51.14606]]},"properties":{"layer":"road","districtId":"almaty","osmType":"way","osmId":374718621,"highway":"secondary","name":"Тәуелсіздік даңғылы","bridge":null,"lanes":"3","oneway":"yes"}},{"type":"Feature","geometry":{"type":"LineString","coordinates":[[71.47475,51.14506],[71.48386,51.14765]]},"properties":{"layer":"road","districtId":"almaty","osmType":"way","osmId":374718622,"highway":"tertiary","name":"Бейімбет Майлин көшесі","bridge":null,"lanes":"6","oneway":null}},{"type":"Feature","geometry":{"type":"LineString","coordinates":[[71.46676,51.15414],[71.46677,51.15403]]},"properties":{"layer":"road","districtId":"almaty","osmType":"way","osmId":396607725,"highway":"secondary","name":"Қаныш Сәтбаев көшесі","bridge":null,"lanes":null,"oneway":null}},{"type":"Feature","geometry":{"type":"LineString","coordinates":[[71.46676,51.15414],[71.46532,51.15374]]},"properties":{"layer":"road","districtId":"almaty","osmType":"way","osmId":396607726,"highway":"secondary","name":"Қажымұқан көшесі","bridge":null,"lanes":"6","oneway":null}},{"type":"Feature","geometry":{"type":"LineString","coordinates":[[71.52122,51.14027],[71.5218,51.14085]]},"properties":{"layer":"road","districtId":"almaty","osmType":"way","osmId":396608305,"highway":"secondary","name":"Айнакөл көшесі","bridge":null,"lanes":"4","oneway":null}},{"type":"Feature","geometry":{"type":"LineString","coordinates":[[71.40867,51.1373],[71.40246,51.13796],[71.39364,51.13921]]},"properties":{"layer":"road","districtId":"nura","osmType":"way","osmId":398742585,"highway":"secondary","name":"Қайым Мұхамедханов көшесі","bridge":null,"lanes":"4","oneway":"yes"}},{"type":"Feature","geometry":{"type":"LineString","coordinates":[[71.42121,51.07936],[71.43623,51.07723]]},"properties":{"layer":"road","districtId":"esil","osmType":"way","osmId":398755678,"highway":"tertiary","name":"Хусейн бен Талал көшесі","bridge":null,"lanes":null,"oneway":"yes"}},{"type":"Feature","geometry":{"type":"LineString","coordinates":[[71.57224,51.15395],[71.58503,51.15565],[71.59003,51.15696],[71.59325,51.15842],[71.60459,51.16443],[71.60583,51.16489],[71.61078,51.16747]]},"properties":{"layer":"road","districtId":"almaty","osmType":"way","osmId":401897129,"highway":"secondary","name":null,"bridge":null,"lanes":null,"oneway":null}},{"type":"Feature","geometry":{"type":"LineString","coordinates":[[71.55111,51.15021],[71.56088,51.1524],[71.57224,51.15395]]},"properties":{"layer":"road","districtId":"almaty","osmType":"way","osmId":401897130,"highway":"secondary","name":"Әл-Фараби даңғылы","bridge":null,"lanes":null,"oneway":null}},{"type":"Feature","geometry":{"type":"LineString","coordinates":[[71.49537,51.13152],[71.49708,51.12907]]},"properties":{"layer":"road","districtId":"almaty","osmType":"way","osmId":405989255,"highway":"secondary","name":"Мағжан Жұмабаев даңғылы","bridge":null,"lanes":"4","oneway":"yes"}},{"type":"Feature","geometry":{"type":"LineString","coordinates":[[71.48842,51.14126],[71.48936,51.13995]]},"properties":{"layer":"road","districtId":"almaty","osmType":"way","osmId":405991207,"highway":"secondary","name":"Мағжан Жұмабаев даңғылы","bridge":null,"lanes":"4","oneway":"yes"}},{"type":"Feature","geometry":{"type":"LineString","coordinates":[[71.48936,51.13995],[71.49303,51.1348]]},"properties":{"layer":"road","districtId":"almaty","osmType":"way","osmId":405991208,"highway":"secondary","name":"Мағжан Жұмабаев даңғылы","bridge":null,"lanes":null,"oneway":"yes"}},{"type":"Feature","geometry":{"type":"LineString","coordinates":[[71.40917,51.16622],[71.40976,51.1663]]},"properties":{"layer":"road","districtId":"saryarka","osmType":"way","osmId":424726079,"highway":"secondary","name":"Абай даңғылы","bridge":null,"lanes":"3","oneway":"yes"}},{"type":"Feature","geometry":{"type":"LineString","coordinates":[[71.41374,51.1668],[71.42648,51.16838]]},"properties":{"layer":"road","districtId":"saryarka","osmType":"way","osmId":424726081,"highway":"secondary","name":"Абай даңғылы","bridge":null,"lanes":"4","oneway":"yes"}},{"type":"Feature","geometry":{"type":"LineString","coordinates":[[71.44969,51.16378],[71.45142,51.16324]]},"properties":{"layer":"road","districtId":"baikonur","osmType":"way","osmId":424726083,"highway":"secondary","name":"Амангелді Иманов көшесі","bridge":null,"lanes":"4","oneway":null}},{"type":"Feature","geometry":{"type":"LineString","coordinates":[[71.42491,51.16499],[71.42168,51.17668]]},"properties":{"layer":"road","districtId":"saryarka","osmType":"way","osmId":425476010,"highway":"tertiary","name":"Мұхтар Әуезов көшесі","bridge":null,"lanes":"4","oneway":"yes"}},{"type":"Feature","geometry":{"type":"LineString","coordinates":[[71.40952,51.16316],[71.4007,51.16203]]},"properties":{"layer":"road","districtId":"saryarka","osmType":"way","osmId":425476012,"highway":"tertiary","name":"Кенесары көшесі","bridge":null,"lanes":null,"oneway":null}},{"type":"Feature","geometry":{"type":"LineString","coordinates":[[71.42955,51.1136],[71.42815,51.11379]]},"properties":{"layer":"road","districtId":"esil","osmType":"way","osmId":425476448,"highway":"secondary","name":"Керей Және Жәнібек Хандар көшесі","bridge":null,"lanes":"6","oneway":"no"}},{"type":"Feature","geometry":{"type":"LineString","coordinates":[[71.37468,51.16515],[71.374,51.16312]]},"properties":{"layer":"road","districtId":"saryarka","osmType":"way","osmId":429586534,"highway":"secondary","name":"Шабал Бейсекова көшесі","bridge":"yes","lanes":null,"oneway":"yes"}},{"type":"Feature","geometry":{"type":"LineString","coordinates":[[71.37434,51.16308],[71.37498,51.16511]]},"properties":{"layer":"road","districtId":"saryarka","osmType":"way","osmId":429586535,"highway":"secondary","name":"Шабал Бейсекова көшесі","bridge":"yes","lanes":null,"oneway":"yes"}},{"type":"Feature","geometry":{"type":"LineString","coordinates":[[71.37498,51.16511],[71.37739,51.17196]]},"properties":{"layer":"road","districtId":"saryarka","osmType":"way","osmId":429586536,"highway":"secondary","name":"Шабал Бейсекова көшесі","bridge":null,"lanes":null,"oneway":"yes"}},{"type":"Feature","geometry":{"type":"LineString","coordinates":[[71.37711,51.17204],[71.37708,51.17196]]},"properties":{"layer":"road","districtId":"saryarka","osmType":"way","osmId":429586537,"highway":"secondary","name":"Шабал Бейсекова көшесі","bridge":null,"lanes":null,"oneway":"yes"}},{"type":"Feature","geometry":{"type":"LineString","coordinates":[[71.62197,51.28391],[71.63002,51.29248],[71.69745,51.35447],[71.70837,51.36372]]},"properties":{"layer":"road","districtId":"baikonur","osmType":"way","osmId":436820619,"highway":"motorway","name":"Астана — Павлодар","bridge":null,"lanes":"2","oneway":"yes"}},{"type":"Feature","geometry":{"type":"LineString","coordinates":[[71.37296,51.17153],[71.36952,51.17057],[71.36746,51.17056],[71.36632,51.17073],[71.34621,51.17708]]},"properties":{"layer":"road","districtId":"saryarka","osmType":"way","osmId":442036671,"highway":"tertiary","name":"Бейбарыс Сұлтан көшесі","bridge":null,"lanes":null,"oneway":"no"}},{"type":"Feature","geometry":{"type":"LineString","coordinates":[[71.44074,51.16421],[71.44088,51.16373]]},"properties":{"layer":"road","districtId":"baikonur","osmType":"way","osmId":444853201,"highway":"secondary","name":"Шоқан Уәлиханов көшесі","bridge":null,"lanes":"4","oneway":null}},{"type":"Feature","geometry":{"type":"LineString","coordinates":[[71.42806,51.1627],[71.42565,51.16243]]},"properties":{"layer":"road","districtId":"saryarka","osmType":"way","osmId":444858943,"highway":"tertiary","name":"Амангелді Иманов көшесі","bridge":null,"lanes":"2","oneway":"yes"}},{"type":"Feature","geometry":{"type":"LineString","coordinates":[[71.44122,51.08888],[71.43964,51.08444]]},"properties":{"layer":"road","districtId":"esil","osmType":"way","osmId":445519004,"highway":"tertiary","name":"Қасым Қайсенов көшесі","bridge":null,"lanes":null,"oneway":"yes"}},{"type":"Feature","geometry":{"type":"LineString","coordinates":[[71.41047,51.20075],[71.41048,51.20135],[71.414,51.20587]]},"properties":{"layer":"road","districtId":"baikonur","osmType":"way","osmId":445668759,"highway":"secondary","name":"Үшқоңыр көшесі","bridge":null,"lanes":"2","oneway":null}},{"type":"Feature","geometry":{"type":"LineString","coordinates":[[71.36199,51.13265],[71.3669,51.14505]]},"properties":{"layer":"road","districtId":"nura","osmType":"way","osmId":445670425,"highway":"secondary","name":"Шыңғыс Айтматов көшесі","bridge":null,"lanes":null,"oneway":"yes"}},{"type":"Feature","geometry":{"type":"LineString","coordinates":[[71.40474,51.12709],[71.40456,51.12711]]},"properties":{"layer":"road","districtId":"nura","osmType":"way","osmId":445671100,"highway":"secondary","name":"Сығанақ көшесі","bridge":null,"lanes":null,"oneway":"yes"}},{"type":"Feature","geometry":{"type":"LineString","coordinates":[[71.40467,51.12692],[71.40474,51.12709]]},"properties":{"layer":"road","districtId":"nura","osmType":"way","osmId":445671101,"highway":"primary","name":"Тұран даңғылы","bridge":null,"lanes":null,"oneway":"yes"}},{"type":"Feature","geometry":{"type":"LineString","coordinates":[[71.41497,51.12532],[71.42637,51.12347]]},"properties":{"layer":"road","districtId":"esil","osmType":"way","osmId":445671107,"highway":"secondary","name":"Сығанақ көшесі","bridge":null,"lanes":null,"oneway":"yes"}},{"type":"Feature","geometry":{"type":"LineString","coordinates":[[71.40449,51.12695],[71.38734,51.07907]]},"properties":{"layer":"road","districtId":"nura","osmType":"way","osmId":445671108,"highway":"primary","name":"Тұран даңғылы","bridge":null,"lanes":"3","oneway":"yes"}},{"type":"Feature","geometry":{"type":"LineString","coordinates":[[71.42763,51.11616],[71.42743,51.11558]]},"properties":{"layer":"road","districtId":"esil","osmType":"way","osmId":447345848,"highway":"secondary","name":"Түркістан көшесі","bridge":null,"lanes":"4","oneway":null}},{"type":"Feature","geometry":{"type":"LineString","coordinates":[[71.42284,51.12402],[71.42178,51.12243]]},"properties":{"layer":"road","districtId":"esil","osmType":"way","osmId":448259696,"highway":"tertiary","name":"Сауран көшесі","bridge":null,"lanes":"4","oneway":null}},{"type":"Feature","geometry":{"type":"LineString","coordinates":[[71.42178,51.12243],[71.42121,51.12156]]},"properties":{"layer":"road","districtId":"esil","osmType":"way","osmId":448259697,"highway":"tertiary","name":"Сауран көшесі","bridge":null,"lanes":"4","oneway":null}},{"type":"Feature","geometry":{"type":"LineString","coordinates":[[71.42121,51.12156],[71.4195,51.11901]]},"properties":{"layer":"road","districtId":"esil","osmType":"way","osmId":448259698,"highway":"tertiary","name":"Сауран көшесі","bridge":null,"lanes":"4","oneway":null}},{"type":"Feature","geometry":{"type":"LineString","coordinates":[[71.44196,51.1587],[71.44193,51.15859]]},"properties":{"layer":"road","districtId":"baikonur","osmType":"way","osmId":453658295,"highway":"secondary","name":"Шоқан Уәлиханов көшесі","bridge":null,"lanes":"4","oneway":null}},{"type":"Feature","geometry":{"type":"LineString","coordinates":[[71.44196,51.1587],[71.44178,51.15875]]},"properties":{"layer":"road","districtId":"baikonur","osmType":"way","osmId":453658296,"highway":"secondary","name":"Александр Кравцов көшесі","bridge":null,"lanes":"3","oneway":"yes"}},{"type":"Feature","geometry":{"type":"LineString","coordinates":[[71.45369,51.15514],[71.45364,51.1552]]},"properties":{"layer":"road","districtId":"baikonur","osmType":"way","osmId":453658297,"highway":"secondary","name":"Александр Кравцов көшесі","bridge":null,"lanes":"3","oneway":"yes"}},{"type":"Feature","geometry":{"type":"LineString","coordinates":[[71.43669,51.17854],[71.43876,51.17891]]},"properties":{"layer":"road","districtId":"baikonur","osmType":"way","osmId":453658660,"highway":"primary","name":"Бөгенбай Батыр даңғылы","bridge":null,"lanes":"4","oneway":"yes"}},{"type":"Feature","geometry":{"type":"LineString","coordinates":[[71.42046,51.09636],[71.41938,51.09312],[71.41956,51.09214],[71.42079,51.08973],[71.42072,51.08886],[71.4201,51.08778]]},"properties":{"layer":"road","districtId":"esil","osmType":"way","osmId":455016593,"highway":"tertiary","name":"Түркістан көшесі","bridge":null,"lanes":"2","oneway":"yes"}},{"type":"Feature","geometry":{"type":"LineString","coordinates":[[71.41516,51.08648],[71.41374,51.08681],[71.41284,51.08726],[71.41203,51.08798],[71.41155,51.08893],[71.41148,51.08965],[71.4118,51.09056],[71.41357,51.09199]]},"properties":{"layer":"road","districtId":"esil","osmType":"way","osmId":455637369,"highway":"tertiary","name":"Ақмешіт көшесі","bridge":null,"lanes":"2","oneway":"yes"}},{"type":"Feature","geometry":{"type":"LineString","coordinates":[[71.40871,51.08979],[71.41072,51.09539]]},"properties":{"layer":"road","districtId":"esil","osmType":"way","osmId":456509802,"highway":"tertiary","name":"Хейдар Әлиев көшесі","bridge":null,"lanes":null,"oneway":"yes"}},{"type":"Feature","geometry":{"type":"LineString","coordinates":[[71.4201,51.08778],[71.42065,51.08832],[71.421,51.08928],[71.42087,51.09012],[71.41978,51.09211],[71.41958,51.09296],[71.42037,51.09566]]},"properties":{"layer":"road","districtId":"esil","osmType":"way","osmId":457876885,"highway":"tertiary","name":"Түркістан көшесі","bridge":null,"lanes":"2","oneway":"yes"}},{"type":"Feature","geometry":{"type":"LineString","coordinates":[[71.41671,51.09673],[71.41587,51.09441]]},"properties":{"layer":"road","districtId":"esil","osmType":"way","osmId":458011994,"highway":"tertiary","name":"Ақмешіт көшесі","bridge":null,"lanes":null,"oneway":"yes"}},{"type":"Feature","geometry":{"type":"LineString","coordinates":[[71.41692,51.08424],[71.41717,51.08493]]},"properties":{"layer":"road","districtId":"esil","osmType":"way","osmId":458012773,"highway":"tertiary","name":null,"bridge":null,"lanes":null,"oneway":null}},{"type":"Feature","geometry":{"type":"LineString","coordinates":[[71.41182,51.08495],[71.41271,51.08718]]},"properties":{"layer":"road","districtId":"esil","osmType":"way","osmId":458012774,"highway":"tertiary","name":null,"bridge":null,"lanes":null,"oneway":null}},{"type":"Feature","geometry":{"type":"LineString","coordinates":[[71.36958,51.26563],[71.37189,51.26042]]},"properties":{"layer":"road","districtId":"baikonur","osmType":"way","osmId":466872745,"highway":"motorway","name":null,"bridge":null,"lanes":"3","oneway":"yes"}},{"type":"Feature","geometry":{"type":"LineString","coordinates":[[71.43893,51.12447],[71.44101,51.12414]]},"properties":{"layer":"road","districtId":"esil","osmType":"way","osmId":467062085,"highway":"tertiary","name":"Достық көшесі","bridge":null,"lanes":null,"oneway":"yes"}},{"type":"Feature","geometry":{"type":"LineString","coordinates":[[71.4291,51.17769],[71.43669,51.17854]]},"properties":{"layer":"road","districtId":"baikonur","osmType":"way","osmId":474629336,"highway":"primary","name":"Бөгенбай Батыр даңғылы","bridge":null,"lanes":"4","oneway":"yes"}},{"type":"Feature","geometry":{"type":"LineString","coordinates":[[71.43006,51.18018],[71.41794,51.17878]]},"properties":{"layer":"road","districtId":"saryarka","osmType":"way","osmId":474630917,"highway":"tertiary","name":"Ықылас Дүкенұлы көшесі","bridge":null,"lanes":"4","oneway":null}},{"type":"Feature","geometry":{"type":"LineString","coordinates":[[71.42254,51.14711],[71.4137,51.14633]]},"properties":{"layer":"road","districtId":"nura","osmType":"way","osmId":474772607,"highway":"secondary","name":"Қорғалжын тас жолы","bridge":null,"lanes":"3","oneway":"yes"}},{"type":"Feature","geometry":{"type":"LineString","coordinates":[[71.41604,51.18885],[71.41503,51.18877]]},"properties":{"layer":"road","districtId":"saryarka","osmType":"way","osmId":475754739,"highway":"tertiary","name":"Ілияс Есенберлин көшесі","bridge":null,"lanes":"2","oneway":null}},{"type":"Feature","geometry":{"type":"LineString","coordinates":[[71.42096,51.1884],[71.42062,51.19048]]},"properties":{"layer":"road","districtId":"saryarka","osmType":"way","osmId":475754745,"highway":"secondary","name":"Республика даңғылы","bridge":null,"lanes":"4","oneway":null}},{"type":"Feature","geometry":{"type":"LineString","coordinates":[[71.42108,51.18768],[71.42096,51.1884]]},"properties":{"layer":"road","districtId":"saryarka","osmType":"way","osmId":475754746,"highway":"secondary","name":"Республика даңғылы","bridge":null,"lanes":"4","oneway":null}},{"type":"Feature","geometry":{"type":"LineString","coordinates":[[71.40673,51.1914],[71.4067,51.19171],[71.40738,51.19262]]},"properties":{"layer":"road","districtId":"saryarka","osmType":"way","osmId":475754959,"highway":"secondary","name":"Біржан Сал көшесі","bridge":null,"lanes":null,"oneway":"no"}},{"type":"Feature","geometry":{"type":"LineString","coordinates":[[71.40673,51.1914],[71.41007,51.19031]]},"properties":{"layer":"road","districtId":"saryarka","osmType":"way","osmId":475754960,"highway":"secondary","name":"Ілияс Есенберлин көшесі","bridge":null,"lanes":null,"oneway":null}},{"type":"Feature","geometry":{"type":"LineString","coordinates":[[71.46851,51.16104],[71.46812,51.16118]]},"properties":{"layer":"road","districtId":"baikonur","osmType":"way","osmId":475756220,"highway":"primary","name":"Абылай Хан даңғылы","bridge":null,"lanes":"6","oneway":null}},{"type":"Feature","geometry":{"type":"LineString","coordinates":[[71.4753,51.1652],[71.47668,51.16478]]},"properties":{"layer":"road","districtId":"baikonur","osmType":"way","osmId":475756221,"highway":"secondary","name":"Шәкәрім Құдайбердіұлы даңғылы","bridge":null,"lanes":null,"oneway":null}},{"type":"Feature","geometry":{"type":"LineString","coordinates":[[71.45644,51.15124],[71.45629,51.15116]]},"properties":{"layer":"road","districtId":"almaty","osmType":"way","osmId":475765966,"highway":"secondary","name":"Қажымұқан көшесі","bridge":null,"lanes":"6","oneway":null}},{"type":"Feature","geometry":{"type":"LineString","coordinates":[[71.45644,51.15124],[71.45449,51.15397]]},"properties":{"layer":"road","districtId":"almaty","osmType":"way","osmId":475765967,"highway":"secondary","name":"Тәуелсіздік даңғылы","bridge":null,"lanes":"3","oneway":"yes"}},{"type":"Feature","geometry":{"type":"LineString","coordinates":[[71.44651,51.14854],[71.44485,51.14849]]},"properties":{"layer":"road","districtId":"almaty","osmType":"way","osmId":475766254,"highway":"tertiary","name":"Мұзафар Әлімбаев көшесі","bridge":null,"lanes":"4","oneway":null}},{"type":"Feature","geometry":{"type":"LineString","coordinates":[[71.48262,51.14933],[71.48276,51.14936]]},"properties":{"layer":"road","districtId":"almaty","osmType":"way","osmId":475992385,"highway":"tertiary","name":"Күйші Дина көшесі","bridge":null,"lanes":null,"oneway":null}},{"type":"Feature","geometry":{"type":"LineString","coordinates":[[71.44443,51.15807],[71.44438,51.15796]]},"properties":{"layer":"road","districtId":"baikonur","osmType":"way","osmId":475997185,"highway":"secondary","name":null,"bridge":null,"lanes":null,"oneway":null}},{"type":"Feature","geometry":{"type":"LineString","coordinates":[[71.41272,51.1699],[71.41188,51.17291]]},"properties":{"layer":"road","districtId":"saryarka","osmType":"way","osmId":475997996,"highway":"secondary","name":"Жеңіс даңғылы","bridge":null,"lanes":"6","oneway":"no"}},{"type":"Feature","geometry":{"type":"LineString","coordinates":[[71.41272,51.1699],[71.42565,51.17136]]},"properties":{"layer":"road","districtId":"saryarka","osmType":"way","osmId":475997997,"highway":"secondary","name":"Сәкен Сейфуллин көшесі","bridge":null,"lanes":"2","oneway":"yes"}},{"type":"Feature","geometry":{"type":"LineString","coordinates":[[71.43447,51.13333],[71.4308,51.13396]]},"properties":{"layer":"road","districtId":"esil","osmType":"way","osmId":477114790,"highway":"secondary","name":"Сарайшық көшесі","bridge":null,"lanes":null,"oneway":"yes"}},{"type":"Feature","geometry":{"type":"LineString","coordinates":[[71.43496,51.13444],[71.43468,51.13384]]},"properties":{"layer":"road","districtId":"esil","osmType":"way","osmId":477114791,"highway":"tertiary","name":"Арай көшесі","bridge":null,"lanes":"4","oneway":null}},{"type":"Feature","geometry":{"type":"LineString","coordinates":[[71.47634,51.12655],[71.4764,51.12671]]},"properties":{"layer":"road","districtId":"almaty","osmType":"way","osmId":477309308,"highway":"tertiary","name":null,"bridge":null,"lanes":null,"oneway":null}},{"type":"Feature","geometry":{"type":"LineString","coordinates":[[71.49423,51.15142],[71.48929,51.15331]]},"properties":{"layer":"road","districtId":"almaty","osmType":"way","osmId":479410568,"highway":"primary","name":"Абылай Хан даңғылы","bridge":null,"lanes":"6","oneway":null}},{"type":"Feature","geometry":{"type":"LineString","coordinates":[[71.49831,51.14983],[71.50264,51.15434]]},"properties":{"layer":"road","districtId":"almaty","osmType":"way","osmId":479410569,"highway":"tertiary","name":"Ғабит Мүсірепов көшесі","bridge":null,"lanes":null,"oneway":null}},{"type":"Feature","geometry":{"type":"LineString","coordinates":[[71.47228,51.14626],[71.47422,51.14357]]},"properties":{"layer":"road","districtId":"almaty","osmType":"way","osmId":479411683,"highway":"secondary","name":"Қаныш Сәтбаев көшесі","bridge":null,"lanes":null,"oneway":null}},{"type":"Feature","geometry":{"type":"LineString","coordinates":[[71.46108,51.1524],[71.46103,51.15248]]},"properties":{"layer":"road","districtId":"almaty","osmType":"way","osmId":479411684,"highway":"tertiary","name":"Алексей Петров көшесі","bridge":null,"lanes":null,"oneway":null}},{"type":"Feature","geometry":{"type":"LineString","coordinates":[[71.47326,51.15586],[71.47322,51.15595]]},"properties":{"layer":"road","districtId":"almaty","osmType":"way","osmId":479412190,"highway":"tertiary","name":"Жирентаев көшесі","bridge":null,"lanes":null,"oneway":null}},{"type":"Feature","geometry":{"type":"LineString","coordinates":[[71.46049,51.14527],[71.46351,51.1411]]},"properties":{"layer":"road","districtId":"almaty","osmType":"way","osmId":479412194,"highway":"secondary","name":"Тәуелсіздік даңғылы","bridge":null,"lanes":"3","oneway":"yes"}},{"type":"Feature","geometry":{"type":"LineString","coordinates":[[71.46049,51.14527],[71.45714,51.14392]]},"properties":{"layer":"road","districtId":"almaty","osmType":"way","osmId":479412195,"highway":"tertiary","name":"Шарль де Голль көшесі","bridge":null,"lanes":null,"oneway":null}},{"type":"Feature","geometry":{"type":"LineString","coordinates":[[71.42821,51.16279],[71.4281,51.16323]]},"properties":{"layer":"road","districtId":"baikonur","osmType":"way","osmId":479415335,"highway":"primary","name":"Республика даңғылы","bridge":null,"lanes":"3","oneway":"yes"}},{"type":"Feature","geometry":{"type":"LineString","coordinates":[[71.42677,51.16796],[71.42714,51.16845]]},"properties":{"layer":"road","districtId":"baikonur","osmType":"way","osmId":479415336,"highway":"tertiary","name":null,"bridge":null,"lanes":null,"oneway":"yes"}},{"type":"Feature","geometry":{"type":"LineString","coordinates":[[71.41107,51.17585],[71.40672,51.17542]]},"properties":{"layer":"road","districtId":"saryarka","osmType":"way","osmId":479415738,"highway":"primary","name":"Бөгенбай Батыр даңғылы","bridge":null,"lanes":"4","oneway":"yes"}},{"type":"Feature","geometry":{"type":"LineString","coordinates":[[71.4107,51.17707],[71.40905,51.18317]]},"properties":{"layer":"road","districtId":"saryarka","osmType":"way","osmId":479415739,"highway":"secondary","name":"Жеңіс даңғылы","bridge":null,"lanes":"7","oneway":"no"}},{"type":"Feature","geometry":{"type":"LineString","coordinates":[[71.41111,51.1757],[71.41839,51.17651]]},"properties":{"layer":"road","districtId":"saryarka","osmType":"way","osmId":479415740,"highway":"primary","name":"Бөгенбай Батыр даңғылы","bridge":null,"lanes":"3","oneway":"yes"}},{"type":"Feature","geometry":{"type":"LineString","coordinates":[[71.40892,51.16619],[71.40917,51.16622]]},"properties":{"layer":"road","districtId":"saryarka","osmType":"way","osmId":479417147,"highway":"secondary","name":"Абай даңғылы","bridge":null,"lanes":null,"oneway":"yes"}},{"type":"Feature","geometry":{"type":"LineString","coordinates":[[71.41188,51.17291],[71.41153,51.17423]]},"properties":{"layer":"road","districtId":"saryarka","osmType":"way","osmId":479417458,"highway":"secondary","name":"Жеңіс даңғылы","bridge":null,"lanes":"6","oneway":"no"}},{"type":"Feature","geometry":{"type":"LineString","coordinates":[[71.41603,51.17335],[71.41922,51.17371]]},"properties":{"layer":"road","districtId":"saryarka","osmType":"way","osmId":479417459,"highway":"tertiary","name":"Әліби Жангелдин көшесі","bridge":null,"lanes":"4","oneway":null}},{"type":"Feature","geometry":{"type":"LineString","coordinates":[[71.41441,51.13324],[71.41294,51.13347]]},"properties":{"layer":"road","districtId":"nura","osmType":"way","osmId":479421385,"highway":"secondary","name":"Қонаев көшесі","bridge":null,"lanes":"6","oneway":null}},{"type":"Feature","geometry":{"type":"LineString","coordinates":[[71.43435,51.13849],[71.43485,51.13774]]},"properties":{"layer":"road","districtId":"esil","osmType":"way","osmId":481533342,"highway":"tertiary","name":"Арай көшесі","bridge":null,"lanes":"4","oneway":null}},{"type":"Feature","geometry":{"type":"LineString","coordinates":[[71.42843,51.12808],[71.42819,51.12745]]},"properties":{"layer":"road","districtId":"esil","osmType":"way","osmId":486563226,"highway":"secondary","name":"Ақмешіт көшесі","bridge":null,"lanes":"4","oneway":null}},{"type":"Feature","geometry":{"type":"LineString","coordinates":[[71.42944,51.13052],[71.42887,51.12914]]},"properties":{"layer":"road","districtId":"esil","osmType":"way","osmId":486563227,"highway":"secondary","name":"Ақмешіт көшесі","bridge":null,"lanes":"4","oneway":null}},{"type":"Feature","geometry":{"type":"LineString","coordinates":[[71.4225,51.08344],[71.42165,51.08356]]},"properties":{"layer":"road","districtId":"esil","osmType":"way","osmId":487901822,"highway":"tertiary","name":"Тұрар Рысқұлов көшесі","bridge":null,"lanes":"4","oneway":null}},{"type":"Feature","geometry":{"type":"LineString","coordinates":[[71.43049,51.07821],[71.42129,51.07957]]},"properties":{"layer":"road","districtId":"esil","osmType":"way","osmId":487944525,"highway":"tertiary","name":"Хусейн бен Талал көшесі","bridge":null,"lanes":null,"oneway":"yes"}},{"type":"Feature","geometry":{"type":"LineString","coordinates":[[71.42586,51.12149],[71.4255,51.12058]]},"properties":{"layer":"road","districtId":"esil","osmType":"way","osmId":493576724,"highway":"secondary","name":"Ақмешіт көшесі","bridge":null,"lanes":"4","oneway":null}},{"type":"Feature","geometry":{"type":"LineString","coordinates":[[71.42848,51.16185],[71.42821,51.16279]]},"properties":{"layer":"road","districtId":"baikonur","osmType":"way","osmId":495680083,"highway":"primary","name":"Республика даңғылы","bridge":null,"lanes":"3","oneway":"yes"}},{"type":"Feature","geometry":{"type":"LineString","coordinates":[[71.44496,51.12847],[71.44447,51.12855]]},"properties":{"layer":"road","districtId":"esil","osmType":"way","osmId":497714269,"highway":"tertiary","name":"Қонаев көшесі","bridge":null,"lanes":"4","oneway":null}},{"type":"Feature","geometry":{"type":"LineString","coordinates":[[71.43735,51.17863],[71.4384,51.1786],[71.44001,51.17902]]},"properties":{"layer":"road","districtId":"baikonur","osmType":"way","osmId":497975213,"highway":"tertiary","name":null,"bridge":null,"lanes":null,"oneway":"yes"}},{"type":"Feature","geometry":{"type":"LineString","coordinates":[[71.46214,51.15986],[71.46135,51.15886]]},"properties":{"layer":"road","districtId":"baikonur","osmType":"way","osmId":498349326,"highway":"tertiary","name":"Адольф Янушкевич көшесі","bridge":null,"lanes":"4","oneway":null}},{"type":"Feature","geometry":{"type":"LineString","coordinates":[[71.32987,51.20009],[71.32601,51.20109]]},"properties":{"layer":"road","districtId":"saryarka","osmType":"way","osmId":498626836,"highway":"tertiary","name":null,"bridge":null,"lanes":null,"oneway":null}},{"type":"Feature","geometry":{"type":"LineString","coordinates":[[71.32891,51.20623],[71.31462,51.20966]]},"properties":{"layer":"road","districtId":"saryarka","osmType":"way","osmId":498627335,"highway":"tertiary","name":"Шұбартау көшесі","bridge":null,"lanes":null,"oneway":null}},{"type":"Feature","geometry":{"type":"LineString","coordinates":[[71.36182,51.18442],[71.35805,51.18208],[71.35112,51.17971]]},"properties":{"layer":"road","districtId":"saryarka","osmType":"way","osmId":498633687,"highway":"tertiary","name":null,"bridge":null,"lanes":null,"oneway":null}},{"type":"Feature","geometry":{"type":"LineString","coordinates":[[71.36839,51.14793],[71.36845,51.14803]]},"properties":{"layer":"road","districtId":"nura","osmType":"way","osmId":498805644,"highway":"secondary","name":"Шыңғыс Айтматов көшесі","bridge":null,"lanes":null,"oneway":"yes"}},{"type":"Feature","geometry":{"type":"LineString","coordinates":[[71.3682,51.1481],[71.36813,51.14799]]},"properties":{"layer":"road","districtId":"nura","osmType":"way","osmId":498805646,"highway":"secondary","name":"Шыңғыс Айтматов көшесі","bridge":null,"lanes":null,"oneway":"yes"}},{"type":"Feature","geometry":{"type":"LineString","coordinates":[[71.36845,51.14803],[71.3682,51.1481]]},"properties":{"layer":"road","districtId":"nura","osmType":"way","osmId":498805649,"highway":"primary","name":"Қорғалжын тас жолы","bridge":null,"lanes":"3","oneway":"yes"}},{"type":"Feature","geometry":{"type":"LineString","coordinates":[[71.34282,51.14647],[71.33357,51.14462],[71.32954,51.14344],[71.32613,51.14187],[71.3191,51.13755]]},"properties":{"layer":"road","districtId":"nura","osmType":"way","osmId":498805655,"highway":"primary","name":"Қорғалжын тас жолы","bridge":null,"lanes":"3","oneway":"yes"}},{"type":"Feature","geometry":{"type":"LineString","coordinates":[[71.36813,51.14799],[71.36839,51.14793]]},"properties":{"layer":"road","districtId":"nura","osmType":"way","osmId":498805660,"highway":"primary","name":"Қорғалжын тас жолы","bridge":null,"lanes":"3","oneway":"yes"}},{"type":"Feature","geometry":{"type":"LineString","coordinates":[[71.38957,51.17741],[71.39349,51.17649],[71.40188,51.17492],[71.40311,51.17487],[71.40612,51.1752]]},"properties":{"layer":"road","districtId":"saryarka","osmType":"way","osmId":498805677,"highway":"primary","name":"Бөгенбай Батыр даңғылы","bridge":null,"lanes":"3","oneway":"yes"}},{"type":"Feature","geometry":{"type":"LineString","coordinates":[[71.37711,51.17204],[71.37743,51.17204]]},"properties":{"layer":"road","districtId":"saryarka","osmType":"way","osmId":498805687,"highway":"secondary","name":"Шаймерден Қосшығұлұлы көшесі","bridge":null,"lanes":"3","oneway":"yes"}},{"type":"Feature","geometry":{"type":"LineString","coordinates":[[71.37748,51.17214],[71.37716,51.17214]]},"properties":{"layer":"road","districtId":"saryarka","osmType":"way","osmId":498805693,"highway":"secondary","name":"Шаймерден Қосшығұлұлы көшесі","bridge":null,"lanes":"3","oneway":"yes"}},{"type":"Feature","geometry":{"type":"LineString","coordinates":[[71.38235,51.17152],[71.38013,51.17197],[71.37766,51.17215]]},"properties":{"layer":"road","districtId":"saryarka","osmType":"way","osmId":498805697,"highway":"secondary","name":"Шаймерден Қосшығұлұлы көшесі","bridge":null,"lanes":"3","oneway":"yes"}},{"type":"Feature","geometry":{"type":"LineString","coordinates":[[71.37716,51.17214],[71.37711,51.17204]]},"properties":{"layer":"road","districtId":"saryarka","osmType":"way","osmId":498805706,"highway":"secondary","name":"Шабал Бейсекова көшесі","bridge":null,"lanes":null,"oneway":"yes"}},{"type":"Feature","geometry":{"type":"LineString","coordinates":[[71.37743,51.17204],[71.37748,51.17214]]},"properties":{"layer":"road","districtId":"saryarka","osmType":"way","osmId":498805709,"highway":"secondary","name":"Шабал Бейсекова көшесі","bridge":null,"lanes":null,"oneway":"yes"}},{"type":"Feature","geometry":{"type":"LineString","coordinates":[[71.47742,51.19866],[71.47702,51.19921]]},"properties":{"layer":"road","districtId":"baikonur","osmType":"way","osmId":498977349,"highway":"secondary","name":null,"bridge":null,"lanes":null,"oneway":null}},{"type":"Feature","geometry":{"type":"LineString","coordinates":[[71.47687,51.19922],[71.47692,51.19885],[71.47658,51.19848]]},"properties":{"layer":"road","districtId":"baikonur","osmType":"way","osmId":498977350,"highway":"secondary","name":null,"bridge":null,"lanes":null,"oneway":"yes"}},{"type":"Feature","geometry":{"type":"LineString","coordinates":[[71.47687,51.19922],[71.47715,51.19927],[71.47707,51.19944],[71.4768,51.19937],[71.47687,51.19922]]},"properties":{"layer":"road","districtId":"baikonur","osmType":"way","osmId":498977352,"highway":"secondary","name":null,"bridge":null,"lanes":"1","oneway":"yes"}},{"type":"Feature","geometry":{"type":"LineString","coordinates":[[71.48084,51.17428],[71.48805,51.17174]]},"properties":{"layer":"road","districtId":"baikonur","osmType":"way","osmId":499012013,"highway":"secondary","name":"проспект Акжол","bridge":null,"lanes":"3","oneway":"yes"}},{"type":"Feature","geometry":{"type":"LineString","coordinates":[[71.52445,51.13981],[71.5226,51.14054]]},"properties":{"layer":"road","districtId":"almaty","osmType":"way","osmId":499023502,"highway":"primary","name":"Абылай Хан даңғылы","bridge":null,"lanes":"4","oneway":null}},{"type":"Feature","geometry":{"type":"LineString","coordinates":[[71.2813,51.11978],[71.2814,51.11967]]},"properties":{"layer":"road","districtId":"nura","osmType":"way","osmId":499644354,"highway":"primary","name":null,"bridge":null,"lanes":null,"oneway":null}},{"type":"Feature","geometry":{"type":"LineString","coordinates":[[71.25316,51.10999],[71.24295,51.11981]]},"properties":{"layer":"road","districtId":"nura","osmType":"way","osmId":499644367,"highway":"tertiary","name":"Исатай Батыр көшесі","bridge":null,"lanes":null,"oneway":null}},{"type":"Feature","geometry":{"type":"LineString","coordinates":[[71.43414,51.09909],[71.43309,51.09924]]},"properties":{"layer":"road","districtId":"esil","osmType":"way","osmId":500122469,"highway":"tertiary","name":"Бұқар Жырау көшесі","bridge":null,"lanes":null,"oneway":"no"}},{"type":"Feature","geometry":{"type":"LineString","coordinates":[[71.41853,51.17653],[71.42164,51.17687]]},"properties":{"layer":"road","districtId":"saryarka","osmType":"way","osmId":500323858,"highway":"primary","name":"Бөгенбай Батыр даңғылы","bridge":null,"lanes":"3","oneway":"yes"}},{"type":"Feature","geometry":{"type":"LineString","coordinates":[[71.42164,51.17687],[71.42159,51.17703]]},"properties":{"layer":"road","districtId":"saryarka","osmType":"way","osmId":500323859,"highway":"tertiary","name":"Мұхтар Әуезов көшесі","bridge":null,"lanes":"4","oneway":"yes"}},{"type":"Feature","geometry":{"type":"LineString","coordinates":[[71.41853,51.17653],[71.41848,51.17669]]},"properties":{"layer":"road","districtId":"saryarka","osmType":"way","osmId":500326705,"highway":"primary","name":"Бейбітшілік көшесі","bridge":null,"lanes":"3","oneway":"yes"}},{"type":"Feature","geometry":{"type":"LineString","coordinates":[[71.41835,51.17718],[71.41794,51.17878]]},"properties":{"layer":"road","districtId":"saryarka","osmType":"way","osmId":500326706,"highway":"secondary","name":"Бейбітшілік көшесі","bridge":null,"lanes":"3","oneway":"yes"}},{"type":"Feature","geometry":{"type":"LineString","coordinates":[[71.41848,51.17669],[71.41834,51.17667]]},"properties":{"layer":"road","districtId":"saryarka","osmType":"way","osmId":500326707,"highway":"primary","name":"Бөгенбай Батыр даңғылы","bridge":null,"lanes":"3","oneway":"yes"}},{"type":"Feature","geometry":{"type":"LineString","coordinates":[[71.41839,51.17651],[71.41853,51.17653]]},"properties":{"layer":"road","districtId":"saryarka","osmType":"way","osmId":500326708,"highway":"primary","name":"Бөгенбай Батыр даңғылы","bridge":null,"lanes":"3","oneway":"yes"}},{"type":"Feature","geometry":{"type":"LineString","coordinates":[[71.42093,51.16769],[71.42101,51.16762]]},"properties":{"layer":"road","districtId":"saryarka","osmType":"way","osmId":500326709,"highway":"secondary","name":"Бейбітшілік көшесі","bridge":null,"lanes":null,"oneway":"yes"}},{"type":"Feature","geometry":{"type":"LineString","coordinates":[[71.41993,51.18275],[71.41695,51.18242]]},"properties":{"layer":"road","districtId":"saryarka","osmType":"way","osmId":500334071,"highway":"tertiary","name":"Мәскеу көшесі","bridge":null,"lanes":"4","oneway":null}},{"type":"Feature","geometry":{"type":"LineString","coordinates":[[71.4159,51.18232],[71.41655,51.18224],[71.41695,51.18193]]},"properties":{"layer":"road","districtId":"saryarka","osmType":"way","osmId":500334076,"highway":"tertiary","name":null,"bridge":null,"lanes":"1","oneway":"yes"}},{"type":"Feature","geometry":{"type":"LineString","coordinates":[[71.41665,51.18296],[71.41619,51.18234]]},"properties":{"layer":"road","districtId":"saryarka","osmType":"way","osmId":500334078,"highway":"tertiary","name":null,"bridge":null,"lanes":"1","oneway":"yes"}},{"type":"Feature","geometry":{"type":"LineString","coordinates":[[71.42101,51.16762],[71.42105,51.16771]]},"properties":{"layer":"road","districtId":"saryarka","osmType":"way","osmId":500470256,"highway":"secondary","name":"Бейбітшілік көшесі","bridge":null,"lanes":null,"oneway":"yes"}},{"type":"Feature","geometry":{"type":"LineString","coordinates":[[71.2813,51.11978],[71.27411,51.12796]]},"properties":{"layer":"road","districtId":"nura","osmType":"way","osmId":500673022,"highway":"tertiary","name":"Нұрпейіс Байғанин көшесі","bridge":null,"lanes":null,"oneway":null}},{"type":"Feature","geometry":{"type":"LineString","coordinates":[[71.4232,51.1145],[71.42302,51.114]]},"properties":{"layer":"road","districtId":"esil","osmType":"way","osmId":500907947,"highway":"tertiary","name":"Ақмешіт көшесі","bridge":null,"lanes":"4","oneway":null}},{"type":"Feature","geometry":{"type":"LineString","coordinates":[[71.42412,51.10663],[71.42362,51.10522]]},"properties":{"layer":"road","districtId":"esil","osmType":"way","osmId":500908854,"highway":"secondary","name":"Түркістан көшесі","bridge":null,"lanes":"4","oneway":"yes"}},{"type":"Feature","geometry":{"type":"LineString","coordinates":[[71.40976,51.1663],[71.41374,51.1668]]},"properties":{"layer":"road","districtId":"saryarka","osmType":"way","osmId":501113812,"highway":"secondary","name":"Абай даңғылы","bridge":null,"lanes":"3","oneway":"yes"}},{"type":"Feature","geometry":{"type":"LineString","coordinates":[[71.41296,51.16915],[71.41272,51.1699]]},"properties":{"layer":"road","districtId":"saryarka","osmType":"way","osmId":501113814,"highway":"secondary","name":"Жеңіс даңғылы","bridge":null,"lanes":"5","oneway":"no"}},{"type":"Feature","geometry":{"type":"LineString","coordinates":[[71.38336,51.17883],[71.38436,51.17875],[71.38957,51.17741]]},"properties":{"layer":"road","districtId":"saryarka","osmType":"way","osmId":501124027,"highway":"primary","name":"Нұрғиса Тілендиев даңғылы","bridge":null,"lanes":"3","oneway":"yes"}},{"type":"Feature","geometry":{"type":"LineString","coordinates":[[71.40606,51.17535],[71.40327,51.17505],[71.40174,51.1751],[71.39357,51.17664],[71.38967,51.17756]]},"properties":{"layer":"road","districtId":"saryarka","osmType":"way","osmId":501124028,"highway":"primary","name":"Бөгенбай Батыр даңғылы","bridge":null,"lanes":"3","oneway":"yes"}},{"type":"Feature","geometry":{"type":"LineString","coordinates":[[71.32569,51.19344],[71.32539,51.19289],[71.32022,51.18889],[71.31669,51.18674],[71.31656,51.18653],[71.31698,51.18619]]},"properties":{"layer":"road","districtId":"saryarka","osmType":"way","osmId":501134005,"highway":"tertiary","name":"Аспандияр Кенжин көшесі","bridge":null,"lanes":null,"oneway":null}},{"type":"Feature","geometry":{"type":"LineString","coordinates":[[71.42706,51.09557],[71.42689,51.0956]]},"properties":{"layer":"road","districtId":"esil","osmType":"way","osmId":501197212,"highway":"secondary","name":"Ұлы Дала даңғылы","bridge":null,"lanes":null,"oneway":"yes"}},{"type":"Feature","geometry":{"type":"LineString","coordinates":[[71.44935,51.09242],[71.42706,51.09557]]},"properties":{"layer":"road","districtId":"esil","osmType":"way","osmId":501197213,"highway":"secondary","name":"Ұлы Дала даңғылы","bridge":null,"lanes":null,"oneway":"yes"}},{"type":"Feature","geometry":{"type":"LineString","coordinates":[[71.42702,51.09545],[71.42706,51.09557]]},"properties":{"layer":"road","districtId":"esil","osmType":"way","osmId":501197214,"highway":"secondary","name":"Мәңгілік Ел даңғылы","bridge":null,"lanes":"3","oneway":"yes"}},{"type":"Feature","geometry":{"type":"LineString","coordinates":[[71.4154,51.0632],[71.4227,51.08341]]},"properties":{"layer":"road","districtId":"esil","osmType":"way","osmId":501197215,"highway":"secondary","name":"Мәңгілік Ел даңғылы","bridge":null,"lanes":"6","oneway":"yes"}},{"type":"Feature","geometry":{"type":"LineString","coordinates":[[71.42689,51.0956],[71.42684,51.09548]]},"properties":{"layer":"road","districtId":"esil","osmType":"way","osmId":501197216,"highway":"secondary","name":"Мәңгілік Ел даңғылы","bridge":null,"lanes":"3","oneway":"yes"}},{"type":"Feature","geometry":{"type":"LineString","coordinates":[[71.42684,51.09548],[71.42528,51.09113]]},"properties":{"layer":"road","districtId":"esil","osmType":"way","osmId":501197217,"highway":"secondary","name":"Мәңгілік Ел даңғылы","bridge":null,"lanes":null,"oneway":"yes"}},{"type":"Feature","geometry":{"type":"LineString","coordinates":[[71.4225,51.08344],[71.41522,51.06325]]},"properties":{"layer":"road","districtId":"esil","osmType":"way","osmId":501197220,"highway":"secondary","name":"Мәңгілік Ел даңғылы","bridge":null,"lanes":null,"oneway":"yes"}},{"type":"Feature","geometry":{"type":"LineString","coordinates":[[71.39357,51.13902],[71.40238,51.13776],[71.40861,51.13712]]},"properties":{"layer":"road","districtId":"nura","osmType":"way","osmId":501324209,"highway":"secondary","name":"Қайым Мұхамедханов көшесі","bridge":null,"lanes":"4","oneway":"yes"}},{"type":"Feature","geometry":{"type":"LineString","coordinates":[[71.41079,51.13381],[71.4095,51.13402]]},"properties":{"layer":"road","districtId":"nura","osmType":"way","osmId":501393462,"highway":"secondary","name":"Қонаев көшесі","bridge":null,"lanes":"6","oneway":null}},{"type":"Feature","geometry":{"type":"LineString","coordinates":[[71.46098,51.15256],[71.46103,51.15248]]},"properties":{"layer":"road","districtId":"almaty","osmType":"way","osmId":502054006,"highway":"tertiary","name":null,"bridge":null,"lanes":null,"oneway":null}},{"type":"Feature","geometry":{"type":"LineString","coordinates":[[71.47073,51.13155],[71.4756,51.1329]]},"properties":{"layer":"road","districtId":"almaty","osmType":"way","osmId":502395049,"highway":"tertiary","name":"Ақыртас көшесі","bridge":null,"lanes":null,"oneway":null}},{"type":"Feature","geometry":{"type":"LineString","coordinates":[[71.44572,51.14168],[71.44533,51.14168]]},"properties":{"layer":"road","districtId":"almaty","osmType":"way","osmId":502433073,"highway":"tertiary","name":"Шарль де Голль көшесі","bridge":null,"lanes":"2","oneway":null}},{"type":"Feature","geometry":{"type":"LineString","coordinates":[[71.34869,51.19797],[71.34556,51.19856]]},"properties":{"layer":"road","districtId":"saryarka","osmType":"way","osmId":503079596,"highway":"tertiary","name":"Амантоғай көшесі","bridge":null,"lanes":null,"oneway":null}},{"type":"Feature","geometry":{"type":"LineString","coordinates":[[71.39504,51.1],[71.39508,51.1001]]},"properties":{"layer":"road","districtId":"nura","osmType":"way","osmId":503812668,"highway":"primary","name":"проспект Туран","bridge":null,"lanes":null,"oneway":"yes"}},{"type":"Feature","geometry":{"type":"LineString","coordinates":[[71.39508,51.1001],[71.40135,51.11753]]},"properties":{"layer":"road","districtId":"nura","osmType":"way","osmId":503812669,"highway":"primary","name":"Тұран даңғылы","bridge":null,"lanes":null,"oneway":"yes"}},{"type":"Feature","geometry":{"type":"LineString","coordinates":[[71.39508,51.1001],[71.39488,51.10013]]},"properties":{"layer":"road","districtId":"nura","osmType":"way","osmId":503812670,"highway":"secondary","name":"Ұлы Дала даңғылы","bridge":null,"lanes":null,"oneway":"yes"}},{"type":"Feature","geometry":{"type":"LineString","coordinates":[[71.39485,51.10003],[71.39504,51.1]]},"properties":{"layer":"road","districtId":"nura","osmType":"way","osmId":503812671,"highway":"secondary","name":"Ұлы Дала даңғылы","bridge":null,"lanes":null,"oneway":"yes"}},{"type":"Feature","geometry":{"type":"LineString","coordinates":[[71.48332,51.16246],[71.47826,51.16431]]},"properties":{"layer":"road","districtId":"almaty","osmType":"way","osmId":504247840,"highway":"secondary","name":"Шәкәрім Құдайбердіұлы даңғылы","bridge":null,"lanes":"4","oneway":null}},{"type":"Feature","geometry":{"type":"LineString","coordinates":[[71.44018,51.16609],[71.4406,51.16467]]},"properties":{"layer":"road","districtId":"baikonur","osmType":"way","osmId":504252454,"highway":"secondary","name":"Шоқан Уәлиханов көшесі","bridge":null,"lanes":"4","oneway":null}},{"type":"Feature","geometry":{"type":"LineString","coordinates":[[71.38491,51.21124],[71.38455,51.21153]]},"properties":{"layer":"road","districtId":"baikonur","osmType":"way","osmId":505314022,"highway":"tertiary","name":"Сусамыр көшесі","bridge":null,"lanes":null,"oneway":null}},{"type":"Feature","geometry":{"type":"LineString","coordinates":[[71.38892,51.22095],[71.38303,51.21781]]},"properties":{"layer":"road","districtId":"baikonur","osmType":"way","osmId":505789349,"highway":"secondary","name":"30-шы көше","bridge":null,"lanes":null,"oneway":null}},{"type":"Feature","geometry":{"type":"LineString","coordinates":[[71.54109,51.16498],[71.54123,51.165]]},"properties":{"layer":"road","districtId":"almaty","osmType":"way","osmId":506908145,"highway":"tertiary","name":"А-355 көшесі","bridge":null,"lanes":null,"oneway":null}},{"type":"Feature","geometry":{"type":"LineString","coordinates":[[71.41054,51.09541],[71.40849,51.08982]]},"properties":{"layer":"road","districtId":"esil","osmType":"way","osmId":509262317,"highway":"tertiary","name":"Хейдар Әлиев көшесі","bridge":null,"lanes":null,"oneway":"yes"}},{"type":"Feature","geometry":{"type":"LineString","coordinates":[[71.44311,51.12383],[71.44125,51.12417]]},"properties":{"layer":"road","districtId":"esil","osmType":"way","osmId":513046069,"highway":"tertiary","name":"Достық көшесі","bridge":null,"lanes":null,"oneway":"yes"}},{"type":"Feature","geometry":{"type":"LineString","coordinates":[[71.43759,51.12476],[71.43948,51.12935]]},"properties":{"layer":"road","districtId":"esil","osmType":"way","osmId":513046070,"highway":"secondary","name":"Мәңгілік Ел даңғылы","bridge":null,"lanes":null,"oneway":"yes"}},{"type":"Feature","geometry":{"type":"LineString","coordinates":[[71.43759,51.12476],[71.43565,51.12507]]},"properties":{"layer":"road","districtId":"esil","osmType":"way","osmId":513046071,"highway":"tertiary","name":"Достық көшесі","bridge":null,"lanes":null,"oneway":"yes"}},{"type":"Feature","geometry":{"type":"LineString","coordinates":[[71.40689,51.12954],[71.40546,51.12976]]},"properties":{"layer":"road","districtId":"nura","osmType":"way","osmId":513046074,"highway":"tertiary","name":"Достық көшесі","bridge":null,"lanes":null,"oneway":"yes"}},{"type":"Feature","geometry":{"type":"LineString","coordinates":[[71.41051,51.12897],[71.40689,51.12954]]},"properties":{"layer":"road","districtId":"nura","osmType":"way","osmId":513046076,"highway":"tertiary","name":"Достық көшесі","bridge":null,"lanes":null,"oneway":"yes"}},{"type":"Feature","geometry":{"type":"LineString","coordinates":[[71.41268,51.12864],[71.41051,51.12897]]},"properties":{"layer":"road","districtId":"nura","osmType":"way","osmId":513046078,"highway":"tertiary","name":"Достық көшесі","bridge":null,"lanes":"2","oneway":"yes"}},{"type":"Feature","geometry":{"type":"LineString","coordinates":[[71.41741,51.1279],[71.41362,51.1285]]},"properties":{"layer":"road","districtId":"esil","osmType":"way","osmId":513046079,"highway":"tertiary","name":"Достық көшесі","bridge":null,"lanes":"3","oneway":"yes"}},{"type":"Feature","geometry":{"type":"LineString","coordinates":[[71.4193,51.1276],[71.41741,51.1279]]},"properties":{"layer":"road","districtId":"esil","osmType":"way","osmId":513046081,"highway":"tertiary","name":"Достық көшесі","bridge":null,"lanes":null,"oneway":"yes"}},{"type":"Feature","geometry":{"type":"LineString","coordinates":[[71.42221,51.12715],[71.42114,51.12731]]},"properties":{"layer":"road","districtId":"esil","osmType":"way","osmId":513046083,"highway":"tertiary","name":"Достық көшесі","bridge":null,"lanes":null,"oneway":"yes"}},{"type":"Feature","geometry":{"type":"LineString","coordinates":[[71.42114,51.12731],[71.4193,51.1276]]},"properties":{"layer":"road","districtId":"esil","osmType":"way","osmId":513046084,"highway":"tertiary","name":"Достық көшесі","bridge":null,"lanes":null,"oneway":"yes"}},{"type":"Feature","geometry":{"type":"LineString","coordinates":[[71.42593,51.12659],[71.42403,51.12687]]},"properties":{"layer":"road","districtId":"esil","osmType":"way","osmId":513046086,"highway":"tertiary","name":"Достық көшесі","bridge":null,"lanes":null,"oneway":"yes"}},{"type":"Feature","geometry":{"type":"LineString","coordinates":[[71.42899,51.12609],[71.42593,51.12659]]},"properties":{"layer":"road","districtId":"esil","osmType":"way","osmId":513046087,"highway":"tertiary","name":"Достық көшесі","bridge":null,"lanes":null,"oneway":"yes"}},{"type":"Feature","geometry":{"type":"LineString","coordinates":[[71.43011,51.12592],[71.42899,51.12609]]},"properties":{"layer":"road","districtId":"esil","osmType":"way","osmId":513046089,"highway":"tertiary","name":"Достық көшесі","bridge":null,"lanes":null,"oneway":"yes"}},{"type":"Feature","geometry":{"type":"LineString","coordinates":[[71.4314,51.12573],[71.43011,51.12592]]},"properties":{"layer":"road","districtId":"esil","osmType":"way","osmId":513046090,"highway":"tertiary","name":"Достық көшесі","bridge":null,"lanes":null,"oneway":"yes"}},{"type":"Feature","geometry":{"type":"LineString","coordinates":[[71.43565,51.12507],[71.43274,51.12552]]},"properties":{"layer":"road","districtId":"esil","osmType":"way","osmId":513046092,"highway":"tertiary","name":"Достық көшесі","bridge":null,"lanes":null,"oneway":"yes"}},{"type":"Feature","geometry":{"type":"LineString","coordinates":[[71.42403,51.12687],[71.42221,51.12715]]},"properties":{"layer":"road","districtId":"esil","osmType":"way","osmId":514449814,"highway":"tertiary","name":"Достық көшесі","bridge":null,"lanes":null,"oneway":"yes"}},{"type":"Feature","geometry":{"type":"LineString","coordinates":[[71.41618,51.11088],[71.41638,51.11148]]},"properties":{"layer":"road","districtId":"esil","osmType":"way","osmId":514449831,"highway":"tertiary","name":"Сауран көшесі","bridge":null,"lanes":"6","oneway":null}},{"type":"Feature","geometry":{"type":"LineString","coordinates":[[71.42168,51.17668],[71.42164,51.17687]]},"properties":{"layer":"road","districtId":"saryarka","osmType":"way","osmId":515041408,"highway":"tertiary","name":"Мұхтар Әуезов көшесі","bridge":null,"lanes":"4","oneway":"yes"}},{"type":"Feature","geometry":{"type":"LineString","coordinates":[[71.40612,51.1752],[71.40676,51.17527]]},"properties":{"layer":"road","districtId":"saryarka","osmType":"way","osmId":515289230,"highway":"primary","name":"Бөгенбай Батыр даңғылы","bridge":null,"lanes":"3","oneway":"yes"}},{"type":"Feature","geometry":{"type":"LineString","coordinates":[[71.40672,51.17542],[71.40606,51.17535]]},"properties":{"layer":"road","districtId":"saryarka","osmType":"way","osmId":515289231,"highway":"primary","name":"Бөгенбай Батыр даңғылы","bridge":null,"lanes":"3","oneway":"yes"}},{"type":"Feature","geometry":{"type":"LineString","coordinates":[[71.41299,51.17304],[71.41308,51.17305]]},"properties":{"layer":"road","districtId":"saryarka","osmType":"way","osmId":516385372,"highway":"tertiary","name":"Әліби Жангелдин көшесі","bridge":null,"lanes":"4","oneway":null}},{"type":"Feature","geometry":{"type":"LineString","coordinates":[[71.41188,51.17291],[71.41299,51.17304]]},"properties":{"layer":"road","districtId":"saryarka","osmType":"way","osmId":516385373,"highway":"tertiary","name":"Әліби Жангелдин көшесі","bridge":null,"lanes":"5","oneway":null}},{"type":"Feature","geometry":{"type":"LineString","coordinates":[[71.41839,51.17651],[71.41922,51.17371]]},"properties":{"layer":"road","districtId":"saryarka","osmType":"way","osmId":516385382,"highway":"secondary","name":"Бейбітшілік көшесі","bridge":null,"lanes":"3","oneway":"yes"}},{"type":"Feature","geometry":{"type":"LineString","coordinates":[[71.41881,51.17366],[71.41931,51.17338]]},"properties":{"layer":"road","districtId":"saryarka","osmType":"way","osmId":516385383,"highway":"tertiary","name":null,"bridge":null,"lanes":"1","oneway":"yes"}},{"type":"Feature","geometry":{"type":"LineString","coordinates":[[71.42006,51.17381],[71.4219,51.17402]]},"properties":{"layer":"road","districtId":"saryarka","osmType":"way","osmId":516385384,"highway":"tertiary","name":"Әліби Жангелдин көшесі","bridge":null,"lanes":null,"oneway":null}},{"type":"Feature","geometry":{"type":"LineString","coordinates":[[71.41922,51.17371],[71.41932,51.17372]]},"properties":{"layer":"road","districtId":"saryarka","osmType":"way","osmId":516385385,"highway":"tertiary","name":"Әліби Жангелдин көшесі","bridge":null,"lanes":"4","oneway":null}},{"type":"Feature","geometry":{"type":"LineString","coordinates":[[71.41932,51.17372],[71.42006,51.17381]]},"properties":{"layer":"road","districtId":"saryarka","osmType":"way","osmId":516385386,"highway":"tertiary","name":"Әліби Жангелдин көшесі","bridge":null,"lanes":null,"oneway":null}},{"type":"Feature","geometry":{"type":"LineString","coordinates":[[71.4219,51.17402],[71.42242,51.17407]]},"properties":{"layer":"road","districtId":"saryarka","osmType":"way","osmId":516385391,"highway":"tertiary","name":"Әліби Жангелдин көшесі","bridge":null,"lanes":"4","oneway":null}},{"type":"Feature","geometry":{"type":"LineString","coordinates":[[71.42466,51.17437],[71.42483,51.17439]]},"properties":{"layer":"road","districtId":"saryarka","osmType":"way","osmId":516385392,"highway":"tertiary","name":"Әліби Жангелдин көшесі","bridge":null,"lanes":"4","oneway":null}},{"type":"Feature","geometry":{"type":"LineString","coordinates":[[71.42385,51.17426],[71.42492,51.17407]]},"properties":{"layer":"road","districtId":"saryarka","osmType":"way","osmId":516592438,"highway":"tertiary","name":null,"bridge":null,"lanes":"1","oneway":"yes"}},{"type":"Feature","geometry":{"type":"LineString","coordinates":[[71.42242,51.17407],[71.42466,51.17437]]},"properties":{"layer":"road","districtId":"saryarka","osmType":"way","osmId":516592440,"highway":"tertiary","name":"Әліби Жангелдин көшесі","bridge":null,"lanes":"4","oneway":null}},{"type":"Feature","geometry":{"type":"LineString","coordinates":[[71.41932,51.17372],[71.41853,51.17653]]},"properties":{"layer":"road","districtId":"saryarka","osmType":"way","osmId":516592441,"highway":"secondary","name":"Бейбітшілік көшесі","bridge":null,"lanes":null,"oneway":"yes"}},{"type":"Feature","geometry":{"type":"LineString","coordinates":[[71.41945,51.17325],[71.41974,51.17377]]},"properties":{"layer":"road","districtId":"saryarka","osmType":"way","osmId":516592442,"highway":"tertiary","name":null,"bridge":null,"lanes":"1","oneway":"yes"}},{"type":"Feature","geometry":{"type":"LineString","coordinates":[[71.41907,51.17422],[71.41875,51.17366]]},"properties":{"layer":"road","districtId":"saryarka","osmType":"way","osmId":516592443,"highway":"tertiary","name":null,"bridge":null,"lanes":"1","oneway":"yes"}},{"type":"Feature","geometry":{"type":"LineString","coordinates":[[71.41418,51.10171],[71.41314,51.10186]]},"properties":{"layer":"road","districtId":"esil","osmType":"way","osmId":520218960,"highway":"tertiary","name":"Бұқар Жырау көшесі","bridge":null,"lanes":null,"oneway":"no"}},{"type":"Feature","geometry":{"type":"LineString","coordinates":[[71.42378,51.07902],[71.42416,51.07884]]},"properties":{"layer":"road","districtId":"esil","osmType":"way","osmId":520218964,"highway":"tertiary","name":null,"bridge":null,"lanes":null,"oneway":"yes"}},{"type":"Feature","geometry":{"type":"LineString","coordinates":[[71.43145,51.10871],[71.43106,51.10876]]},"properties":{"layer":"road","districtId":"esil","osmType":"way","osmId":520249712,"highway":"tertiary","name":"Орынбор көшесі","bridge":null,"lanes":"4","oneway":null}},{"type":"Feature","geometry":{"type":"LineString","coordinates":[[71.41813,51.10045],[71.4181,51.10034]]},"properties":{"layer":"road","districtId":"esil","osmType":"way","osmId":520256311,"highway":"tertiary","name":"Ақмешіт көшесі","bridge":null,"lanes":"4","oneway":null}},{"type":"Feature","geometry":{"type":"LineString","coordinates":[[71.43037,51.12307],[71.43029,51.12287]]},"properties":{"layer":"road","districtId":"esil","osmType":"way","osmId":520458762,"highway":"secondary","name":"Түркістан көшесі","bridge":null,"lanes":"4","oneway":null}},{"type":"Feature","geometry":{"type":"LineString","coordinates":[[71.41664,51.09703],[71.41166,51.09775]]},"properties":{"layer":"road","districtId":"esil","osmType":"way","osmId":521162944,"highway":"secondary","name":"Ұлы Дала даңғылы","bridge":null,"lanes":null,"oneway":"yes"}},{"type":"Feature","geometry":{"type":"LineString","coordinates":[[71.41693,51.09687],[71.41697,51.09699]]},"properties":{"layer":"road","districtId":"esil","osmType":"way","osmId":521162946,"highway":"tertiary","name":"Ақмешіт көшесі","bridge":null,"lanes":null,"oneway":"yes"}},{"type":"Feature","geometry":{"type":"LineString","coordinates":[[71.41158,51.09776],[71.41141,51.09778]]},"properties":{"layer":"road","districtId":"esil","osmType":"way","osmId":521162950,"highway":"secondary","name":"Ұлы Дала даңғылы","bridge":null,"lanes":null,"oneway":"yes"}},{"type":"Feature","geometry":{"type":"LineString","coordinates":[[71.42689,51.0956],[71.4205,51.09649]]},"properties":{"layer":"road","districtId":"esil","osmType":"way","osmId":521162951,"highway":"secondary","name":"Ұлы Дала даңғылы","bridge":null,"lanes":null,"oneway":"yes"}},{"type":"Feature","geometry":{"type":"LineString","coordinates":[[71.41169,51.09837],[71.4129,51.10172]]},"properties":{"layer":"road","districtId":"esil","osmType":"way","osmId":521162952,"highway":"tertiary","name":"Хейдар Әлиев көшесі","bridge":null,"lanes":"6","oneway":"no"}},{"type":"Feature","geometry":{"type":"LineString","coordinates":[[71.51885,51.13806],[71.51905,51.138]]},"properties":{"layer":"road","districtId":"almaty","osmType":"way","osmId":521632544,"highway":"secondary","name":"Төлебаев көшесі","bridge":null,"lanes":null,"oneway":null}},{"type":"Feature","geometry":{"type":"LineString","coordinates":[[71.43155,51.10858],[71.43095,51.10689]]},"properties":{"layer":"road","districtId":"esil","osmType":"way","osmId":522977365,"highway":"secondary","name":"Мәңгілік Ел даңғылы","bridge":null,"lanes":null,"oneway":"yes"}},{"type":"Feature","geometry":{"type":"LineString","coordinates":[[71.42706,51.09557],[71.42857,51.0998]]},"properties":{"layer":"road","districtId":"esil","osmType":"way","osmId":522977372,"highway":"secondary","name":"Мәңгілік Ел даңғылы","bridge":null,"lanes":"3","oneway":"yes"}},{"type":"Feature","geometry":{"type":"LineString","coordinates":[[71.42936,51.12053],[71.42763,51.11616]]},"properties":{"layer":"road","districtId":"esil","osmType":"way","osmId":526060122,"highway":"secondary","name":"Түркістан көшесі","bridge":null,"lanes":"4","oneway":null}},{"type":"Feature","geometry":{"type":"LineString","coordinates":[[71.45911,51.17735],[71.45867,51.17654],[71.46272,51.1753]]},"properties":{"layer":"road","districtId":"baikonur","osmType":"way","osmId":529756922,"highway":"tertiary","name":"Жиенқұлова көшесі","bridge":null,"lanes":null,"oneway":null}},{"type":"Feature","geometry":{"type":"LineString","coordinates":[[71.36188,51.13236],[71.36193,51.13253]]},"properties":{"layer":"road","districtId":"nura","osmType":"way","osmId":530485525,"highway":"secondary","name":"Шыңғыс Айтматов көшесі","bridge":null,"lanes":null,"oneway":"yes"}},{"type":"Feature","geometry":{"type":"LineString","coordinates":[[71.42836,51.1628],[71.42916,51.16289]]},"properties":{"layer":"road","districtId":"baikonur","osmType":"way","osmId":534778129,"highway":"secondary","name":"Амангелді Иманов көшесі","bridge":null,"lanes":"4","oneway":null}},{"type":"Feature","geometry":{"type":"LineString","coordinates":[[71.4121,51.12005],[71.41184,51.11859]]},"properties":{"layer":"road","districtId":"esil","osmType":"way","osmId":535921238,"highway":"secondary","name":"Қабанбай Батыр даңғылы","bridge":null,"lanes":"5","oneway":null}},{"type":"Feature","geometry":{"type":"LineString","coordinates":[[71.4628,51.1461],[71.46073,51.14613]]},"properties":{"layer":"road","districtId":"almaty","osmType":"way","osmId":536277981,"highway":"tertiary","name":"Күйші Дина көшесі","bridge":null,"lanes":null,"oneway":null}},{"type":"Feature","geometry":{"type":"LineString","coordinates":[[71.44176,51.16078],[71.44213,51.1593]]},"properties":{"layer":"road","districtId":"baikonur","osmType":"way","osmId":536360432,"highway":"secondary","name":"Шоқан Уәлиханов көшесі","bridge":null,"lanes":"4","oneway":null}},{"type":"Feature","geometry":{"type":"LineString","coordinates":[[71.45006,51.14602],[71.44698,51.14838],[71.44651,51.14854]]},"properties":{"layer":"road","districtId":"almaty","osmType":"way","osmId":536363853,"highway":"tertiary","name":"Асқар Тоқпанов көшесі","bridge":null,"lanes":"4","oneway":null}},{"type":"Feature","geometry":{"type":"LineString","coordinates":[[71.45236,51.14425],[71.45006,51.14602]]},"properties":{"layer":"road","districtId":"almaty","osmType":"way","osmId":536363855,"highway":"tertiary","name":"Асқар Тоқпанов көшесі","bridge":null,"lanes":null,"oneway":null}},{"type":"Feature","geometry":{"type":"LineString","coordinates":[[71.40087,51.11306],[71.40114,51.11302]]},"properties":{"layer":"road","districtId":"nura","osmType":"way","osmId":546538329,"highway":"tertiary","name":"Орынбор көшесі","bridge":null,"lanes":"4","oneway":null}},{"type":"Feature","geometry":{"type":"LineString","coordinates":[[71.59705,51.25986],[71.59691,51.25996]]},"properties":{"layer":"road","districtId":"baikonur","osmType":"way","osmId":548495052,"highway":"trunk","name":null,"bridge":null,"lanes":null,"oneway":null}},{"type":"Feature","geometry":{"type":"LineString","coordinates":[[71.4245,51.11801],[71.42428,51.11746]]},"properties":{"layer":"road","districtId":"esil","osmType":"way","osmId":549072461,"highway":"secondary","name":"Ақмешіт көшесі","bridge":null,"lanes":"4","oneway":null}},{"type":"Feature","geometry":{"type":"LineString","coordinates":[[71.42404,51.11684],[71.42398,51.11668]]},"properties":{"layer":"road","districtId":"esil","osmType":"way","osmId":549072462,"highway":"secondary","name":"Ақмешіт көшесі","bridge":null,"lanes":"4","oneway":null}},{"type":"Feature","geometry":{"type":"LineString","coordinates":[[71.39382,51.11681],[71.39954,51.11598]]},"properties":{"layer":"road","districtId":"nura","osmType":"way","osmId":549292867,"highway":"tertiary","name":"Роза Бағланова көшесі","bridge":null,"lanes":"4","oneway":null}},{"type":"Feature","geometry":{"type":"LineString","coordinates":[[71.50362,51.1478],[71.5031,51.148]]},"properties":{"layer":"road","districtId":"almaty","osmType":"way","osmId":551628460,"highway":"primary","name":"Абылай Хан даңғылы","bridge":null,"lanes":"6","oneway":null}},{"type":"Feature","geometry":{"type":"LineString","coordinates":[[71.42164,51.17687],[71.42402,51.17714]]},"properties":{"layer":"road","districtId":"saryarka","osmType":"way","osmId":551628461,"highway":"primary","name":"Бөгенбай Батыр даңғылы","bridge":null,"lanes":"4","oneway":"yes"}},{"type":"Feature","geometry":{"type":"LineString","coordinates":[[71.42401,51.17731],[71.41848,51.17669]]},"properties":{"layer":"road","districtId":"saryarka","osmType":"way","osmId":551628462,"highway":"primary","name":"Бөгенбай Батыр даңғылы","bridge":null,"lanes":"3","oneway":"yes"}},{"type":"Feature","geometry":{"type":"LineString","coordinates":[[71.46832,51.16111],[71.4683,51.16126]]},"properties":{"layer":"road","districtId":"baikonur","osmType":"way","osmId":551630924,"highway":"secondary","name":"Пушкин көшесі","bridge":null,"lanes":"1","oneway":"yes"}},{"type":"Feature","geometry":{"type":"LineString","coordinates":[[71.43784,51.15208],[71.43595,51.15214],[71.43478,51.15236]]},"properties":{"layer":"road","districtId":"baikonur","osmType":"way","osmId":557081354,"highway":"primary","name":"Жұмабек Тәшенов көшесі","bridge":null,"lanes":"6","oneway":null}},{"type":"Feature","geometry":{"type":"LineString","coordinates":[[71.43784,51.15208],[71.43782,51.15265],[71.43448,51.15521]]},"properties":{"layer":"road","districtId":"baikonur","osmType":"way","osmId":557081355,"highway":"tertiary","name":"Жұмабек Тәшенов тұйық көшесі","bridge":null,"lanes":null,"oneway":null}},{"type":"Feature","geometry":{"type":"LineString","coordinates":[[71.42496,51.17441],[71.42415,51.17715]]},"properties":{"layer":"road","districtId":"baikonur","osmType":"way","osmId":560541069,"highway":"primary","name":"Республика даңғылы","bridge":null,"lanes":null,"oneway":"yes"}},{"type":"Feature","geometry":{"type":"LineString","coordinates":[[71.42496,51.17441],[71.43493,51.17568]]},"properties":{"layer":"road","districtId":"baikonur","osmType":"way","osmId":560541070,"highway":"tertiary","name":"Әліби Жангелдин көшесі","bridge":null,"lanes":null,"oneway":null}},{"type":"Feature","geometry":{"type":"LineString","coordinates":[[71.46073,51.14613],[71.46017,51.14606]]},"properties":{"layer":"road","districtId":"almaty","osmType":"way","osmId":562244364,"highway":"tertiary","name":"Күйші Дина көшесі","bridge":null,"lanes":null,"oneway":null}},{"type":"Feature","geometry":{"type":"LineString","coordinates":[[71.39582,51.12825],[71.39611,51.12907]]},"properties":{"layer":"road","districtId":"nura","osmType":"way","osmId":576665240,"highway":"tertiary","name":"Төле Би көшесі","bridge":null,"lanes":null,"oneway":null}},{"type":"Feature","geometry":{"type":"LineString","coordinates":[[71.29822,51.12712],[71.299,51.12628]]},"properties":{"layer":"road","districtId":"nura","osmType":"way","osmId":578369802,"highway":"tertiary","name":null,"bridge":null,"lanes":null,"oneway":null}},{"type":"Feature","geometry":{"type":"LineString","coordinates":[[71.32524,51.19986],[71.32904,51.20591],[71.32891,51.20623]]},"properties":{"layer":"road","districtId":"saryarka","osmType":"way","osmId":581556213,"highway":"tertiary","name":"Баршын көшесі","bridge":null,"lanes":null,"oneway":null}},{"type":"Feature","geometry":{"type":"LineString","coordinates":[[71.3682,51.1481],[71.36801,51.14817]]},"properties":{"layer":"road","districtId":"nura","osmType":"way","osmId":603987559,"highway":"primary","name":"Қорғалжын тас жолы","bridge":null,"lanes":"3","oneway":"yes"}},{"type":"Feature","geometry":{"type":"LineString","coordinates":[[71.34288,51.14635],[71.3572,51.14918],[71.36011,51.14958],[71.36322,51.14936],[71.36793,51.14805]]},"properties":{"layer":"road","districtId":"nura","osmType":"way","osmId":603987560,"highway":"primary","name":"Қорғалжын тас жолы","bridge":null,"lanes":"3","oneway":"yes"}},{"type":"Feature","geometry":{"type":"LineString","coordinates":[[71.23589,51.10398],[71.22957,51.1138],[71.22889,51.11565],[71.22855,51.11916],[71.22902,51.12123],[71.23002,51.12327],[71.23182,51.12569],[71.23729,51.13209],[71.23921,51.13479],[71.24714,51.1482],[71.24883,51.1505],[71.25018,51.15184],[71.25314,51.15412],[71.27952,51.17224],[71.28162,51.17409],[71.2864,51.17908]]},"properties":{"layer":"road","districtId":"nura","osmType":"way","osmId":606411098,"highway":"trunk","name":"Астана айналма жолы","bridge":null,"lanes":"2","oneway":"yes"}},{"type":"Feature","geometry":{"type":"LineString","coordinates":[[71.30612,51.20006],[71.2948,51.18806]]},"properties":{"layer":"road","districtId":"saryarka","osmType":"way","osmId":606411099,"highway":"trunk","name":"Астана айналма жолы","bridge":null,"lanes":null,"oneway":"yes"}},{"type":"Feature","geometry":{"type":"LineString","coordinates":[[71.31462,51.20966],[71.32564,51.22754]]},"properties":{"layer":"road","districtId":"saryarka","osmType":"way","osmId":606411100,"highway":"trunk","name":"Астана айналма жолы","bridge":null,"lanes":"2","oneway":"yes"}},{"type":"Feature","geometry":{"type":"LineString","coordinates":[[71.60447,51.26602],[71.59402,51.25766],[71.59165,51.25598],[71.56519,51.23897],[71.55874,51.2357]]},"properties":{"layer":"road","districtId":"baikonur","osmType":"way","osmId":607116954,"highway":"trunk","name":"Алаш тас жолы","bridge":null,"lanes":"2","oneway":"yes"}},{"type":"Feature","geometry":{"type":"LineString","coordinates":[[71.59169,51.25586],[71.59467,51.25793],[71.60463,51.26594]]},"properties":{"layer":"road","districtId":"baikonur","osmType":"way","osmId":607116955,"highway":"trunk","name":"Алаш тас жолы","bridge":null,"lanes":"2","oneway":"yes"}},{"type":"Feature","geometry":{"type":"LineString","coordinates":[[71.40751,51.13433],[71.40728,51.13375]]},"properties":{"layer":"road","districtId":"nura","osmType":"way","osmId":607127139,"highway":"primary","name":"Тұран даңғылы","bridge":null,"lanes":"7","oneway":null}},{"type":"Feature","geometry":{"type":"LineString","coordinates":[[71.40474,51.12709],[71.40574,51.1299]]},"properties":{"layer":"road","districtId":"nura","osmType":"way","osmId":607127142,"highway":"primary","name":"Тұран даңғылы","bridge":null,"lanes":"3","oneway":"yes"}},{"type":"Feature","geometry":{"type":"LineString","coordinates":[[71.4594,51.02957],[71.46055,51.03033]]},"properties":{"layer":"road","districtId":"esil","osmType":"way","osmId":607412460,"highway":"tertiary","name":null,"bridge":null,"lanes":"2","oneway":"yes"}},{"type":"Feature","geometry":{"type":"LineString","coordinates":[[71.43127,51.04856],[71.43102,51.04835]]},"properties":{"layer":"road","districtId":"esil","osmType":"way","osmId":607434391,"highway":"tertiary","name":null,"bridge":null,"lanes":null,"oneway":"yes"}},{"type":"Feature","geometry":{"type":"LineString","coordinates":[[71.43111,51.04794],[71.43138,51.0485]]},"properties":{"layer":"road","districtId":"esil","osmType":"way","osmId":607434392,"highway":"tertiary","name":"Жаңадария көшесі","bridge":null,"lanes":"2","oneway":"yes"}},{"type":"Feature","geometry":{"type":"LineString","coordinates":[[71.40138,51.11764],[71.40116,51.11767]]},"properties":{"layer":"road","districtId":"nura","osmType":"way","osmId":607449461,"highway":"secondary","name":"Керей Және Жәнібек Хандар көшесі","bridge":null,"lanes":null,"oneway":"yes"}},{"type":"Feature","geometry":{"type":"LineString","coordinates":[[71.48218,51.14105],[71.4875,51.14256]]},"properties":{"layer":"road","districtId":"almaty","osmType":"way","osmId":608314012,"highway":"secondary","name":"Бауыржан Момышұлы даңғылы","bridge":null,"lanes":"3","oneway":"yes"}},{"type":"Feature","geometry":{"type":"LineString","coordinates":[[71.44167,51.1611],[71.44176,51.16078]]},"properties":{"layer":"road","districtId":"baikonur","osmType":"way","osmId":608640258,"highway":"secondary","name":"Шоқан Уәлиханов көшесі","bridge":null,"lanes":"4","oneway":null}},{"type":"Feature","geometry":{"type":"LineString","coordinates":[[71.41308,51.17305],[71.41437,51.17317]]},"properties":{"layer":"road","districtId":"saryarka","osmType":"way","osmId":608667772,"highway":"tertiary","name":"Әліби Жангелдин көшесі","bridge":null,"lanes":"4","oneway":null}},{"type":"Feature","geometry":{"type":"LineString","coordinates":[[71.6837,51.11225],[71.66613,51.11647],[71.65848,51.11867]]},"properties":{"layer":"road","districtId":"almaty","osmType":"way","osmId":608678294,"highway":"trunk","name":null,"bridge":null,"lanes":"2","oneway":"yes"}},{"type":"Feature","geometry":{"type":"LineString","coordinates":[[71.43871,51.1245],[71.43893,51.12447]]},"properties":{"layer":"road","districtId":"esil","osmType":"way","osmId":609670346,"highway":"tertiary","name":"Достық көшесі","bridge":null,"lanes":null,"oneway":"yes"}},{"type":"Feature","geometry":{"type":"LineString","coordinates":[[71.43833,51.12464],[71.43759,51.12476]]},"properties":{"layer":"road","districtId":"esil","osmType":"way","osmId":609670347,"highway":"tertiary","name":"Достық көшесі","bridge":null,"lanes":null,"oneway":"yes"}},{"type":"Feature","geometry":{"type":"LineString","coordinates":[[71.43891,51.12454],[71.43869,51.12458]]},"properties":{"layer":"road","districtId":"esil","osmType":"way","osmId":609670348,"highway":"tertiary","name":"Достық көшесі","bridge":null,"lanes":null,"oneway":"yes"}},{"type":"Feature","geometry":{"type":"LineString","coordinates":[[71.52683,51.14281],[71.52506,51.14224],[71.52352,51.14065],[71.5226,51.14054]]},"properties":{"layer":"road","districtId":"almaty","osmType":"way","osmId":609762319,"highway":"secondary","name":null,"bridge":null,"lanes":null,"oneway":"yes"}},{"type":"Feature","geometry":{"type":"LineString","coordinates":[[71.52019,51.15427],[71.51291,51.15697]]},"properties":{"layer":"road","districtId":"almaty","osmType":"way","osmId":609769929,"highway":"tertiary","name":"Қобыланды Батыр көшесі","bridge":null,"lanes":null,"oneway":null}},{"type":"Feature","geometry":{"type":"LineString","coordinates":[[71.4759,51.14747],[71.47424,51.15]]},"properties":{"layer":"road","districtId":"almaty","osmType":"way","osmId":609896539,"highway":"tertiary","name":"Жирентаев көшесі","bridge":null,"lanes":null,"oneway":null}},{"type":"Feature","geometry":{"type":"LineString","coordinates":[[71.48086,51.15179],[71.47865,51.15138],[71.47424,51.15]]},"properties":{"layer":"road","districtId":"almaty","osmType":"way","osmId":609896540,"highway":"tertiary","name":"Алексей Петров көшесі","bridge":null,"lanes":null,"oneway":null}},{"type":"Feature","geometry":{"type":"LineString","coordinates":[[71.47889,51.13704],[71.48073,51.13451]]},"properties":{"layer":"road","districtId":"almaty","osmType":"way","osmId":609896552,"highway":"tertiary","name":"Қаныш Сәтбаев көшесі","bridge":null,"lanes":null,"oneway":null}},{"type":"Feature","geometry":{"type":"LineString","coordinates":[[71.47698,51.13974],[71.47702,51.13962]]},"properties":{"layer":"road","districtId":"almaty","osmType":"way","osmId":609896557,"highway":"secondary","name":"Қаныш Сәтбаев көшесі","bridge":null,"lanes":null,"oneway":null}},{"type":"Feature","geometry":{"type":"LineString","coordinates":[[71.47702,51.13962],[71.48218,51.14105]]},"properties":{"layer":"road","districtId":"almaty","osmType":"way","osmId":609896558,"highway":"secondary","name":"Бауыржан Момышұлы даңғылы","bridge":null,"lanes":null,"oneway":"yes"}},{"type":"Feature","geometry":{"type":"LineString","coordinates":[[71.47876,51.13103],[71.4764,51.12671]]},"properties":{"layer":"road","districtId":"almaty","osmType":"way","osmId":609896565,"highway":"tertiary","name":"Обаған көшесі","bridge":null,"lanes":null,"oneway":null}},{"type":"Feature","geometry":{"type":"LineString","coordinates":[[71.50409,51.13379],[71.50631,51.1344]]},"properties":{"layer":"road","districtId":"almaty","osmType":"way","osmId":609896576,"highway":"secondary","name":"Айнакөл көшесі","bridge":null,"lanes":null,"oneway":null}},{"type":"Feature","geometry":{"type":"LineString","coordinates":[[71.41852,51.11745],[71.41835,51.11695]]},"properties":{"layer":"road","districtId":"esil","osmType":"way","osmId":610163023,"highway":"tertiary","name":"Сауран көшесі","bridge":null,"lanes":"4","oneway":null}},{"type":"Feature","geometry":{"type":"LineString","coordinates":[[71.4129,51.11135],[71.41255,51.1114]]},"properties":{"layer":"road","districtId":"esil","osmType":"way","osmId":610163036,"highway":"tertiary","name":"Орынбор көшесі","bridge":null,"lanes":"6","oneway":null}},{"type":"Feature","geometry":{"type":"LineString","coordinates":[[71.4191,51.11839],[71.41906,51.11834]]},"properties":{"layer":"road","districtId":"esil","osmType":"way","osmId":610163041,"highway":"tertiary","name":"Сауран көшесі","bridge":null,"lanes":"4","oneway":null}},{"type":"Feature","geometry":{"type":"LineString","coordinates":[[71.45456,51.10361],[71.45335,51.10251],[71.45231,51.09994]]},"properties":{"layer":"road","districtId":"esil","osmType":"way","osmId":610176826,"highway":"secondary","name":"Әл-Фараби даңғылы","bridge":null,"lanes":null,"oneway":"yes"}},{"type":"Feature","geometry":{"type":"LineString","coordinates":[[71.41579,51.13653],[71.41573,51.13644]]},"properties":{"layer":"road","districtId":"nura","osmType":"way","osmId":611248335,"highway":"secondary","name":"Қабанбай Батыр даңғылы","bridge":null,"lanes":"5","oneway":null}},{"type":"Feature","geometry":{"type":"LineString","coordinates":[[71.41579,51.13653],[71.40867,51.1373]]},"properties":{"layer":"road","districtId":"nura","osmType":"way","osmId":611248338,"highway":"secondary","name":"Сарайшық көшесі","bridge":null,"lanes":"3","oneway":"yes"}},{"type":"Feature","geometry":{"type":"LineString","coordinates":[[71.37406,51.18139],[71.38134,51.17952],[71.38221,51.17905],[71.38336,51.17883]]},"properties":{"layer":"road","districtId":"saryarka","osmType":"way","osmId":611253173,"highway":"primary","name":"Нұрғиса Тілендиев даңғылы","bridge":null,"lanes":"3","oneway":"yes"}},{"type":"Feature","geometry":{"type":"LineString","coordinates":[[71.39025,51.1688],[71.39186,51.16815]]},"properties":{"layer":"road","districtId":"saryarka","osmType":"way","osmId":611259617,"highway":"secondary","name":"Шаймерден Қосшығұлұлы көшесі","bridge":null,"lanes":"3","oneway":"yes"}},{"type":"Feature","geometry":{"type":"LineString","coordinates":[[71.35948,51.12652],[71.3581,51.12233],[71.35547,51.11578],[71.35051,51.10668]]},"properties":{"layer":"road","districtId":"nura","osmType":"way","osmId":611772025,"highway":"tertiary","name":"Шыңғыс Айтматов көшесі","bridge":null,"lanes":null,"oneway":"yes"}},{"type":"Feature","geometry":{"type":"LineString","coordinates":[[71.44055,51.17312],[71.44687,51.17388]]},"properties":{"layer":"road","districtId":"baikonur","osmType":"way","osmId":618266177,"highway":"tertiary","name":"Сәкен Сейфуллин көшесі","bridge":null,"lanes":"1","oneway":"yes"}},{"type":"Feature","geometry":{"type":"LineString","coordinates":[[71.45246,51.17245],[71.44814,51.17384],[71.44685,51.17393]]},"properties":{"layer":"road","districtId":"baikonur","osmType":"way","osmId":618266178,"highway":"tertiary","name":"Сәкен Сейфуллин көшесі","bridge":null,"lanes":"1","oneway":"yes"}},{"type":"Feature","geometry":{"type":"LineString","coordinates":[[71.40803,51.16937],[71.39885,51.16827]]},"properties":{"layer":"road","districtId":"saryarka","osmType":"way","osmId":618266186,"highway":"secondary","name":"Сәкен Сейфуллин көшесі","bridge":null,"lanes":"2","oneway":"yes"}},{"type":"Feature","geometry":{"type":"LineString","coordinates":[[71.42563,51.17143],[71.40803,51.16937]]},"properties":{"layer":"road","districtId":"saryarka","osmType":"way","osmId":618266187,"highway":"secondary","name":"Сәкен Сейфуллин көшесі","bridge":null,"lanes":"2","oneway":"yes"}},{"type":"Feature","geometry":{"type":"LineString","coordinates":[[71.35072,51.10663],[71.35628,51.11715],[71.35971,51.12649]]},"properties":{"layer":"road","districtId":"nura","osmType":"way","osmId":620065947,"highway":"tertiary","name":"Шыңғыс Айтматов көшесі","bridge":null,"lanes":null,"oneway":"yes"}},{"type":"Feature","geometry":{"type":"LineString","coordinates":[[71.38242,51.12992],[71.38296,51.13127]]},"properties":{"layer":"road","districtId":"nura","osmType":"way","osmId":620756763,"highway":"tertiary","name":"Әнет Баба көшесі","bridge":null,"lanes":null,"oneway":null}},{"type":"Feature","geometry":{"type":"LineString","coordinates":[[71.42821,51.16279],[71.42836,51.1628]]},"properties":{"layer":"road","districtId":"baikonur","osmType":"way","osmId":622653190,"highway":"secondary","name":"Амангелді Иманов көшесі","bridge":null,"lanes":"4","oneway":null}},{"type":"Feature","geometry":{"type":"LineString","coordinates":[[71.44639,51.16486],[71.44635,51.16482]]},"properties":{"layer":"road","districtId":"baikonur","osmType":"way","osmId":622653191,"highway":"secondary","name":"Әлмұқан Сембинов көшесі","bridge":null,"lanes":null,"oneway":null}},{"type":"Feature","geometry":{"type":"LineString","coordinates":[[71.47553,51.19836],[71.47632,51.19776]]},"properties":{"layer":"road","districtId":"baikonur","osmType":"way","osmId":622739642,"highway":"secondary","name":null,"bridge":null,"lanes":null,"oneway":null}},{"type":"Feature","geometry":{"type":"LineString","coordinates":[[71.47425,51.19891],[71.47553,51.19836]]},"properties":{"layer":"road","districtId":"baikonur","osmType":"way","osmId":622739643,"highway":"secondary","name":null,"bridge":null,"lanes":null,"oneway":null}},{"type":"Feature","geometry":{"type":"LineString","coordinates":[[71.24295,51.11981],[71.2465,51.12581],[71.26618,51.12962],[71.26944,51.12886]]},"properties":{"layer":"road","districtId":"nura","osmType":"way","osmId":623702349,"highway":"tertiary","name":"Исатай батыр көшесі","bridge":null,"lanes":null,"oneway":null}},{"type":"Feature","geometry":{"type":"LineString","coordinates":[[71.23623,51.10292],[71.27567,51.03828],[71.27777,51.036],[71.28067,51.03454],[71.28296,51.03393],[71.30254,51.03113],[71.3218,51.02814],[71.32526,51.02737],[71.33178,51.02555],[71.33427,51.02509],[71.34933,51.02485],[71.38009,51.02188]]},"properties":{"layer":"road","districtId":"nura","osmType":"way","osmId":624044342,"highway":"trunk","name":"Астана айналма жолы","bridge":null,"lanes":"2","oneway":"yes"}},{"type":"Feature","geometry":{"type":"LineString","coordinates":[[71.37388,51.25628],[71.37353,51.25702]]},"properties":{"layer":"road","districtId":"baikonur","osmType":"way","osmId":624810643,"highway":"trunk","name":null,"bridge":null,"lanes":"3","oneway":"yes"}},{"type":"Feature","geometry":{"type":"LineString","coordinates":[[71.37341,51.25701],[71.37376,51.25626]]},"properties":{"layer":"road","districtId":"baikonur","osmType":"way","osmId":624810644,"highway":"trunk","name":null,"bridge":null,"lanes":null,"oneway":"yes"}},{"type":"Feature","geometry":{"type":"LineString","coordinates":[[71.52237,51.1382],[71.5217,51.13811],[71.52157,51.13844],[71.52308,51.13998],[71.52391,51.14005]]},"properties":{"layer":"road","districtId":"almaty","osmType":"way","osmId":626676096,"highway":"secondary","name":null,"bridge":null,"lanes":null,"oneway":"yes"}},{"type":"Feature","geometry":{"type":"LineString","coordinates":[[71.52391,51.14005],[71.52369,51.14061],[71.52519,51.14221],[71.52583,51.14219],[71.5259,51.14185]]},"properties":{"layer":"road","districtId":"almaty","osmType":"way","osmId":626676098,"highway":"secondary","name":null,"bridge":null,"lanes":null,"oneway":"yes"}},{"type":"Feature","geometry":{"type":"LineString","coordinates":[[71.43444,51.13325],[71.43673,51.13281]]},"properties":{"layer":"road","districtId":"esil","osmType":"way","osmId":627124720,"highway":"secondary","name":"Сарайшық көшесі","bridge":null,"lanes":null,"oneway":"yes"}},{"type":"Feature","geometry":{"type":"LineString","coordinates":[[71.24295,51.11981],[71.2348,51.12153]]},"properties":{"layer":"road","districtId":"nura","osmType":"way","osmId":627195404,"highway":"tertiary","name":"Есет батыр көшесі","bridge":null,"lanes":null,"oneway":null}},{"type":"Feature","geometry":{"type":"LineString","coordinates":[[71.43338,51.13924],[71.4339,51.13896]]},"properties":{"layer":"road","districtId":"esil","osmType":"way","osmId":628842630,"highway":"tertiary","name":"Арай көшесі","bridge":null,"lanes":"4","oneway":null}},{"type":"Feature","geometry":{"type":"LineString","coordinates":[[71.44057,51.0982],[71.43834,51.0985]]},"properties":{"layer":"road","districtId":"esil","osmType":"way","osmId":636726652,"highway":"tertiary","name":"Бұқар Жырау көшесі","bridge":null,"lanes":null,"oneway":null}},{"type":"Feature","geometry":{"type":"LineString","coordinates":[[71.44101,51.12414],[71.44123,51.12411]]},"properties":{"layer":"road","districtId":"esil","osmType":"way","osmId":641438954,"highway":"tertiary","name":"Достық көшесі","bridge":null,"lanes":null,"oneway":"yes"}},{"type":"Feature","geometry":{"type":"LineString","coordinates":[[71.44125,51.12417],[71.43891,51.12454]]},"properties":{"layer":"road","districtId":"esil","osmType":"way","osmId":641438957,"highway":"tertiary","name":"Достық көшесі","bridge":null,"lanes":null,"oneway":"yes"}},{"type":"Feature","geometry":{"type":"LineString","coordinates":[[71.485,51.12842],[71.48646,51.12627]]},"properties":{"layer":"road","districtId":"almaty","osmType":"way","osmId":649664365,"highway":"tertiary","name":"Сағадат Нұрмағамбетов көшесі","bridge":null,"lanes":null,"oneway":"yes"}},{"type":"Feature","geometry":{"type":"LineString","coordinates":[[71.36193,51.13253],[71.36168,51.13256]]},"properties":{"layer":"road","districtId":"nura","osmType":"way","osmId":649664371,"highway":"secondary","name":"Сығанақ көшесі","bridge":null,"lanes":null,"oneway":"yes"}},{"type":"Feature","geometry":{"type":"LineString","coordinates":[[71.36161,51.1324],[71.36188,51.13236]]},"properties":{"layer":"road","districtId":"nura","osmType":"way","osmId":649664372,"highway":"secondary","name":"Сығанақ көшесі","bridge":null,"lanes":null,"oneway":"yes"}},{"type":"Feature","geometry":{"type":"LineString","coordinates":[[71.3643,51.14405],[71.36582,51.14379]]},"properties":{"layer":"road","districtId":"nura","osmType":"way","osmId":649664373,"highway":"secondary","name":"Қайым Мұхамедханов көшесі","bridge":null,"lanes":null,"oneway":"yes"}},{"type":"Feature","geometry":{"type":"LineString","coordinates":[[71.3659,51.14395],[71.36448,51.14419]]},"properties":{"layer":"road","districtId":"nura","osmType":"way","osmId":649664374,"highway":"secondary","name":"Қайым Мұхамедханов көшесі","bridge":null,"lanes":null,"oneway":"yes"}},{"type":"Feature","geometry":{"type":"LineString","coordinates":[[71.40115,51.19354],[71.39813,51.1945]]},"properties":{"layer":"road","districtId":"saryarka","osmType":"way","osmId":649689728,"highway":"secondary","name":"Конституция көшесі","bridge":null,"lanes":null,"oneway":null}},{"type":"Feature","geometry":{"type":"LineString","coordinates":[[71.38181,51.18545],[71.38078,51.1843]]},"properties":{"layer":"road","districtId":"saryarka","osmType":"way","osmId":649689729,"highway":"tertiary","name":"Күләш Бәйсейітова көшесі","bridge":null,"lanes":null,"oneway":null}},{"type":"Feature","geometry":{"type":"LineString","coordinates":[[71.42294,51.12422],[71.42284,51.12402]]},"properties":{"layer":"road","districtId":"esil","osmType":"way","osmId":649748229,"highway":"tertiary","name":"Сауран көшесі","bridge":null,"lanes":"4","oneway":null}},{"type":"Feature","geometry":{"type":"LineString","coordinates":[[71.36156,51.13226],[71.35948,51.12652]]},"properties":{"layer":"road","districtId":"nura","osmType":"way","osmId":649748231,"highway":"tertiary","name":"Шыңғыс Айтматов көшесі","bridge":null,"lanes":null,"oneway":"yes"}},{"type":"Feature","geometry":{"type":"LineString","coordinates":[[71.44685,51.17393],[71.44052,51.17319]]},"properties":{"layer":"road","districtId":"baikonur","osmType":"way","osmId":649773312,"highway":"tertiary","name":"Сәкен Сейфуллин көшесі","bridge":null,"lanes":"2","oneway":"yes"}},{"type":"Feature","geometry":{"type":"LineString","coordinates":[[71.3742,51.18155],[71.37406,51.18139]]},"properties":{"layer":"road","districtId":"saryarka","osmType":"way","osmId":652079242,"highway":"tertiary","name":"Ақан Сері көшесі","bridge":null,"lanes":null,"oneway":null}},{"type":"Feature","geometry":{"type":"LineString","coordinates":[[71.42101,51.07939],[71.42121,51.07936]]},"properties":{"layer":"road","districtId":"esil","osmType":"way","osmId":660261314,"highway":"tertiary","name":null,"bridge":null,"lanes":null,"oneway":"yes"}},{"type":"Feature","geometry":{"type":"LineString","coordinates":[[71.42129,51.07957],[71.42109,51.0796]]},"properties":{"layer":"road","districtId":"esil","osmType":"way","osmId":660261315,"highway":"tertiary","name":null,"bridge":null,"lanes":null,"oneway":"yes"}},{"type":"Feature","geometry":{"type":"LineString","coordinates":[[71.38303,51.21781],[71.38035,51.2167]]},"properties":{"layer":"road","districtId":"baikonur","osmType":"way","osmId":660618796,"highway":"secondary","name":"Өзен көшесі","bridge":null,"lanes":null,"oneway":null}},{"type":"Feature","geometry":{"type":"LineString","coordinates":[[71.39695,51.13093],[71.40036,51.13041],[71.40102,51.13072]]},"properties":{"layer":"road","districtId":"nura","osmType":"way","osmId":661337975,"highway":"tertiary","name":"Халифа бен Заид әл-Нахаян көшесі","bridge":null,"lanes":null,"oneway":"yes"}},{"type":"Feature","geometry":{"type":"LineString","coordinates":[[71.4581,51.09101],[71.45932,51.09083]]},"properties":{"layer":"road","districtId":"esil","osmType":"way","osmId":661488704,"highway":"secondary","name":"Ұлы Дала даңғылы","bridge":"yes","lanes":null,"oneway":"yes"}},{"type":"Feature","geometry":{"type":"LineString","coordinates":[[71.48633,51.08763],[71.4887,51.08832],[71.49028,51.08911],[71.49291,51.09121],[71.49571,51.09282],[71.498,51.0937],[71.50257,51.09502],[71.50472,51.09602],[71.50604,51.09725],[71.50702,51.09939]]},"properties":{"layer":"road","districtId":"esil","osmType":"way","osmId":661488717,"highway":"secondary","name":"Ұлы Дала даңғылы","bridge":null,"lanes":null,"oneway":"yes"}},{"type":"Feature","geometry":{"type":"LineString","coordinates":[[71.44952,51.09211],[71.44799,51.08789]]},"properties":{"layer":"road","districtId":"esil","osmType":"way","osmId":667255735,"highway":"tertiary","name":"Әл-Фараби даңғылы","bridge":null,"lanes":null,"oneway":"yes"}},{"type":"Feature","geometry":{"type":"LineString","coordinates":[[71.46324,51.16607],[71.47155,51.16347]]},"properties":{"layer":"road","districtId":"baikonur","osmType":"way","osmId":676577952,"highway":"tertiary","name":"Абай даңғылы","bridge":null,"lanes":null,"oneway":"yes"}},{"type":"Feature","geometry":{"type":"LineString","coordinates":[[71.45562,51.12995],[71.45405,51.13021]]},"properties":{"layer":"road","districtId":"almaty","osmType":"way","osmId":678155638,"highway":"secondary","name":"Сарайшық көшесі","bridge":null,"lanes":"4","oneway":"yes"}},{"type":"Feature","geometry":{"type":"LineString","coordinates":[[71.37296,51.17153],[71.37237,51.17241]]},"properties":{"layer":"road","districtId":"saryarka","osmType":"way","osmId":686919195,"highway":"tertiary","name":"Қараменде Би Шақаұлы көшесі","bridge":null,"lanes":null,"oneway":null}},{"type":"Feature","geometry":{"type":"LineString","coordinates":[[71.41755,51.13069],[71.41784,51.13142]]},"properties":{"layer":"road","districtId":"esil","osmType":"way","osmId":688295937,"highway":"tertiary","name":"Қазақ радиосы көшесі","bridge":null,"lanes":"4","oneway":null}},{"type":"Feature","geometry":{"type":"LineString","coordinates":[[71.42151,51.13216],[71.41441,51.13324]]},"properties":{"layer":"road","districtId":"esil","osmType":"way","osmId":688297557,"highway":"secondary","name":"Қонаев көшесі","bridge":null,"lanes":"4","oneway":null}},{"type":"Feature","geometry":{"type":"LineString","coordinates":[[71.43928,51.12938],[71.43647,51.12225]]},"properties":{"layer":"road","districtId":"esil","osmType":"way","osmId":688297712,"highway":"secondary","name":"Мәңгілік Ел даңғылы","bridge":null,"lanes":null,"oneway":"yes"}},{"type":"Feature","geometry":{"type":"LineString","coordinates":[[71.43928,51.12938],[71.43861,51.12947]]},"properties":{"layer":"road","districtId":"esil","osmType":"way","osmId":688297714,"highway":"secondary","name":"Қонаев көшесі","bridge":null,"lanes":"4","oneway":null}},{"type":"Feature","geometry":{"type":"LineString","coordinates":[[71.43948,51.12935],[71.43991,51.1304]]},"properties":{"layer":"road","districtId":"esil","osmType":"way","osmId":688297715,"highway":"secondary","name":"Мәңгілік Ел даңғылы","bridge":null,"lanes":null,"oneway":"yes"}},{"type":"Feature","geometry":{"type":"LineString","coordinates":[[71.43493,51.17568],[71.43616,51.17582]]},"properties":{"layer":"road","districtId":"baikonur","osmType":"way","osmId":691853514,"highway":"tertiary","name":"Әліби Жангелдин көшесі","bridge":null,"lanes":null,"oneway":null}},{"type":"Feature","geometry":{"type":"LineString","coordinates":[[71.42528,51.09113],[71.42547,51.0911]]},"properties":{"layer":"road","districtId":"esil","osmType":"way","osmId":693704752,"highway":"tertiary","name":"Әбіш Кекілбайұлы көшесі","bridge":null,"lanes":"4","oneway":null}},{"type":"Feature","geometry":{"type":"LineString","coordinates":[[71.44122,51.08888],[71.44133,51.08886]]},"properties":{"layer":"road","districtId":"esil","osmType":"way","osmId":693704753,"highway":"tertiary","name":"Әбіш Кекілбайұлы көшесі","bridge":null,"lanes":"4","oneway":null}},{"type":"Feature","geometry":{"type":"LineString","coordinates":[[71.42415,51.17715],[71.42401,51.17731]]},"properties":{"layer":"road","districtId":"saryarka","osmType":"way","osmId":693871434,"highway":"primary","name":"Республика даңғылы","bridge":null,"lanes":null,"oneway":"yes"}},{"type":"Feature","geometry":{"type":"LineString","coordinates":[[71.42402,51.17714],[71.42415,51.17715]]},"properties":{"layer":"road","districtId":"baikonur","osmType":"way","osmId":693871435,"highway":"primary","name":"Бөгенбай Батыр даңғылы","bridge":null,"lanes":null,"oneway":"yes"}},{"type":"Feature","geometry":{"type":"LineString","coordinates":[[71.4357,51.17256],[71.43831,51.17287]]},"properties":{"layer":"road","districtId":"baikonur","osmType":"way","osmId":693873788,"highway":"secondary","name":"Сәкен Сейфуллин көшесі","bridge":null,"lanes":"2","oneway":"yes"}},{"type":"Feature","geometry":{"type":"LineString","coordinates":[[71.42579,51.17138],[71.4357,51.17256]]},"properties":{"layer":"road","districtId":"baikonur","osmType":"way","osmId":693873790,"highway":"secondary","name":"Сәкен Сейфуллин көшесі","bridge":null,"lanes":null,"oneway":"yes"}},{"type":"Feature","geometry":{"type":"LineString","coordinates":[[71.42664,51.1684],[71.42579,51.17138]]},"properties":{"layer":"road","districtId":"baikonur","osmType":"way","osmId":693873791,"highway":"primary","name":"Республика даңғылы","bridge":null,"lanes":"3","oneway":"yes"}},{"type":"Feature","geometry":{"type":"LineString","coordinates":[[71.42596,51.17082],[71.42607,51.17123],[71.42673,51.17149]]},"properties":{"layer":"road","districtId":"baikonur","osmType":"way","osmId":693873792,"highway":"secondary","name":null,"bridge":null,"lanes":null,"oneway":"yes"}},{"type":"Feature","geometry":{"type":"LineString","coordinates":[[71.4205,51.09649],[71.41717,51.09697]]},"properties":{"layer":"road","districtId":"esil","osmType":"way","osmId":696345555,"highway":"secondary","name":"Ұлы Дала даңғылы","bridge":null,"lanes":"3","oneway":"yes"}},{"type":"Feature","geometry":{"type":"LineString","coordinates":[[71.42281,51.10231],[71.42424,51.10627]]},"properties":{"layer":"road","districtId":"esil","osmType":"way","osmId":696345993,"highway":"secondary","name":"Түркістан көшесі","bridge":null,"lanes":"4","oneway":"yes"}},{"type":"Feature","geometry":{"type":"LineString","coordinates":[[71.42204,51.10081],[71.42046,51.09636]]},"properties":{"layer":"road","districtId":"esil","osmType":"way","osmId":696346917,"highway":"secondary","name":"Түркістан көшесі","bridge":null,"lanes":"2","oneway":"yes"}},{"type":"Feature","geometry":{"type":"LineString","coordinates":[[71.43828,51.11235],[71.43713,51.11252]]},"properties":{"layer":"road","districtId":"esil","osmType":"way","osmId":696897740,"highway":"secondary","name":"Керей Және Жәнібек Хандар көшесі","bridge":null,"lanes":"7","oneway":"no"}},{"type":"Feature","geometry":{"type":"LineString","coordinates":[[71.43658,51.12224],[71.43759,51.12476]]},"properties":{"layer":"road","districtId":"esil","osmType":"way","osmId":698225896,"highway":"secondary","name":"Мәңгілік Ел даңғылы","bridge":null,"lanes":null,"oneway":"yes"}},{"type":"Feature","geometry":{"type":"LineString","coordinates":[[71.43645,51.12184],[71.43658,51.12224]]},"properties":{"layer":"road","districtId":"esil","osmType":"way","osmId":698225897,"highway":"secondary","name":"Мәңгілік Ел даңғылы","bridge":null,"lanes":null,"oneway":"yes"}},{"type":"Feature","geometry":{"type":"LineString","coordinates":[[71.43647,51.12225],[71.43634,51.12188]]},"properties":{"layer":"road","districtId":"esil","osmType":"way","osmId":698225927,"highway":"secondary","name":"Мәңгілік Ел даңғылы","bridge":null,"lanes":null,"oneway":"yes"}},{"type":"Feature","geometry":{"type":"LineString","coordinates":[[71.43634,51.12188],[71.43483,51.11771]]},"properties":{"layer":"road","districtId":"esil","osmType":"way","osmId":698225928,"highway":"secondary","name":"Мәңгілік Ел даңғылы","bridge":null,"lanes":null,"oneway":"yes"}},{"type":"Feature","geometry":{"type":"LineString","coordinates":[[71.44068,51.12916],[71.44048,51.12919]]},"properties":{"layer":"road","districtId":"esil","osmType":"way","osmId":698227101,"highway":"tertiary","name":"Қонаев көшесі","bridge":null,"lanes":"4","oneway":null}},{"type":"Feature","geometry":{"type":"LineString","coordinates":[[71.44048,51.12919],[71.44024,51.12923]]},"properties":{"layer":"road","districtId":"esil","osmType":"way","osmId":698227102,"highway":"tertiary","name":"Қонаев көшесі","bridge":null,"lanes":"5","oneway":null}},{"type":"Feature","geometry":{"type":"LineString","coordinates":[[71.44213,51.1593],[71.44196,51.1587]]},"properties":{"layer":"road","districtId":"baikonur","osmType":"way","osmId":698232582,"highway":"secondary","name":"Шоқан Уәлиханов көшесі","bridge":null,"lanes":"4","oneway":null}},{"type":"Feature","geometry":{"type":"LineString","coordinates":[[71.38009,51.02188],[71.38101,51.02179]]},"properties":{"layer":"road","districtId":"esil","osmType":"way","osmId":704260915,"highway":"trunk","name":"Астана айналма жолы","bridge":"yes","lanes":"2","oneway":"yes"}},{"type":"Feature","geometry":{"type":"LineString","coordinates":[[71.23564,51.10389],[71.23623,51.10292]]},"properties":{"layer":"road","districtId":"nura","osmType":"way","osmId":704260917,"highway":"trunk","name":"Астана айналма жолы","bridge":"yes","lanes":"2","oneway":"yes"}},{"type":"Feature","geometry":{"type":"LineString","coordinates":[[71.4308,51.13396],[71.42003,51.13581]]},"properties":{"layer":"road","districtId":"esil","osmType":"way","osmId":723049184,"highway":"secondary","name":"Сарайшық көшесі","bridge":null,"lanes":"3","oneway":"yes"}},{"type":"Feature","geometry":{"type":"LineString","coordinates":[[71.4308,51.13396],[71.43076,51.13388]]},"properties":{"layer":"road","districtId":"esil","osmType":"way","osmId":723049186,"highway":"secondary","name":"Ақмешіт көшесі","bridge":null,"lanes":"4","oneway":null}},{"type":"Feature","geometry":{"type":"LineString","coordinates":[[71.41573,51.13644],[71.41999,51.13572]]},"properties":{"layer":"road","districtId":"esil","osmType":"way","osmId":723051233,"highway":"secondary","name":"Сарайшық көшесі","bridge":null,"lanes":null,"oneway":"yes"}},{"type":"Feature","geometry":{"type":"LineString","coordinates":[[71.43095,51.10689],[71.43062,51.10599]]},"properties":{"layer":"road","districtId":"esil","osmType":"way","osmId":724874966,"highway":"secondary","name":"Мәңгілік Ел даңғылы","bridge":null,"lanes":null,"oneway":"yes"}},{"type":"Feature","geometry":{"type":"LineString","coordinates":[[71.43078,51.10596],[71.43171,51.10855]]},"properties":{"layer":"road","districtId":"esil","osmType":"way","osmId":724874967,"highway":"secondary","name":"Мәңгілік Ел даңғылы","bridge":null,"lanes":null,"oneway":"yes"}},{"type":"Feature","geometry":{"type":"LineString","coordinates":[[71.43281,51.11313],[71.43258,51.11316]]},"properties":{"layer":"road","districtId":"esil","osmType":"way","osmId":724875224,"highway":"secondary","name":"Керей Және Жәнібек Хандар көшесі","bridge":null,"lanes":"7","oneway":"no"}},{"type":"Feature","geometry":{"type":"LineString","coordinates":[[71.43331,51.11306],[71.43316,51.11308]]},"properties":{"layer":"road","districtId":"esil","osmType":"way","osmId":724875225,"highway":"secondary","name":"Керей Және Жәнібек Хандар көшесі","bridge":null,"lanes":"6","oneway":"no"}},{"type":"Feature","geometry":{"type":"LineString","coordinates":[[71.43365,51.114],[71.43403,51.11507]]},"properties":{"layer":"road","districtId":"esil","osmType":"way","osmId":724875226,"highway":"secondary","name":"Мәңгілік Ел даңғылы","bridge":null,"lanes":"4","oneway":"yes"}},{"type":"Feature","geometry":{"type":"LineString","coordinates":[[71.43307,51.11282],[71.43163,51.1088]]},"properties":{"layer":"road","districtId":"esil","osmType":"way","osmId":724875230,"highway":"secondary","name":"Мәңгілік Ел даңғылы","bridge":null,"lanes":null,"oneway":"yes"}},{"type":"Feature","geometry":{"type":"LineString","coordinates":[[71.43664,51.17872],[71.42903,51.17785]]},"properties":{"layer":"road","districtId":"saryarka","osmType":"way","osmId":724878650,"highway":"primary","name":"Бөгенбай Батыр даңғылы","bridge":null,"lanes":"4","oneway":"yes"}},{"type":"Feature","geometry":{"type":"LineString","coordinates":[[71.44004,51.16699],[71.43992,51.16698]]},"properties":{"layer":"road","districtId":"baikonur","osmType":"way","osmId":724878653,"highway":"secondary","name":"Кенесары көшесі","bridge":null,"lanes":null,"oneway":"yes"}},{"type":"Feature","geometry":{"type":"LineString","coordinates":[[71.44145,51.17006],[71.44816,51.17082]]},"properties":{"layer":"road","districtId":"baikonur","osmType":"way","osmId":724878656,"highway":"tertiary","name":"Абай даңғылы","bridge":null,"lanes":null,"oneway":"yes"}},{"type":"Feature","geometry":{"type":"LineString","coordinates":[[71.42707,51.16549],[71.41462,51.16381]]},"properties":{"layer":"road","districtId":"saryarka","osmType":"way","osmId":724878657,"highway":"secondary","name":"Кенесары көшесі","bridge":null,"lanes":null,"oneway":"yes"}},{"type":"Feature","geometry":{"type":"LineString","coordinates":[[71.44097,51.16423],[71.44201,51.16434]]},"properties":{"layer":"road","districtId":"baikonur","osmType":"way","osmId":724878659,"highway":"secondary","name":"Амангелді Иманов көшесі","bridge":null,"lanes":"4","oneway":null}},{"type":"Feature","geometry":{"type":"LineString","coordinates":[[71.44705,51.16779],[71.44004,51.16699]]},"properties":{"layer":"road","districtId":"baikonur","osmType":"way","osmId":724878922,"highway":"secondary","name":"Кенесары көшесі","bridge":null,"lanes":"3","oneway":"yes"}},{"type":"Feature","geometry":{"type":"LineString","coordinates":[[71.44848,51.16744],[71.44705,51.16779]]},"properties":{"layer":"road","districtId":"baikonur","osmType":"way","osmId":724878923,"highway":"secondary","name":"Кенесары көшесі","bridge":null,"lanes":"3","oneway":"yes"}},{"type":"Feature","geometry":{"type":"LineString","coordinates":[[71.44848,51.16744],[71.44639,51.16486]]},"properties":{"layer":"road","districtId":"baikonur","osmType":"way","osmId":724878924,"highway":"tertiary","name":"Әлмұқан Сембинов көшесі","bridge":null,"lanes":null,"oneway":null}},{"type":"Feature","geometry":{"type":"LineString","coordinates":[[71.47155,51.16347],[71.47177,51.16337]]},"properties":{"layer":"road","districtId":"baikonur","osmType":"way","osmId":724879333,"highway":"tertiary","name":"Абай даңғылы","bridge":null,"lanes":null,"oneway":"yes"}},{"type":"Feature","geometry":{"type":"LineString","coordinates":[[71.45056,51.17006],[71.45073,51.17001]]},"properties":{"layer":"road","districtId":"baikonur","osmType":"way","osmId":724879334,"highway":"tertiary","name":"Абай даңғылы","bridge":null,"lanes":null,"oneway":"yes"}},{"type":"Feature","geometry":{"type":"LineString","coordinates":[[71.41692,51.18256],[71.41503,51.18877]]},"properties":{"layer":"road","districtId":"saryarka","osmType":"way","osmId":724879777,"highway":"secondary","name":"Бейбітшілік көшесі","bridge":null,"lanes":"3","oneway":"yes"}},{"type":"Feature","geometry":{"type":"LineString","coordinates":[[71.38102,51.0219],[71.3801,51.022]]},"properties":{"layer":"road","districtId":"nura","osmType":"way","osmId":727438961,"highway":"trunk","name":"Астана айналма жолы","bridge":"yes","lanes":"2","oneway":"yes"}},{"type":"Feature","geometry":{"type":"LineString","coordinates":[[71.40277,51.02148],[71.396,51.02096],[71.39223,51.02098],[71.38933,51.02108],[71.38102,51.0219]]},"properties":{"layer":"road","districtId":"esil","osmType":"way","osmId":727438962,"highway":"trunk","name":"Астана айналма жолы","bridge":null,"lanes":"2","oneway":"yes"}},{"type":"Feature","geometry":{"type":"LineString","coordinates":[[71.3801,51.022],[71.34927,51.02498],[71.33425,51.02525],[71.33187,51.02565],[71.32537,51.02751],[71.32185,51.02824],[71.30347,51.0311],[71.28309,51.03399],[71.28077,51.03467],[71.27802,51.03606],[71.27596,51.0383],[71.23636,51.1032]]},"properties":{"layer":"road","districtId":"nura","osmType":"way","osmId":727438963,"highway":"trunk","name":"Астана айналма жолы","bridge":null,"lanes":"2","oneway":"yes"}},{"type":"Feature","geometry":{"type":"LineString","coordinates":[[71.23636,51.1032],[71.23589,51.10398]]},"properties":{"layer":"road","districtId":"nura","osmType":"way","osmId":727438964,"highway":"trunk","name":"Астана айналма жолы","bridge":"yes","lanes":"2","oneway":"yes"}},{"type":"Feature","geometry":{"type":"LineString","coordinates":[[71.38101,51.02179],[71.38852,51.02104],[71.39225,51.02085],[71.39594,51.0208],[71.40276,51.02137]]},"properties":{"layer":"road","districtId":"esil","osmType":"way","osmId":727450492,"highway":"trunk","name":"Астана айналма жолы","bridge":null,"lanes":"2","oneway":"yes"}},{"type":"Feature","geometry":{"type":"LineString","coordinates":[[71.4584,51.09115],[71.45007,51.09233]]},"properties":{"layer":"road","districtId":"esil","osmType":"way","osmId":727453060,"highway":"secondary","name":"Ұлы Дала даңғылы","bridge":null,"lanes":null,"oneway":"yes"}},{"type":"Feature","geometry":{"type":"LineString","coordinates":[[71.45944,51.09101],[71.4584,51.09115]]},"properties":{"layer":"road","districtId":"esil","osmType":"way","osmId":727453061,"highway":"secondary","name":"Ұлы Дала даңғылы","bridge":"yes","lanes":null,"oneway":"yes"}},{"type":"Feature","geometry":{"type":"LineString","coordinates":[[71.50676,51.09945],[71.5058,51.09736],[71.50506,51.09655],[71.50371,51.09569],[71.49566,51.09302],[71.49258,51.09123],[71.49001,51.0892],[71.48854,51.08849],[71.48614,51.08774]]},"properties":{"layer":"road","districtId":"esil","osmType":"way","osmId":727453062,"highway":"secondary","name":"Ұлы Дала даңғылы","bridge":null,"lanes":null,"oneway":"yes"}},{"type":"Feature","geometry":{"type":"LineString","coordinates":[[71.50827,51.10322],[71.50733,51.10084]]},"properties":{"layer":"road","districtId":"esil","osmType":"way","osmId":727453064,"highway":"secondary","name":null,"bridge":null,"lanes":null,"oneway":"yes"}},{"type":"Feature","geometry":{"type":"LineString","coordinates":[[71.424,51.1268],[71.43558,51.12499]]},"properties":{"layer":"road","districtId":"esil","osmType":"way","osmId":730188747,"highway":"tertiary","name":"Достық көшесі","bridge":null,"lanes":null,"oneway":"yes"}},{"type":"Feature","geometry":{"type":"LineString","coordinates":[[71.40808,51.14588],[71.40689,51.14594]]},"properties":{"layer":"road","districtId":"nura","osmType":"way","osmId":730190088,"highway":"primary","name":"Қорғалжын тас жолы","bridge":null,"lanes":"3","oneway":"yes"}},{"type":"Feature","geometry":{"type":"LineString","coordinates":[[71.39661,51.14748],[71.39022,51.14845],[71.38792,51.14862],[71.38408,51.14844],[71.37855,51.14729],[71.37598,51.14697],[71.3724,51.14713],[71.36867,51.14797]]},"properties":{"layer":"road","districtId":"nura","osmType":"way","osmId":730190089,"highway":"primary","name":"Қорғалжын тас жолы","bridge":null,"lanes":"3","oneway":"yes"}},{"type":"Feature","geometry":{"type":"LineString","coordinates":[[71.40626,51.14601],[71.40577,51.14607]]},"properties":{"layer":"road","districtId":"nura","osmType":"way","osmId":730190091,"highway":"primary","name":"Қорғалжын тас жолы","bridge":null,"lanes":"3","oneway":"yes"}},{"type":"Feature","geometry":{"type":"LineString","coordinates":[[71.40689,51.14594],[71.40626,51.14601]]},"properties":{"layer":"road","districtId":"nura","osmType":"way","osmId":730190093,"highway":"primary","name":"Қорғалжын тас жолы","bridge":null,"lanes":"3","oneway":"yes"}},{"type":"Feature","geometry":{"type":"LineString","coordinates":[[71.40624,51.1459],[71.40687,51.14582]]},"properties":{"layer":"road","districtId":"nura","osmType":"way","osmId":730190094,"highway":"primary","name":"Қорғалжын тас жолы","bridge":null,"lanes":"3","oneway":"yes"}},{"type":"Feature","geometry":{"type":"LineString","coordinates":[[71.40687,51.14582],[71.41006,51.14584]]},"properties":{"layer":"road","districtId":"nura","osmType":"way","osmId":730190097,"highway":"primary","name":"Қорғалжын тас жолы","bridge":null,"lanes":"3","oneway":"yes"}},{"type":"Feature","geometry":{"type":"LineString","coordinates":[[71.40518,51.14603],[71.40624,51.1459]]},"properties":{"layer":"road","districtId":"nura","osmType":"way","osmId":730190098,"highway":"primary","name":"Қорғалжын тас жолы","bridge":null,"lanes":"3","oneway":"yes"}},{"type":"Feature","geometry":{"type":"LineString","coordinates":[[71.29475,51.18772],[71.295,51.18799]]},"properties":{"layer":"road","districtId":"saryarka","osmType":"way","osmId":732104622,"highway":"trunk","name":"Астана айналма жолы","bridge":"yes","lanes":null,"oneway":"yes"}},{"type":"Feature","geometry":{"type":"LineString","coordinates":[[71.295,51.18799],[71.30627,51.19988]]},"properties":{"layer":"road","districtId":"saryarka","osmType":"way","osmId":732104623,"highway":"trunk","name":"Астана айналма жолы","bridge":null,"lanes":null,"oneway":"yes"}},{"type":"Feature","geometry":{"type":"LineString","coordinates":[[71.2948,51.18806],[71.29455,51.1878]]},"properties":{"layer":"road","districtId":"nura","osmType":"way","osmId":732104625,"highway":"trunk","name":"Астана айналма жолы","bridge":"yes","lanes":null,"oneway":"yes"}},{"type":"Feature","geometry":{"type":"LineString","coordinates":[[71.44943,51.2081],[71.45329,51.20659]]},"properties":{"layer":"road","districtId":"baikonur","osmType":"way","osmId":732104630,"highway":"secondary","name":"191-ші көше","bridge":null,"lanes":"6","oneway":null}},{"type":"Feature","geometry":{"type":"LineString","coordinates":[[71.42003,51.13581],[71.41579,51.13653]]},"properties":{"layer":"road","districtId":"esil","osmType":"way","osmId":734360465,"highway":"secondary","name":"Сарайшық көшесі","bridge":null,"lanes":null,"oneway":"yes"}},{"type":"Feature","geometry":{"type":"LineString","coordinates":[[71.41999,51.13572],[71.43444,51.13325]]},"properties":{"layer":"road","districtId":"esil","osmType":"way","osmId":734360467,"highway":"secondary","name":"Сарайшық көшесі","bridge":null,"lanes":null,"oneway":"yes"}},{"type":"Feature","geometry":{"type":"LineString","coordinates":[[71.43549,51.13573],[71.43496,51.13444]]},"properties":{"layer":"road","districtId":"esil","osmType":"way","osmId":734361220,"highway":"tertiary","name":"Арай көшесі","bridge":null,"lanes":"4","oneway":null}},{"type":"Feature","geometry":{"type":"LineString","coordinates":[[71.43542,51.13656],[71.43549,51.13573]]},"properties":{"layer":"road","districtId":"esil","osmType":"way","osmId":734361224,"highway":"tertiary","name":"Арай көшесі","bridge":null,"lanes":"4","oneway":null}},{"type":"Feature","geometry":{"type":"LineString","coordinates":[[71.43485,51.13774],[71.43542,51.13656]]},"properties":{"layer":"road","districtId":"esil","osmType":"way","osmId":734361225,"highway":"tertiary","name":"Арай көшесі","bridge":null,"lanes":"4","oneway":null}},{"type":"Feature","geometry":{"type":"LineString","coordinates":[[71.4339,51.13896],[71.43435,51.13849]]},"properties":{"layer":"road","districtId":"esil","osmType":"way","osmId":734361228,"highway":"tertiary","name":"Арай көшесі","bridge":null,"lanes":"4","oneway":null}},{"type":"Feature","geometry":{"type":"LineString","coordinates":[[71.39715,51.17438],[71.39649,51.1759]]},"properties":{"layer":"road","districtId":"saryarka","osmType":"way","osmId":734361624,"highway":"tertiary","name":"Кенжебек Күмісбеков көшесі","bridge":null,"lanes":null,"oneway":null}},{"type":"Feature","geometry":{"type":"LineString","coordinates":[[71.41041,51.146],[71.40808,51.14588]]},"properties":{"layer":"road","districtId":"nura","osmType":"way","osmId":734363102,"highway":"primary","name":"Қорғалжын тас жолы","bridge":null,"lanes":"3","oneway":"yes"}},{"type":"Feature","geometry":{"type":"LineString","coordinates":[[71.41006,51.14584],[71.41173,51.14601]]},"properties":{"layer":"road","districtId":"nura","osmType":"way","osmId":734363104,"highway":"primary","name":"Қорғалжын тас жолы","bridge":null,"lanes":"3","oneway":"yes"}},{"type":"Feature","geometry":{"type":"LineString","coordinates":[[71.38734,51.07907],[71.38703,51.07811],[71.38707,51.07689],[71.38812,51.07518],[71.39535,51.07054]]},"properties":{"layer":"road","districtId":"nura","osmType":"way","osmId":734363108,"highway":"primary","name":"Тұран даңғылы","bridge":null,"lanes":null,"oneway":"yes"}},{"type":"Feature","geometry":{"type":"LineString","coordinates":[[71.38759,51.07903],[71.39504,51.1]]},"properties":{"layer":"road","districtId":"nura","osmType":"way","osmId":734363110,"highway":"primary","name":"Тұран даңғылы","bridge":null,"lanes":null,"oneway":"yes"}},{"type":"Feature","geometry":{"type":"LineString","coordinates":[[71.39552,51.12829],[71.38154,51.13002]]},"properties":{"layer":"road","districtId":"nura","osmType":"way","osmId":734363112,"highway":"secondary","name":"Сығанақ көшесі","bridge":null,"lanes":"4","oneway":"yes"}},{"type":"Feature","geometry":{"type":"LineString","coordinates":[[71.40284,51.12722],[71.40449,51.12695]]},"properties":{"layer":"road","districtId":"nura","osmType":"way","osmId":734363113,"highway":"secondary","name":"Сығанақ көшесі","bridge":null,"lanes":"4","oneway":"yes"}},{"type":"Feature","geometry":{"type":"LineString","coordinates":[[71.40271,51.13017],[71.40295,51.13013]]},"properties":{"layer":"road","districtId":"nura","osmType":"way","osmId":734363796,"highway":"tertiary","name":"Е-308 көшесі","bridge":null,"lanes":"4","oneway":null}},{"type":"Feature","geometry":{"type":"LineString","coordinates":[[71.41361,51.12842],[71.424,51.1268]]},"properties":{"layer":"road","districtId":"esil","osmType":"way","osmId":734363797,"highway":"tertiary","name":"Достық көшесі","bridge":null,"lanes":null,"oneway":"yes"}},{"type":"Feature","geometry":{"type":"LineString","coordinates":[[71.41285,51.1247],[71.41249,51.12233]]},"properties":{"layer":"road","districtId":"nura","osmType":"way","osmId":734363798,"highway":"secondary","name":"Қабанбай Батыр даңғылы","bridge":null,"lanes":"2","oneway":"yes"}},{"type":"Feature","geometry":{"type":"LineString","coordinates":[[71.41362,51.1285],[71.41361,51.12842]]},"properties":{"layer":"road","districtId":"esil","osmType":"way","osmId":734363799,"highway":"secondary","name":"Қабанбай Батыр даңғылы","bridge":null,"lanes":"5","oneway":null}},{"type":"Feature","geometry":{"type":"LineString","coordinates":[[71.41362,51.1285],[71.41268,51.12864]]},"properties":{"layer":"road","districtId":"nura","osmType":"way","osmId":734363800,"highway":"tertiary","name":"Достық көшесі","bridge":null,"lanes":null,"oneway":"yes"}},{"type":"Feature","geometry":{"type":"LineString","coordinates":[[71.46766,51.09738],[71.46821,51.09716]]},"properties":{"layer":"road","districtId":"esil","osmType":"way","osmId":734367930,"highway":"secondary","name":"Керей Және Жәнібек Хандар көшесі","bridge":null,"lanes":"4","oneway":"no"}},{"type":"Feature","geometry":{"type":"LineString","coordinates":[[71.45456,51.10361],[71.45398,51.1039]]},"properties":{"layer":"road","districtId":"esil","osmType":"way","osmId":734367932,"highway":"secondary","name":"Керей Және Жәнібек Хандар көшесі","bridge":null,"lanes":"6","oneway":"no"}},{"type":"Feature","geometry":{"type":"LineString","coordinates":[[71.44972,51.10616],[71.44908,51.10656]]},"properties":{"layer":"road","districtId":"esil","osmType":"way","osmId":734367933,"highway":"secondary","name":"Керей Және Жәнібек Хандар көшесі","bridge":null,"lanes":"4","oneway":"no"}},{"type":"Feature","geometry":{"type":"LineString","coordinates":[[71.45602,51.10283],[71.45999,51.10069]]},"properties":{"layer":"road","districtId":"esil","osmType":"way","osmId":734367934,"highway":"secondary","name":"Керей Және Жәнібек Хандар көшесі","bridge":null,"lanes":"4","oneway":"no"}},{"type":"Feature","geometry":{"type":"LineString","coordinates":[[71.4622,51.09954],[71.4648,51.09849]]},"properties":{"layer":"road","districtId":"esil","osmType":"way","osmId":734367935,"highway":"secondary","name":"Керей Және Жәнібек Хандар көшесі","bridge":null,"lanes":"4","oneway":"no"}},{"type":"Feature","geometry":{"type":"LineString","coordinates":[[71.44879,51.10674],[71.44849,51.10696]]},"properties":{"layer":"road","districtId":"esil","osmType":"way","osmId":734367938,"highway":"secondary","name":"Керей Және Жәнібек Хандар көшесі","bridge":null,"lanes":"4","oneway":"no"}},{"type":"Feature","geometry":{"type":"LineString","coordinates":[[71.44225,51.11133],[71.44158,51.11165]]},"properties":{"layer":"road","districtId":"esil","osmType":"way","osmId":734370425,"highway":"secondary","name":"Керей Және Жәнібек Хандар көшесі","bridge":null,"lanes":"5","oneway":"no"}},{"type":"Feature","geometry":{"type":"LineString","coordinates":[[71.44357,51.11045],[71.44318,51.11073]]},"properties":{"layer":"road","districtId":"esil","osmType":"way","osmId":734370426,"highway":"secondary","name":"Керей Және Жәнібек Хандар көшесі","bridge":null,"lanes":"5","oneway":"no"}},{"type":"Feature","geometry":{"type":"LineString","coordinates":[[71.44158,51.11165],[71.44029,51.11204]]},"properties":{"layer":"road","districtId":"esil","osmType":"way","osmId":734370429,"highway":"secondary","name":"Керей Және Жәнібек Хандар көшесі","bridge":null,"lanes":"5","oneway":"no"}},{"type":"Feature","geometry":{"type":"LineString","coordinates":[[71.43992,51.11209],[71.43895,51.11225]]},"properties":{"layer":"road","districtId":"esil","osmType":"way","osmId":734370431,"highway":"secondary","name":"Керей Және Жәнібек Хандар көшесі","bridge":null,"lanes":"6","oneway":"no"}},{"type":"Feature","geometry":{"type":"LineString","coordinates":[[71.42403,51.12687],[71.424,51.1268]]},"properties":{"layer":"road","districtId":"esil","osmType":"way","osmId":734373260,"highway":"tertiary","name":"Сауран көшесі","bridge":null,"lanes":"5","oneway":null}},{"type":"Feature","geometry":{"type":"LineString","coordinates":[[71.41714,51.09684],[71.42684,51.09548]]},"properties":{"layer":"road","districtId":"esil","osmType":"way","osmId":734375698,"highway":"secondary","name":"Ұлы Дала даңғылы","bridge":null,"lanes":"2","oneway":"yes"}},{"type":"Feature","geometry":{"type":"LineString","coordinates":[[71.39621,51.07145],[71.39564,51.0708]]},"properties":{"layer":"road","districtId":"nura","osmType":"way","osmId":734375700,"highway":"secondary","name":"Қабанбай Батыр даңғылы","bridge":null,"lanes":"2","oneway":"yes"}},{"type":"Feature","geometry":{"type":"LineString","coordinates":[[71.40565,51.0986],[71.39508,51.1001]]},"properties":{"layer":"road","districtId":"nura","osmType":"way","osmId":734375702,"highway":"secondary","name":"Ұлы Дала даңғылы","bridge":null,"lanes":null,"oneway":"yes"}},{"type":"Feature","geometry":{"type":"LineString","coordinates":[[71.41061,51.11169],[71.41047,51.11153]]},"properties":{"layer":"road","districtId":"nura","osmType":"way","osmId":734375704,"highway":"secondary","name":"Қабанбай Батыр даңғылы","bridge":null,"lanes":"3","oneway":"yes"}},{"type":"Feature","geometry":{"type":"LineString","coordinates":[[71.40729,51.08155],[71.40604,51.08186],[71.40589,51.08231],[71.40558,51.082],[71.40469,51.08192]]},"properties":{"layer":"road","districtId":"esil","osmType":"way","osmId":734478933,"highway":"tertiary","name":null,"bridge":null,"lanes":null,"oneway":"yes"}},{"type":"Feature","geometry":{"type":"LineString","coordinates":[[71.45001,51.09218],[71.4581,51.09101]]},"properties":{"layer":"road","districtId":"esil","osmType":"way","osmId":734496265,"highway":"secondary","name":"Ұлы Дала даңғылы","bridge":null,"lanes":null,"oneway":"yes"}},{"type":"Feature","geometry":{"type":"LineString","coordinates":[[71.44823,51.08785],[71.44978,51.09208]]},"properties":{"layer":"road","districtId":"esil","osmType":"way","osmId":734496337,"highway":"tertiary","name":"Әл-Фараби даңғылы","bridge":null,"lanes":null,"oneway":"yes"}},{"type":"Feature","geometry":{"type":"LineString","coordinates":[[71.42253,51.10076],[71.42204,51.10081]]},"properties":{"layer":"road","districtId":"esil","osmType":"way","osmId":735037061,"highway":"tertiary","name":"Бұқар Жырау көшесі","bridge":null,"lanes":null,"oneway":"no"}},{"type":"Feature","geometry":{"type":"LineString","coordinates":[[71.43991,51.1304],[71.44019,51.13097],[71.44151,51.13157],[71.44198,51.13205],[71.44196,51.13241],[71.44126,51.13326],[71.44119,51.13383],[71.44232,51.13648]]},"properties":{"layer":"road","districtId":"esil","osmType":"way","osmId":735041697,"highway":"secondary","name":"Мәңгілік Ел даңғылы","bridge":null,"lanes":null,"oneway":"yes"}},{"type":"Feature","geometry":{"type":"LineString","coordinates":[[71.43973,51.13053],[71.43928,51.12938]]},"properties":{"layer":"road","districtId":"esil","osmType":"way","osmId":735041698,"highway":"secondary","name":"Мәңгілік Ел даңғылы","bridge":null,"lanes":null,"oneway":"yes"}},{"type":"Feature","geometry":{"type":"LineString","coordinates":[[71.43062,51.10599],[71.42991,51.10476]]},"properties":{"layer":"road","districtId":"esil","osmType":"way","osmId":735043815,"highway":"secondary","name":"Мәңгілік Ел даңғылы","bridge":null,"lanes":null,"oneway":"yes"}},{"type":"Feature","geometry":{"type":"LineString","coordinates":[[71.42991,51.10476],[71.4296,51.10387]]},"properties":{"layer":"road","districtId":"esil","osmType":"way","osmId":735043816,"highway":"secondary","name":"Мәңгілік Ел даңғылы","bridge":null,"lanes":null,"oneway":"yes"}},{"type":"Feature","geometry":{"type":"LineString","coordinates":[[71.43059,51.10463],[71.43078,51.10596]]},"properties":{"layer":"road","districtId":"esil","osmType":"way","osmId":735043817,"highway":"secondary","name":"Мәңгілік Ел даңғылы","bridge":null,"lanes":null,"oneway":"yes"}},{"type":"Feature","geometry":{"type":"LineString","coordinates":[[71.42842,51.09989],[71.42689,51.0956]]},"properties":{"layer":"road","districtId":"esil","osmType":"way","osmId":735043818,"highway":"secondary","name":"Мәңгілік Ел даңғылы","bridge":null,"lanes":"3","oneway":"yes"}},{"type":"Feature","geometry":{"type":"LineString","coordinates":[[71.42948,51.10236],[71.43038,51.10396]]},"properties":{"layer":"road","districtId":"esil","osmType":"way","osmId":735043819,"highway":"secondary","name":"Мәңгілік Ел даңғылы","bridge":null,"lanes":null,"oneway":"yes"}},{"type":"Feature","geometry":{"type":"LineString","coordinates":[[71.43038,51.10396],[71.43059,51.10463]]},"properties":{"layer":"road","districtId":"esil","osmType":"way","osmId":735043820,"highway":"secondary","name":"Мәңгілік Ел даңғылы","bridge":null,"lanes":null,"oneway":"yes"}},{"type":"Feature","geometry":{"type":"LineString","coordinates":[[71.4296,51.10387],[71.4293,51.10236]]},"properties":{"layer":"road","districtId":"esil","osmType":"way","osmId":735043821,"highway":"secondary","name":"Мәңгілік Ел даңғылы","bridge":null,"lanes":null,"oneway":"yes"}},{"type":"Feature","geometry":{"type":"LineString","coordinates":[[71.42416,51.07884],[71.43008,51.07797]]},"properties":{"layer":"road","districtId":"esil","osmType":"way","osmId":735044365,"highway":"tertiary","name":null,"bridge":null,"lanes":null,"oneway":"yes"}},{"type":"Feature","geometry":{"type":"LineString","coordinates":[[71.43008,51.07797],[71.43042,51.07805]]},"properties":{"layer":"road","districtId":"esil","osmType":"way","osmId":735044366,"highway":"tertiary","name":null,"bridge":null,"lanes":null,"oneway":"yes"}},{"type":"Feature","geometry":{"type":"LineString","coordinates":[[71.44452,51.09763],[71.44291,51.09333]]},"properties":{"layer":"road","districtId":"esil","osmType":"way","osmId":735046998,"highway":"tertiary","name":"Қасым Қайсенов көшесі","bridge":null,"lanes":null,"oneway":null}},{"type":"Feature","geometry":{"type":"LineString","coordinates":[[71.41604,51.09435],[71.41688,51.09671]]},"properties":{"layer":"road","districtId":"esil","osmType":"way","osmId":735047349,"highway":"tertiary","name":"Ақмешіт көшесі","bridge":null,"lanes":null,"oneway":"yes"}},{"type":"Feature","geometry":{"type":"LineString","coordinates":[[71.41587,51.09441],[71.41491,51.09305]]},"properties":{"layer":"road","districtId":"esil","osmType":"way","osmId":735047350,"highway":"tertiary","name":"Ақмешіт көшесі","bridge":null,"lanes":"2","oneway":"yes"}},{"type":"Feature","geometry":{"type":"LineString","coordinates":[[71.41343,51.09206],[71.41238,51.0914],[71.41162,51.0906],[71.4113,51.08974],[71.41135,51.08895],[71.41176,51.08806],[71.41271,51.08718],[71.41381,51.08665],[71.41504,51.08638]]},"properties":{"layer":"road","districtId":"esil","osmType":"way","osmId":735047351,"highway":"tertiary","name":"Ақмешіт көшесі","bridge":null,"lanes":"2","oneway":"yes"}},{"type":"Feature","geometry":{"type":"LineString","coordinates":[[71.41357,51.09199],[71.41509,51.09302]]},"properties":{"layer":"road","districtId":"esil","osmType":"way","osmId":735047352,"highway":"tertiary","name":"Ақмешіт көшесі","bridge":null,"lanes":"2","oneway":"yes"}},{"type":"Feature","geometry":{"type":"LineString","coordinates":[[71.41509,51.09302],[71.41604,51.09435]]},"properties":{"layer":"road","districtId":"esil","osmType":"way","osmId":735047353,"highway":"tertiary","name":"Ақмешіт көшесі","bridge":null,"lanes":"2","oneway":"yes"}},{"type":"Feature","geometry":{"type":"LineString","coordinates":[[71.41491,51.09305],[71.41343,51.09206]]},"properties":{"layer":"road","districtId":"esil","osmType":"way","osmId":735047355,"highway":"tertiary","name":"Ақмешіт көшесі","bridge":null,"lanes":"2","oneway":"yes"}},{"type":"Feature","geometry":{"type":"LineString","coordinates":[[71.3669,51.14505],[71.36832,51.14782]]},"properties":{"layer":"road","districtId":"nura","osmType":"way","osmId":735050495,"highway":"secondary","name":"Шыңғыс Айтматов көшесі","bridge":null,"lanes":null,"oneway":"yes"}},{"type":"Feature","geometry":{"type":"LineString","coordinates":[[71.36665,51.145],[71.36173,51.13268]]},"properties":{"layer":"road","districtId":"nura","osmType":"way","osmId":735050496,"highway":"secondary","name":"Шыңғыс Айтматов көшесі","bridge":null,"lanes":null,"oneway":"yes"}},{"type":"Feature","geometry":{"type":"LineString","coordinates":[[71.42558,51.16247],[71.42491,51.16499]]},"properties":{"layer":"road","districtId":"saryarka","osmType":"way","osmId":735051269,"highway":"tertiary","name":"Мұхтар Әуезов көшесі","bridge":null,"lanes":null,"oneway":"yes"}},{"type":"Feature","geometry":{"type":"LineString","coordinates":[[71.37517,51.17196],[71.37296,51.17153]]},"properties":{"layer":"road","districtId":"saryarka","osmType":"way","osmId":735053205,"highway":"tertiary","name":"Шаймерден Қосшығұлұлы көшесі","bridge":null,"lanes":"3","oneway":null}},{"type":"Feature","geometry":{"type":"LineString","coordinates":[[71.37568,51.17195],[71.37695,51.17203]]},"properties":{"layer":"road","districtId":"saryarka","osmType":"way","osmId":735053206,"highway":"tertiary","name":"Шаймерден Қосшығұлұлы көшесі","bridge":null,"lanes":"3","oneway":"yes"}},{"type":"Feature","geometry":{"type":"LineString","coordinates":[[71.37517,51.17196],[71.37568,51.17195]]},"properties":{"layer":"road","districtId":"saryarka","osmType":"way","osmId":735053433,"highway":"tertiary","name":"Шаймерден Қосшығұлұлы көшесі","bridge":null,"lanes":"3","oneway":"yes"}},{"type":"Feature","geometry":{"type":"LineString","coordinates":[[71.4284,51.14447],[71.43064,51.14453]]},"properties":{"layer":"road","districtId":"esil","osmType":"way","osmId":735055152,"highway":"tertiary","name":"Космонавтов көшесі","bridge":null,"lanes":null,"oneway":null}},{"type":"Feature","geometry":{"type":"LineString","coordinates":[[71.42775,51.14464],[71.4284,51.14447]]},"properties":{"layer":"road","districtId":"esil","osmType":"way","osmId":735055153,"highway":"tertiary","name":"Космонавтов көшесі","bridge":null,"lanes":null,"oneway":null}},{"type":"Feature","geometry":{"type":"LineString","coordinates":[[71.44438,51.15195],[71.4431,51.15193]]},"properties":{"layer":"road","districtId":"baikonur","osmType":"way","osmId":735055684,"highway":"primary","name":"Жұмабек Тәшенов көшесі","bridge":null,"lanes":"6","oneway":null}},{"type":"Feature","geometry":{"type":"LineString","coordinates":[[71.44154,51.15195],[71.43921,51.15202]]},"properties":{"layer":"road","districtId":"baikonur","osmType":"way","osmId":735055686,"highway":"primary","name":"Жұмабек Тәшенов көшесі","bridge":null,"lanes":"6","oneway":null}},{"type":"Feature","geometry":{"type":"LineString","coordinates":[[71.4453,51.15199],[71.44438,51.15195]]},"properties":{"layer":"road","districtId":"baikonur","osmType":"way","osmId":735055688,"highway":"primary","name":"Жұмабек Тәшенов көшесі","bridge":null,"lanes":"6","oneway":null}},{"type":"Feature","geometry":{"type":"LineString","coordinates":[[71.44431,51.15211],[71.44438,51.15195]]},"properties":{"layer":"road","districtId":"baikonur","osmType":"way","osmId":735055689,"highway":"tertiary","name":"Таха Хусейн көшесі","bridge":null,"lanes":null,"oneway":"yes"}},{"type":"Feature","geometry":{"type":"LineString","coordinates":[[71.444,51.15402],[71.44421,51.15329]]},"properties":{"layer":"road","districtId":"baikonur","osmType":"way","osmId":735055690,"highway":"tertiary","name":"Таха Хусейн көшесі","bridge":null,"lanes":null,"oneway":"yes"}},{"type":"Feature","geometry":{"type":"LineString","coordinates":[[71.44421,51.15329],[71.44431,51.15211]]},"properties":{"layer":"road","districtId":"baikonur","osmType":"way","osmId":735055691,"highway":"tertiary","name":"Таха Хусейн көшесі","bridge":null,"lanes":null,"oneway":"yes"}},{"type":"Feature","geometry":{"type":"LineString","coordinates":[[71.44339,51.15586],[71.444,51.15402]]},"properties":{"layer":"road","districtId":"baikonur","osmType":"way","osmId":735055692,"highway":"tertiary","name":"Таха Хусейн көшесі","bridge":null,"lanes":null,"oneway":"yes"}},{"type":"Feature","geometry":{"type":"LineString","coordinates":[[71.44395,51.15705],[71.44339,51.15586]]},"properties":{"layer":"road","districtId":"baikonur","osmType":"way","osmId":735055693,"highway":"tertiary","name":"Таха Хусейн көшесі","bridge":null,"lanes":null,"oneway":"yes"}},{"type":"Feature","geometry":{"type":"LineString","coordinates":[[71.44174,51.15866],[71.44216,51.15851]]},"properties":{"layer":"road","districtId":"baikonur","osmType":"way","osmId":735055921,"highway":"secondary","name":"Александр Кравцов көшесі","bridge":null,"lanes":"3","oneway":"yes"}},{"type":"Feature","geometry":{"type":"LineString","coordinates":[[71.44216,51.15851],[71.45086,51.15673],[71.45234,51.15606],[71.45338,51.15505]]},"properties":{"layer":"road","districtId":"baikonur","osmType":"way","osmId":735055924,"highway":"secondary","name":"Александр Кравцов көшесі","bridge":null,"lanes":"3","oneway":"yes"}},{"type":"Feature","geometry":{"type":"LineString","coordinates":[[71.44223,51.15861],[71.44196,51.1587]]},"properties":{"layer":"road","districtId":"baikonur","osmType":"way","osmId":735055925,"highway":"secondary","name":"Александр Кравцов көшесі","bridge":null,"lanes":"3","oneway":"yes"}},{"type":"Feature","geometry":{"type":"LineString","coordinates":[[71.44178,51.15875],[71.43981,51.15917]]},"properties":{"layer":"road","districtId":"baikonur","osmType":"way","osmId":735055927,"highway":"secondary","name":"Александр Кравцов көшесі","bridge":null,"lanes":"3","oneway":"yes"}},{"type":"Feature","geometry":{"type":"LineString","coordinates":[[71.40538,51.16015],[71.40709,51.16036]]},"properties":{"layer":"road","districtId":"saryarka","osmType":"way","osmId":735280868,"highway":"tertiary","name":"Тарас Шевченко көшесі","bridge":null,"lanes":null,"oneway":null}},{"type":"Feature","geometry":{"type":"LineString","coordinates":[[71.41257,51.15275],[71.41261,51.15226]]},"properties":{"layer":"road","districtId":"nura","osmType":"way","osmId":735282120,"highway":"primary","name":"Тұран даңғылы","bridge":null,"lanes":"6","oneway":null}},{"type":"Feature","geometry":{"type":"LineString","coordinates":[[71.41264,51.15146],[71.41259,51.14954]]},"properties":{"layer":"road","districtId":"nura","osmType":"way","osmId":735282124,"highway":"primary","name":"Тұран даңғылы","bridge":null,"lanes":"6","oneway":null}},{"type":"Feature","geometry":{"type":"LineString","coordinates":[[71.41249,51.14845],[71.41224,51.14704]]},"properties":{"layer":"road","districtId":"nura","osmType":"way","osmId":735282126,"highway":"primary","name":"Тұран даңғылы","bridge":null,"lanes":"6","oneway":null}},{"type":"Feature","geometry":{"type":"LineString","coordinates":[[71.41259,51.14954],[71.41254,51.14882]]},"properties":{"layer":"road","districtId":"nura","osmType":"way","osmId":735282127,"highway":"primary","name":"Тұран даңғылы","bridge":null,"lanes":"6","oneway":null}},{"type":"Feature","geometry":{"type":"LineString","coordinates":[[71.37018,51.15173],[71.36827,51.14825]]},"properties":{"layer":"road","districtId":"nura","osmType":"way","osmId":735389748,"highway":"secondary","name":"Шыңғыс Айтматов көшесі","bridge":null,"lanes":null,"oneway":"yes"}},{"type":"Feature","geometry":{"type":"LineString","coordinates":[[71.36807,51.14788],[71.36665,51.145]]},"properties":{"layer":"road","districtId":"nura","osmType":"way","osmId":735389749,"highway":"secondary","name":"Шыңғыс Айтматов көшесі","bridge":null,"lanes":null,"oneway":"yes"}},{"type":"Feature","geometry":{"type":"LineString","coordinates":[[71.36827,51.14825],[71.3682,51.1481]]},"properties":{"layer":"road","districtId":"nura","osmType":"way","osmId":735389750,"highway":"secondary","name":"Шыңғыс Айтматов көшесі","bridge":null,"lanes":null,"oneway":"yes"}},{"type":"Feature","geometry":{"type":"LineString","coordinates":[[71.36793,51.14805],[71.36813,51.14799]]},"properties":{"layer":"road","districtId":"nura","osmType":"way","osmId":735389751,"highway":"primary","name":"Қорғалжын тас жолы","bridge":null,"lanes":"3","oneway":"yes"}},{"type":"Feature","geometry":{"type":"LineString","coordinates":[[71.36861,51.14787],[71.37231,51.147],[71.37539,51.14679],[71.3777,51.147],[71.38416,51.14832],[71.38792,51.14848],[71.39103,51.14819],[71.39656,51.14734]]},"properties":{"layer":"road","districtId":"nura","osmType":"way","osmId":735389752,"highway":"primary","name":"Қорғалжын тас жолы","bridge":null,"lanes":"3","oneway":"yes"}},{"type":"Feature","geometry":{"type":"LineString","coordinates":[[71.36867,51.14797],[71.36845,51.14803]]},"properties":{"layer":"road","districtId":"nura","osmType":"way","osmId":735389753,"highway":"primary","name":"Қорғалжын тас жолы","bridge":null,"lanes":"3","oneway":"yes"}},{"type":"Feature","geometry":{"type":"LineString","coordinates":[[71.36801,51.14817],[71.36339,51.14948],[71.36102,51.14971],[71.35953,51.14967],[71.35303,51.14854],[71.34282,51.14647]]},"properties":{"layer":"road","districtId":"nura","osmType":"way","osmId":735389754,"highway":"primary","name":"Қорғалжын тас жолы","bridge":null,"lanes":"3","oneway":"yes"}},{"type":"Feature","geometry":{"type":"LineString","coordinates":[[71.36854,51.14817],[71.37075,51.15253],[71.37434,51.16308]]},"properties":{"layer":"road","districtId":"nura","osmType":"way","osmId":735389755,"highway":"secondary","name":"Шыңғыс Айтматов көшесі","bridge":null,"lanes":null,"oneway":"yes"}},{"type":"Feature","geometry":{"type":"LineString","coordinates":[[71.36832,51.14782],[71.36839,51.14793]]},"properties":{"layer":"road","districtId":"nura","osmType":"way","osmId":735389756,"highway":"secondary","name":"Шыңғыс Айтматов көшесі","bridge":null,"lanes":null,"oneway":"yes"}},{"type":"Feature","geometry":{"type":"LineString","coordinates":[[71.38209,51.17948],[71.3742,51.18155]]},"properties":{"layer":"road","districtId":"saryarka","osmType":"way","osmId":735390174,"highway":"primary","name":"Нұрғиса Тілендиев даңғылы","bridge":null,"lanes":"3","oneway":"yes"}},{"type":"Feature","geometry":{"type":"LineString","coordinates":[[71.39485,51.16767],[71.39887,51.16818]]},"properties":{"layer":"road","districtId":"saryarka","osmType":"way","osmId":735391040,"highway":"secondary","name":"Шаймерден Қосшығұлұлы көшесі","bridge":null,"lanes":"3","oneway":"yes"}},{"type":"Feature","geometry":{"type":"LineString","coordinates":[[71.39476,51.16777],[71.39327,51.16784],[71.39196,51.16822]]},"properties":{"layer":"road","districtId":"saryarka","osmType":"way","osmId":735391041,"highway":"secondary","name":"Шаймерден Қосшығұлұлы көшесі","bridge":null,"lanes":"3","oneway":"yes"}},{"type":"Feature","geometry":{"type":"LineString","coordinates":[[71.37722,51.17227],[71.37716,51.17214]]},"properties":{"layer":"road","districtId":"saryarka","osmType":"way","osmId":735392081,"highway":"secondary","name":"Шабал Бейсекова көшесі","bridge":null,"lanes":null,"oneway":"yes"}},{"type":"Feature","geometry":{"type":"LineString","coordinates":[[71.37753,51.17227],[71.38034,51.17658]]},"properties":{"layer":"road","districtId":"saryarka","osmType":"way","osmId":735392083,"highway":"secondary","name":"Шабал Бейсекова көшесі","bridge":null,"lanes":null,"oneway":"yes"}},{"type":"Feature","geometry":{"type":"LineString","coordinates":[[71.37766,51.17215],[71.37748,51.17214]]},"properties":{"layer":"road","districtId":"saryarka","osmType":"way","osmId":735392085,"highway":"secondary","name":"Шаймерден Қосшығұлұлы көшесі","bridge":null,"lanes":"3","oneway":"yes"}},{"type":"Feature","geometry":{"type":"LineString","coordinates":[[71.37761,51.17205],[71.38022,51.17187],[71.38232,51.17144]]},"properties":{"layer":"road","districtId":"saryarka","osmType":"way","osmId":735392087,"highway":"secondary","name":"Шаймерден Қосшығұлұлы көшесі","bridge":null,"lanes":"3","oneway":"yes"}},{"type":"Feature","geometry":{"type":"LineString","coordinates":[[71.37739,51.17196],[71.37743,51.17204]]},"properties":{"layer":"road","districtId":"saryarka","osmType":"way","osmId":735392089,"highway":"secondary","name":"Шабал Бейсекова көшесі","bridge":null,"lanes":null,"oneway":"yes"}},{"type":"Feature","geometry":{"type":"LineString","coordinates":[[71.37708,51.17196],[71.37468,51.16515]]},"properties":{"layer":"road","districtId":"saryarka","osmType":"way","osmId":735392090,"highway":"secondary","name":"Шабал Бейсекова көшесі","bridge":null,"lanes":null,"oneway":"yes"}},{"type":"Feature","geometry":{"type":"LineString","coordinates":[[71.37695,51.17203],[71.37711,51.17204]]},"properties":{"layer":"road","districtId":"saryarka","osmType":"way","osmId":735392093,"highway":"tertiary","name":"Шаймерден Қосшығұлұлы көшесі","bridge":null,"lanes":"3","oneway":"yes"}},{"type":"Feature","geometry":{"type":"LineString","coordinates":[[71.37698,51.17214],[71.37517,51.17196]]},"properties":{"layer":"road","districtId":"saryarka","osmType":"way","osmId":735392094,"highway":"tertiary","name":"Шаймерден Қосшығұлұлы көшесі","bridge":null,"lanes":"3","oneway":"yes"}},{"type":"Feature","geometry":{"type":"LineString","coordinates":[[71.3742,51.18155],[71.36388,51.18408]]},"properties":{"layer":"road","districtId":"saryarka","osmType":"way","osmId":735392388,"highway":"primary","name":"Нұрғиса Тілендиев даңғылы","bridge":null,"lanes":"3","oneway":"yes"}},{"type":"Feature","geometry":{"type":"LineString","coordinates":[[71.36388,51.18408],[71.34519,51.18866]]},"properties":{"layer":"road","districtId":"saryarka","osmType":"way","osmId":735392390,"highway":"primary","name":"Нұрғиса Тілендиев даңғылы","bridge":null,"lanes":"3","oneway":"yes"}},{"type":"Feature","geometry":{"type":"LineString","coordinates":[[71.36387,51.18392],[71.37406,51.18139]]},"properties":{"layer":"road","districtId":"saryarka","osmType":"way","osmId":735392391,"highway":"primary","name":"Нұрғиса Тілендиев даңғылы","bridge":null,"lanes":"3","oneway":"yes"}},{"type":"Feature","geometry":{"type":"LineString","coordinates":[[71.34519,51.18866],[71.34998,51.20132]]},"properties":{"layer":"road","districtId":"saryarka","osmType":"way","osmId":735392392,"highway":"tertiary","name":"Көктал көшесі","bridge":null,"lanes":null,"oneway":null}},{"type":"Feature","geometry":{"type":"LineString","coordinates":[[71.34519,51.18866],[71.33416,51.19136]]},"properties":{"layer":"road","districtId":"saryarka","osmType":"way","osmId":735392393,"highway":"primary","name":"Нұрғиса Тілендиев даңғылы","bridge":null,"lanes":"3","oneway":"yes"}},{"type":"Feature","geometry":{"type":"LineString","coordinates":[[71.34512,51.1885],[71.36387,51.18392]]},"properties":{"layer":"road","districtId":"saryarka","osmType":"way","osmId":735392394,"highway":"primary","name":"Нұрғиса Тілендиев даңғылы","bridge":null,"lanes":"3","oneway":"yes"}},{"type":"Feature","geometry":{"type":"LineString","coordinates":[[71.32175,51.19439],[71.31748,51.19576],[71.31262,51.19811]]},"properties":{"layer":"road","districtId":"saryarka","osmType":"way","osmId":735395084,"highway":"primary","name":"Нұрғиса Тілендиев даңғылы","bridge":null,"lanes":"3","oneway":"yes"}},{"type":"Feature","geometry":{"type":"LineString","coordinates":[[71.33407,51.19121],[71.34039,51.18966]]},"properties":{"layer":"road","districtId":"saryarka","osmType":"way","osmId":735395086,"highway":"primary","name":"Нұрғиса Тілендиев даңғылы","bridge":null,"lanes":"3","oneway":"yes"}},{"type":"Feature","geometry":{"type":"LineString","coordinates":[[71.47052,51.12747],[71.47059,51.12762]]},"properties":{"layer":"road","districtId":"almaty","osmType":"way","osmId":735414583,"highway":"secondary","name":"Тәуелсіздік даңғылы","bridge":null,"lanes":"3","oneway":"yes"}},{"type":"Feature","geometry":{"type":"LineString","coordinates":[[71.47031,51.12766],[71.45826,51.12954]]},"properties":{"layer":"road","districtId":"almaty","osmType":"way","osmId":735414584,"highway":"secondary","name":"Рақымжан Қошқарбаев даңғылы","bridge":null,"lanes":"2","oneway":"yes"}},{"type":"Feature","geometry":{"type":"LineString","coordinates":[[71.48338,51.12561],[71.47735,51.12656]]},"properties":{"layer":"road","districtId":"almaty","osmType":"way","osmId":735417035,"highway":"secondary","name":"Рақымжан Қошқарбаев даңғылы","bridge":null,"lanes":"2","oneway":"yes"}},{"type":"Feature","geometry":{"type":"LineString","coordinates":[[71.51804,51.13833],[71.5186,51.13814]]},"properties":{"layer":"road","districtId":"almaty","osmType":"way","osmId":735417040,"highway":"tertiary","name":"Төлебаев көшесі","bridge":null,"lanes":"6","oneway":null}},{"type":"Feature","geometry":{"type":"LineString","coordinates":[[71.53129,51.15075],[71.53053,51.1499]]},"properties":{"layer":"road","districtId":"almaty","osmType":"way","osmId":735417044,"highway":"secondary","name":"Рақымжан Қошқарбаев даңғылы","bridge":"yes","lanes":"3","oneway":"yes"}},{"type":"Feature","geometry":{"type":"LineString","coordinates":[[71.53053,51.1499],[71.5299,51.14879],[71.52995,51.14764]]},"properties":{"layer":"road","districtId":"almaty","osmType":"way","osmId":735417047,"highway":"secondary","name":"Рақымжан Қошқарбаев даңғылы","bridge":null,"lanes":"3","oneway":"yes"}},{"type":"Feature","geometry":{"type":"LineString","coordinates":[[71.61078,51.16747],[71.61881,51.17166]]},"properties":{"layer":"road","districtId":"almaty","osmType":"way","osmId":738247812,"highway":"secondary","name":null,"bridge":null,"lanes":null,"oneway":null}},{"type":"Feature","geometry":{"type":"LineString","coordinates":[[71.45405,51.13021],[71.4486,51.13106]]},"properties":{"layer":"road","districtId":"almaty","osmType":"way","osmId":742779723,"highway":"secondary","name":"Сарайшық көшесі","bridge":"yes","lanes":"4","oneway":"yes"}},{"type":"Feature","geometry":{"type":"LineString","coordinates":[[71.4941,51.15126],[71.49423,51.15142]]},"properties":{"layer":"road","districtId":"almaty","osmType":"way","osmId":753166766,"highway":"tertiary","name":null,"bridge":null,"lanes":"6","oneway":null}},{"type":"Feature","geometry":{"type":"LineString","coordinates":[[71.44927,51.03359],[71.45292,51.03479]]},"properties":{"layer":"road","districtId":"esil","osmType":"way","osmId":753217987,"highway":"trunk","name":"Астана айналма жолы","bridge":null,"lanes":"2","oneway":"yes"}},{"type":"Feature","geometry":{"type":"LineString","coordinates":[[71.45277,51.03491],[71.44919,51.03368]]},"properties":{"layer":"road","districtId":"esil","osmType":"way","osmId":753217988,"highway":"trunk","name":"Астана айналма жолы","bridge":null,"lanes":"2","oneway":"yes"}},{"type":"Feature","geometry":{"type":"LineString","coordinates":[[71.45292,51.03479],[71.45359,51.03504]]},"properties":{"layer":"road","districtId":"esil","osmType":"way","osmId":753217989,"highway":"trunk","name":"Астана айналма жолы","bridge":null,"lanes":"2","oneway":"yes"}},{"type":"Feature","geometry":{"type":"LineString","coordinates":[[71.4534,51.03515],[71.45277,51.03491]]},"properties":{"layer":"road","districtId":"esil","osmType":"way","osmId":753217992,"highway":"trunk","name":"Астана айналма жолы","bridge":null,"lanes":"2","oneway":"yes"}},{"type":"Feature","geometry":{"type":"LineString","coordinates":[[71.47727,51.16748],[71.47705,51.16726]]},"properties":{"layer":"road","districtId":"baikonur","osmType":"way","osmId":753631004,"highway":"secondary","name":"Пушкин көшесі","bridge":null,"lanes":null,"oneway":null}},{"type":"Feature","geometry":{"type":"LineString","coordinates":[[71.47323,51.17062],[71.47846,51.16859]]},"properties":{"layer":"road","districtId":"baikonur","osmType":"way","osmId":753631005,"highway":"tertiary","name":"Циолковский көшесі","bridge":null,"lanes":null,"oneway":null}},{"type":"Feature","geometry":{"type":"LineString","coordinates":[[71.44822,51.18551],[71.45061,51.18458]]},"properties":{"layer":"road","districtId":"baikonur","osmType":"way","osmId":753631459,"highway":"secondary","name":"проспект Акжол","bridge":null,"lanes":"3","oneway":"yes"}},{"type":"Feature","geometry":{"type":"LineString","coordinates":[[71.45612,51.18282],[71.46876,51.17874]]},"properties":{"layer":"road","districtId":"baikonur","osmType":"way","osmId":753631460,"highway":"secondary","name":"проспект Акжол","bridge":null,"lanes":"3","oneway":"yes"}},{"type":"Feature","geometry":{"type":"LineString","coordinates":[[71.45061,51.18458],[71.45612,51.18282]]},"properties":{"layer":"road","districtId":"baikonur","osmType":"way","osmId":753631461,"highway":"secondary","name":"Әл-Фараби даңғылы","bridge":null,"lanes":"3","oneway":"yes"}},{"type":"Feature","geometry":{"type":"LineString","coordinates":[[71.44836,51.18562],[71.44764,51.18602],[71.44753,51.18653]]},"properties":{"layer":"road","districtId":"baikonur","osmType":"way","osmId":753631462,"highway":"secondary","name":"проспект Акжол","bridge":null,"lanes":null,"oneway":"yes"}},{"type":"Feature","geometry":{"type":"LineString","coordinates":[[71.45019,51.1849],[71.44836,51.18562]]},"properties":{"layer":"road","districtId":"baikonur","osmType":"way","osmId":753631464,"highway":"secondary","name":"проспект Акжол","bridge":null,"lanes":null,"oneway":"yes"}},{"type":"Feature","geometry":{"type":"LineString","coordinates":[[71.45621,51.18293],[71.45019,51.1849]]},"properties":{"layer":"road","districtId":"baikonur","osmType":"way","osmId":753631465,"highway":"secondary","name":"проспект Акжол","bridge":null,"lanes":"3","oneway":"yes"}},{"type":"Feature","geometry":{"type":"LineString","coordinates":[[71.4544,51.15967],[71.46031,51.1577]]},"properties":{"layer":"road","districtId":"baikonur","osmType":"way","osmId":753632017,"highway":"tertiary","name":"Жәнібек Тархан көшесі","bridge":null,"lanes":null,"oneway":null}},{"type":"Feature","geometry":{"type":"LineString","coordinates":[[71.41178,51.11819],[71.41165,51.11747]]},"properties":{"layer":"road","districtId":"esil","osmType":"way","osmId":753633685,"highway":"secondary","name":"Қабанбай Батыр даңғылы","bridge":null,"lanes":"5","oneway":null}},{"type":"Feature","geometry":{"type":"LineString","coordinates":[[71.43102,51.04835],[71.43111,51.04794]]},"properties":{"layer":"road","districtId":"esil","osmType":"way","osmId":753843116,"highway":"tertiary","name":null,"bridge":null,"lanes":null,"oneway":"yes"}},{"type":"Feature","geometry":{"type":"LineString","coordinates":[[71.42684,51.13131],[71.42493,51.13161]]},"properties":{"layer":"road","districtId":"esil","osmType":"way","osmId":762778201,"highway":"secondary","name":"Қонаев көшесі","bridge":null,"lanes":"4","oneway":null}},{"type":"Feature","geometry":{"type":"LineString","coordinates":[[71.43496,51.11769],[71.43645,51.12184]]},"properties":{"layer":"road","districtId":"esil","osmType":"way","osmId":762778578,"highway":"secondary","name":"Мәңгілік Ел даңғылы","bridge":null,"lanes":null,"oneway":"yes"}},{"type":"Feature","geometry":{"type":"LineString","coordinates":[[71.40072,51.11653],[71.40034,51.11607],[71.39954,51.11598]]},"properties":{"layer":"road","districtId":"nura","osmType":"way","osmId":763945100,"highway":"tertiary","name":null,"bridge":null,"lanes":null,"oneway":"yes"}},{"type":"Feature","geometry":{"type":"LineString","coordinates":[[71.44521,51.14103],[71.44456,51.1395]]},"properties":{"layer":"road","districtId":"almaty","osmType":"way","osmId":779800657,"highway":"secondary","name":"Амман көшесі","bridge":null,"lanes":null,"oneway":"yes"}},{"type":"Feature","geometry":{"type":"LineString","coordinates":[[71.44537,51.14103],[71.44469,51.15005]]},"properties":{"layer":"road","districtId":"almaty","osmType":"way","osmId":779800658,"highway":"secondary","name":"Амман көшесі","bridge":null,"lanes":null,"oneway":"yes"}},{"type":"Feature","geometry":{"type":"LineString","coordinates":[[71.44888,51.14174],[71.44572,51.14168]]},"properties":{"layer":"road","districtId":"almaty","osmType":"way","osmId":779800659,"highway":"tertiary","name":"Шарль де Голль көшесі","bridge":null,"lanes":"2","oneway":null}},{"type":"Feature","geometry":{"type":"LineString","coordinates":[[71.45714,51.14392],[71.45395,51.14302]]},"properties":{"layer":"road","districtId":"almaty","osmType":"way","osmId":779800660,"highway":"tertiary","name":"Шарль де Голль көшесі","bridge":null,"lanes":null,"oneway":null}},{"type":"Feature","geometry":{"type":"LineString","coordinates":[[71.47088,51.12906],[71.47031,51.12766]]},"properties":{"layer":"road","districtId":"almaty","osmType":"way","osmId":779801636,"highway":"secondary","name":"Тәуелсіздік даңғылы","bridge":null,"lanes":"3","oneway":"yes"}},{"type":"Feature","geometry":{"type":"LineString","coordinates":[[71.47129,51.12938],[71.47135,51.1302],[71.47103,51.13114]]},"properties":{"layer":"road","districtId":"almaty","osmType":"way","osmId":779801637,"highway":"secondary","name":"Тәуелсіздік даңғылы","bridge":null,"lanes":"3","oneway":"yes"}},{"type":"Feature","geometry":{"type":"LineString","coordinates":[[71.47102,51.12953],[71.47088,51.12906]]},"properties":{"layer":"road","districtId":"almaty","osmType":"way","osmId":779801638,"highway":"secondary","name":"Тәуелсіздік даңғылы","bridge":null,"lanes":"3","oneway":"yes"}},{"type":"Feature","geometry":{"type":"LineString","coordinates":[[71.47076,51.13105],[71.47102,51.12953]]},"properties":{"layer":"road","districtId":"almaty","osmType":"way","osmId":779801639,"highway":"secondary","name":"Тәуелсіздік даңғылы","bridge":null,"lanes":"3","oneway":"yes"}},{"type":"Feature","geometry":{"type":"LineString","coordinates":[[71.47103,51.13114],[71.4633,51.14171]]},"properties":{"layer":"road","districtId":"almaty","osmType":"way","osmId":779801640,"highway":"secondary","name":"Тәуелсіздік даңғылы","bridge":null,"lanes":"3","oneway":"yes"}},{"type":"Feature","geometry":{"type":"LineString","coordinates":[[71.4216,51.1101],[71.421,51.1102]]},"properties":{"layer":"road","districtId":"esil","osmType":"way","osmId":779802076,"highway":"tertiary","name":"Орынбор көшесі","bridge":null,"lanes":"6","oneway":null}},{"type":"Feature","geometry":{"type":"LineString","coordinates":[[71.46821,51.09716],[71.46875,51.09695]]},"properties":{"layer":"road","districtId":"esil","osmType":"way","osmId":783654873,"highway":"secondary","name":"Керей Және Жәнібек Хандар көшесі","bridge":"yes","lanes":"4","oneway":"no"}},{"type":"Feature","geometry":{"type":"LineString","coordinates":[[71.46875,51.09695],[71.47142,51.0959]]},"properties":{"layer":"road","districtId":"esil","osmType":"way","osmId":783654874,"highway":"secondary","name":"Керей Және Жәнібек Хандар көшесі","bridge":null,"lanes":"4","oneway":"no"}},{"type":"Feature","geometry":{"type":"LineString","coordinates":[[71.43831,51.17287],[71.4395,51.173]]},"properties":{"layer":"road","districtId":"baikonur","osmType":"way","osmId":814806732,"highway":"tertiary","name":"Сәкен Сейфуллин көшесі","bridge":null,"lanes":"2","oneway":"yes"}},{"type":"Feature","geometry":{"type":"LineString","coordinates":[[71.43835,51.17294],[71.43829,51.17293]]},"properties":{"layer":"road","districtId":"baikonur","osmType":"way","osmId":814806734,"highway":"secondary","name":"Сәкен Сейфуллин көшесі","bridge":null,"lanes":"2","oneway":"yes"}},{"type":"Feature","geometry":{"type":"LineString","coordinates":[[71.43006,51.15608],[71.42848,51.16185]]},"properties":{"layer":"road","districtId":"baikonur","osmType":"way","osmId":814807513,"highway":"primary","name":"Республика даңғылы","bridge":null,"lanes":"3","oneway":"yes"}},{"type":"Feature","geometry":{"type":"LineString","coordinates":[[71.38296,51.13127],[71.385,51.13101],[71.3865,51.13133]]},"properties":{"layer":"road","districtId":"nura","osmType":"way","osmId":823411270,"highway":"tertiary","name":"Халифа бен Заид әл-Нахаян көшесі","bridge":null,"lanes":null,"oneway":"yes"}},{"type":"Feature","geometry":{"type":"LineString","coordinates":[[71.43965,51.08455],[71.43336,51.08545]]},"properties":{"layer":"road","districtId":"esil","osmType":"way","osmId":823777695,"highway":"tertiary","name":"Фариза Оңғарсынова көшесі","bridge":null,"lanes":null,"oneway":"yes"}},{"type":"Feature","geometry":{"type":"LineString","coordinates":[[71.44629,51.08382],[71.44546,51.08372],[71.43965,51.08455]]},"properties":{"layer":"road","districtId":"esil","osmType":"way","osmId":823777696,"highway":"tertiary","name":"Фариза Оңғарсынова көшесі","bridge":null,"lanes":null,"oneway":"yes"}},{"type":"Feature","geometry":{"type":"LineString","coordinates":[[71.43336,51.08545],[71.43287,51.08551]]},"properties":{"layer":"road","districtId":"esil","osmType":"way","osmId":823777704,"highway":"tertiary","name":"Фариза Оңғарсынова көшесі","bridge":null,"lanes":null,"oneway":"yes"}},{"type":"Feature","geometry":{"type":"LineString","coordinates":[[71.43287,51.08551],[71.42373,51.0868]]},"properties":{"layer":"road","districtId":"esil","osmType":"way","osmId":823777705,"highway":"tertiary","name":"Фариза Оңғарсынова көшесі","bridge":null,"lanes":null,"oneway":"yes"}},{"type":"Feature","geometry":{"type":"LineString","coordinates":[[71.50612,51.19769],[71.50559,51.19712]]},"properties":{"layer":"road","districtId":"baikonur","osmType":"way","osmId":835668141,"highway":"secondary","name":"Пушкин көшесі","bridge":null,"lanes":"4","oneway":"no"}},{"type":"Feature","geometry":{"type":"LineString","coordinates":[[71.46236,51.15979],[71.46495,51.15866],[71.46606,51.15778],[71.46672,51.15688]]},"properties":{"layer":"road","districtId":"baikonur","osmType":"way","osmId":846023745,"highway":"secondary","name":"Беласар көпірі","bridge":"yes","lanes":"2","oneway":"yes"}},{"type":"Feature","geometry":{"type":"LineString","coordinates":[[71.30627,51.19988],[71.30674,51.20041]]},"properties":{"layer":"road","districtId":"saryarka","osmType":"way","osmId":858735196,"highway":"trunk","name":"Астана айналма жолы","bridge":null,"lanes":"1","oneway":"yes"}},{"type":"Feature","geometry":{"type":"LineString","coordinates":[[71.30651,51.20048],[71.30612,51.20006]]},"properties":{"layer":"road","districtId":"saryarka","osmType":"way","osmId":858735197,"highway":"trunk","name":"Астана айналма жолы","bridge":null,"lanes":"1","oneway":"yes"}},{"type":"Feature","geometry":{"type":"LineString","coordinates":[[71.43616,51.17582],[71.43729,51.17597]]},"properties":{"layer":"road","districtId":"baikonur","osmType":"way","osmId":867263463,"highway":"tertiary","name":"Әліби Жангелдин көшесі","bridge":null,"lanes":null,"oneway":null}},{"type":"Feature","geometry":{"type":"LineString","coordinates":[[71.39803,51.10401],[71.40444,51.10312]]},"properties":{"layer":"road","districtId":"nura","osmType":"way","osmId":867655021,"highway":"tertiary","name":"Бұқар Жырау көшесі","bridge":null,"lanes":null,"oneway":null}},{"type":"Feature","geometry":{"type":"LineString","coordinates":[[71.43784,51.09857],[71.43564,51.09888]]},"properties":{"layer":"road","districtId":"esil","osmType":"way","osmId":867691282,"highway":"tertiary","name":"Бұқар Жырау көшесі","bridge":null,"lanes":null,"oneway":"no"}},{"type":"Feature","geometry":{"type":"LineString","coordinates":[[71.3824,51.14802],[71.38236,51.14814]]},"properties":{"layer":"road","districtId":"nura","osmType":"way","osmId":885800303,"highway":"tertiary","name":null,"bridge":null,"lanes":null,"oneway":"yes"}},{"type":"Feature","geometry":{"type":"LineString","coordinates":[[71.38063,51.13842],[71.37962,51.13647],[71.37806,51.13518],[71.37579,51.13384],[71.37521,51.13324],[71.37424,51.13095]]},"properties":{"layer":"road","districtId":"nura","osmType":"way","osmId":885800304,"highway":"tertiary","name":"Әйтеке Би көшесі","bridge":null,"lanes":null,"oneway":"yes"}},{"type":"Feature","geometry":{"type":"LineString","coordinates":[[71.41839,51.10114],[71.41813,51.10045]]},"properties":{"layer":"road","districtId":"esil","osmType":"way","osmId":886962728,"highway":"tertiary","name":"Ақмешіт көшесі","bridge":null,"lanes":"4","oneway":null}},{"type":"Feature","geometry":{"type":"LineString","coordinates":[[71.30746,51.20116],[71.3105,51.20436]]},"properties":{"layer":"road","districtId":"saryarka","osmType":"way","osmId":900681152,"highway":"trunk","name":"Астана айналма жолы","bridge":null,"lanes":"2","oneway":"yes"}},{"type":"Feature","geometry":{"type":"LineString","coordinates":[[71.30774,51.20043],[71.30698,51.20083]]},"properties":{"layer":"road","districtId":"saryarka","osmType":"way","osmId":900681153,"highway":"trunk","name":"Нұрғиса Тілендиев даңғылы","bridge":null,"lanes":"2","oneway":"yes"}},{"type":"Feature","geometry":{"type":"LineString","coordinates":[[71.28814,51.18089],[71.29475,51.18772]]},"properties":{"layer":"road","districtId":"nura","osmType":"way","osmId":900681154,"highway":"trunk","name":"Астана айналма жолы","bridge":null,"lanes":null,"oneway":"yes"}},{"type":"Feature","geometry":{"type":"LineString","coordinates":[[71.29455,51.1878],[71.28808,51.18108]]},"properties":{"layer":"road","districtId":"nura","osmType":"way","osmId":900681155,"highway":"trunk","name":"Астана айналма жолы","bridge":null,"lanes":null,"oneway":"yes"}},{"type":"Feature","geometry":{"type":"LineString","coordinates":[[71.2864,51.17908],[71.28814,51.18089]]},"properties":{"layer":"road","districtId":"nura","osmType":"way","osmId":900681156,"highway":"trunk","name":"Астана айналма жолы","bridge":"yes","lanes":null,"oneway":"yes"}},{"type":"Feature","geometry":{"type":"LineString","coordinates":[[71.28808,51.18108],[71.28631,51.17922]]},"properties":{"layer":"road","districtId":"nura","osmType":"way","osmId":900681157,"highway":"trunk","name":"Астана айналма жолы","bridge":"yes","lanes":null,"oneway":"yes"}},{"type":"Feature","geometry":{"type":"LineString","coordinates":[[71.47059,51.12762],[71.47031,51.12766]]},"properties":{"layer":"road","districtId":"almaty","osmType":"way","osmId":903345827,"highway":"secondary","name":"Рақымжан Қошқарбаев даңғылы","bridge":null,"lanes":"2","oneway":"yes"}},{"type":"Feature","geometry":{"type":"LineString","coordinates":[[71.47059,51.12762],[71.47129,51.12938]]},"properties":{"layer":"road","districtId":"almaty","osmType":"way","osmId":903345828,"highway":"secondary","name":"Тәуелсіздік даңғылы","bridge":null,"lanes":"3","oneway":"yes"}},{"type":"Feature","geometry":{"type":"LineString","coordinates":[[71.45821,51.12938],[71.47026,51.12752]]},"properties":{"layer":"road","districtId":"almaty","osmType":"way","osmId":903345831,"highway":"secondary","name":"Рақымжан Қошқарбаев даңғылы","bridge":null,"lanes":"2","oneway":"yes"}},{"type":"Feature","geometry":{"type":"LineString","coordinates":[[71.45826,51.12954],[71.45809,51.12956]]},"properties":{"layer":"road","districtId":"almaty","osmType":"way","osmId":903345832,"highway":"secondary","name":"проспект Рахымжана Кошкарбаева","bridge":null,"lanes":"3","oneway":"yes"}},{"type":"Feature","geometry":{"type":"LineString","coordinates":[[71.45834,51.12973],[71.45982,51.13334],[71.4608,51.13454],[71.46263,51.13552],[71.46637,51.1366]]},"properties":{"layer":"road","districtId":"almaty","osmType":"way","osmId":903345833,"highway":"secondary","name":"Бауыржан Момышұлы даңғылы","bridge":null,"lanes":"2","oneway":"yes"}},{"type":"Feature","geometry":{"type":"LineString","coordinates":[[71.48531,51.08753],[71.48199,51.08689],[71.47807,51.0871],[71.47177,51.08807],[71.46488,51.09017],[71.45944,51.09101]]},"properties":{"layer":"road","districtId":"esil","osmType":"way","osmId":903347162,"highway":"secondary","name":"Ұлы Дала даңғылы","bridge":null,"lanes":null,"oneway":"yes"}},{"type":"Feature","geometry":{"type":"LineString","coordinates":[[71.45932,51.09083],[71.46483,51.08998],[71.47031,51.08823],[71.47242,51.08773],[71.47948,51.08673],[71.48294,51.08678],[71.48633,51.08763]]},"properties":{"layer":"road","districtId":"esil","osmType":"way","osmId":903348089,"highway":"secondary","name":"Ұлы Дала даңғылы","bridge":null,"lanes":null,"oneway":"yes"}},{"type":"Feature","geometry":{"type":"LineString","coordinates":[[71.43029,51.12287],[71.42965,51.12125]]},"properties":{"layer":"road","districtId":"esil","osmType":"way","osmId":910569073,"highway":"secondary","name":"Түркістан көшесі","bridge":null,"lanes":"4","oneway":null}},{"type":"Feature","geometry":{"type":"LineString","coordinates":[[71.47288,51.08787],[71.47364,51.08588],[71.47497,51.08447],[71.47652,51.08362],[71.48063,51.08246],[71.48238,51.08157]]},"properties":{"layer":"road","districtId":"esil","osmType":"way","osmId":910571033,"highway":"secondary","name":"Шерхан Мұртаза көшесі","bridge":null,"lanes":"4","oneway":null}},{"type":"Feature","geometry":{"type":"LineString","coordinates":[[71.47142,51.0959],[71.47136,51.09489],[71.47288,51.08787]]},"properties":{"layer":"road","districtId":"esil","osmType":"way","osmId":910571035,"highway":"secondary","name":"Шерхан Мұртаза көшесі","bridge":null,"lanes":"4","oneway":null}},{"type":"Feature","geometry":{"type":"LineString","coordinates":[[71.51404,51.1343],[71.514,51.13403],[71.51323,51.13362]]},"properties":{"layer":"road","districtId":"almaty","osmType":"way","osmId":917669334,"highway":"tertiary","name":null,"bridge":null,"lanes":null,"oneway":"yes"}},{"type":"Feature","geometry":{"type":"LineString","coordinates":[[71.46369,51.14609],[71.46356,51.14609]]},"properties":{"layer":"road","districtId":"almaty","osmType":"way","osmId":923856806,"highway":"tertiary","name":"Күйші Дина көшесі","bridge":null,"lanes":null,"oneway":null}},{"type":"Feature","geometry":{"type":"LineString","coordinates":[[71.46356,51.14609],[71.4628,51.1461]]},"properties":{"layer":"road","districtId":"almaty","osmType":"way","osmId":923856807,"highway":"tertiary","name":"Күйші Дина көшесі","bridge":null,"lanes":null,"oneway":null}},{"type":"Feature","geometry":{"type":"LineString","coordinates":[[71.34489,51.20053],[71.3462,51.20027],[71.34556,51.19856]]},"properties":{"layer":"road","districtId":"saryarka","osmType":"way","osmId":924307001,"highway":"tertiary","name":null,"bridge":null,"lanes":null,"oneway":null}},{"type":"Feature","geometry":{"type":"LineString","coordinates":[[71.41649,51.12797],[71.41652,51.12804]]},"properties":{"layer":"road","districtId":"esil","osmType":"way","osmId":959660328,"highway":"tertiary","name":"Қазақ радиосы көшесі","bridge":null,"lanes":"4","oneway":null}},{"type":"Feature","geometry":{"type":"LineString","coordinates":[[71.54273,51.05489],[71.54907,51.05624],[71.55533,51.05822],[71.55945,51.05991],[71.56588,51.06355]]},"properties":{"layer":"road","districtId":"esil","osmType":"way","osmId":961517493,"highway":"trunk","name":"Астана айналма жолы","bridge":null,"lanes":"2","oneway":"yes"}},{"type":"Feature","geometry":{"type":"LineString","coordinates":[[71.53596,51.05405],[71.53883,51.05436]]},"properties":{"layer":"road","districtId":"esil","osmType":"way","osmId":961517494,"highway":"trunk","name":"Астана айналма жолы","bridge":null,"lanes":"2","oneway":"yes"}},{"type":"Feature","geometry":{"type":"LineString","coordinates":[[71.53883,51.05436],[71.54273,51.05489]]},"properties":{"layer":"road","districtId":"esil","osmType":"way","osmId":961517495,"highway":"trunk","name":"Астана айналма жолы","bridge":null,"lanes":"2","oneway":"yes"}},{"type":"Feature","geometry":{"type":"LineString","coordinates":[[71.56589,51.06373],[71.56294,51.06189],[71.55935,51.06],[71.55341,51.05765],[71.549,51.05634]]},"properties":{"layer":"road","districtId":"esil","osmType":"way","osmId":961517892,"highway":"trunk","name":"Астана айналма жолы","bridge":null,"lanes":"2","oneway":"yes"}},{"type":"Feature","geometry":{"type":"LineString","coordinates":[[71.549,51.05634],[71.54606,51.05566]]},"properties":{"layer":"road","districtId":"esil","osmType":"way","osmId":961517893,"highway":"trunk","name":"Астана айналма жолы","bridge":null,"lanes":"2","oneway":"yes"}},{"type":"Feature","geometry":{"type":"LineString","coordinates":[[71.54606,51.05566],[71.54263,51.05499]]},"properties":{"layer":"road","districtId":"esil","osmType":"way","osmId":961517894,"highway":"trunk","name":"Астана айналма жолы","bridge":null,"lanes":"2","oneway":"yes"}},{"type":"Feature","geometry":{"type":"LineString","coordinates":[[71.5778,51.13395],[71.57162,51.13491]]},"properties":{"layer":"road","districtId":"almaty","osmType":"way","osmId":961518464,"highway":"primary","name":"Астана-Қарағанды тас жолы","bridge":null,"lanes":"2","oneway":"yes"}},{"type":"Feature","geometry":{"type":"LineString","coordinates":[[71.41441,51.13324],[71.41433,51.13267]]},"properties":{"layer":"road","districtId":"nura","osmType":"way","osmId":964634777,"highway":"secondary","name":"Қабанбай Батыр даңғылы","bridge":null,"lanes":"5","oneway":null}},{"type":"Feature","geometry":{"type":"LineString","coordinates":[[71.40804,51.1693],[71.41272,51.1699]]},"properties":{"layer":"road","districtId":"saryarka","osmType":"way","osmId":964636626,"highway":"secondary","name":"Сәкен Сейфуллин көшесі","bridge":null,"lanes":"2","oneway":"yes"}},{"type":"Feature","geometry":{"type":"LineString","coordinates":[[71.46017,51.14606],[71.45644,51.15124]]},"properties":{"layer":"road","districtId":"almaty","osmType":"way","osmId":964849212,"highway":"secondary","name":"Тәуелсіздік даңғылы","bridge":null,"lanes":"3","oneway":"yes"}},{"type":"Feature","geometry":{"type":"LineString","coordinates":[[71.46017,51.14606],[71.45997,51.14601]]},"properties":{"layer":"road","districtId":"almaty","osmType":"way","osmId":964849213,"highway":"tertiary","name":"Күйші Дина көшесі","bridge":null,"lanes":null,"oneway":null}},{"type":"Feature","geometry":{"type":"LineString","coordinates":[[71.45997,51.14601],[71.46004,51.1459]]},"properties":{"layer":"road","districtId":"almaty","osmType":"way","osmId":964849214,"highway":"secondary","name":"Тәуелсіздік даңғылы","bridge":null,"lanes":"3","oneway":"yes"}},{"type":"Feature","geometry":{"type":"LineString","coordinates":[[71.46004,51.1459],[71.46049,51.14527]]},"properties":{"layer":"road","districtId":"almaty","osmType":"way","osmId":964849215,"highway":"secondary","name":"Тәуелсіздік даңғылы","bridge":null,"lanes":"3","oneway":"yes"}},{"type":"Feature","geometry":{"type":"LineString","coordinates":[[71.416,51.11552],[71.4156,51.11557]]},"properties":{"layer":"road","districtId":"esil","osmType":"way","osmId":965512760,"highway":"secondary","name":"Керей Және Жәнібек Хандар көшесі","bridge":null,"lanes":"6","oneway":"no"}},{"type":"Feature","geometry":{"type":"LineString","coordinates":[[71.4267,51.12364],[71.42662,51.12343]]},"properties":{"layer":"road","districtId":"esil","osmType":"way","osmId":966335513,"highway":"secondary","name":"Ақмешіт көшесі","bridge":null,"lanes":"4","oneway":null}},{"type":"Feature","geometry":{"type":"LineString","coordinates":[[71.41264,51.12584],[71.40474,51.12709]]},"properties":{"layer":"road","districtId":"nura","osmType":"way","osmId":966335514,"highway":"secondary","name":"Сығанақ көшесі","bridge":null,"lanes":"4","oneway":"yes"}},{"type":"Feature","geometry":{"type":"LineString","coordinates":[[71.42703,51.12336],[71.43296,51.12247]]},"properties":{"layer":"road","districtId":"esil","osmType":"way","osmId":966335515,"highway":"secondary","name":"Сығанақ көшесі","bridge":null,"lanes":"4","oneway":"yes"}},{"type":"Feature","geometry":{"type":"LineString","coordinates":[[71.38296,51.13127],[71.3838,51.1334]]},"properties":{"layer":"road","districtId":"nura","osmType":"way","osmId":969964421,"highway":"tertiary","name":"Әнет Баба көшесі","bridge":null,"lanes":"4","oneway":null}},{"type":"Feature","geometry":{"type":"LineString","coordinates":[[71.34415,51.17683],[71.34363,51.17658]]},"properties":{"layer":"road","districtId":"saryarka","osmType":"way","osmId":969967182,"highway":"tertiary","name":null,"bridge":null,"lanes":null,"oneway":null}},{"type":"Feature","geometry":{"type":"LineString","coordinates":[[71.34522,51.1774],[71.34415,51.17683]]},"properties":{"layer":"road","districtId":"saryarka","osmType":"way","osmId":969967184,"highway":"tertiary","name":null,"bridge":null,"lanes":null,"oneway":"yes"}},{"type":"Feature","geometry":{"type":"LineString","coordinates":[[71.44684,51.18468],[71.44753,51.1855]]},"properties":{"layer":"road","districtId":"baikonur","osmType":"way","osmId":975252023,"highway":"primary","name":"Алаш тас жолы","bridge":null,"lanes":null,"oneway":"yes"}},{"type":"Feature","geometry":{"type":"LineString","coordinates":[[71.44735,51.1856],[71.44658,51.18481]]},"properties":{"layer":"road","districtId":"baikonur","osmType":"way","osmId":975252024,"highway":"primary","name":"Алаш тас жолы","bridge":null,"lanes":"4","oneway":"yes"}},{"type":"Feature","geometry":{"type":"LineString","coordinates":[[71.44926,51.18691],[71.44814,51.18625]]},"properties":{"layer":"road","districtId":"baikonur","osmType":"way","osmId":975252025,"highway":"primary","name":"Алаш тас жолы","bridge":null,"lanes":"4","oneway":"yes"}},{"type":"Feature","geometry":{"type":"LineString","coordinates":[[71.44835,51.18616],[71.4495,51.18682]]},"properties":{"layer":"road","districtId":"baikonur","osmType":"way","osmId":975252026,"highway":"primary","name":"Алаш тас жолы","bridge":null,"lanes":null,"oneway":"yes"}},{"type":"Feature","geometry":{"type":"LineString","coordinates":[[71.44814,51.18625],[71.44735,51.1856]]},"properties":{"layer":"road","districtId":"baikonur","osmType":"way","osmId":975252028,"highway":"primary","name":"Алаш тас жолы","bridge":"yes","lanes":null,"oneway":"yes"}},{"type":"Feature","geometry":{"type":"LineString","coordinates":[[71.44753,51.1855],[71.44835,51.18616]]},"properties":{"layer":"road","districtId":"baikonur","osmType":"way","osmId":975252029,"highway":"primary","name":"Алаш тас жолы","bridge":"yes","lanes":null,"oneway":"yes"}},{"type":"Feature","geometry":{"type":"LineString","coordinates":[[71.47635,51.08668],[71.48064,51.08438],[71.48233,51.08237],[71.48237,51.08214],[71.48184,51.0819]]},"properties":{"layer":"road","districtId":"esil","osmType":"way","osmId":980092704,"highway":"tertiary","name":"Е-669 көшесі","bridge":null,"lanes":null,"oneway":null}},{"type":"Feature","geometry":{"type":"LineString","coordinates":[[71.38465,51.13567],[71.38593,51.13885]]},"properties":{"layer":"road","districtId":"nura","osmType":"way","osmId":1007526639,"highway":"tertiary","name":"Әнет Баба көшесі","bridge":null,"lanes":"4","oneway":null}},{"type":"Feature","geometry":{"type":"LineString","coordinates":[[71.45114,51.09669],[71.45138,51.09665]]},"properties":{"layer":"road","districtId":"esil","osmType":"way","osmId":1009526437,"highway":"tertiary","name":"Бұқар Жырау көшесі","bridge":null,"lanes":null,"oneway":null}},{"type":"Feature","geometry":{"type":"LineString","coordinates":[[71.45257,51.09991],[71.45357,51.1024],[71.45477,51.1035]]},"properties":{"layer":"road","districtId":"esil","osmType":"way","osmId":1037217720,"highway":"secondary","name":"Әл-Фараби даңғылы","bridge":null,"lanes":null,"oneway":"yes"}},{"type":"Feature","geometry":{"type":"LineString","coordinates":[[71.45038,51.0938],[71.451,51.0956]]},"properties":{"layer":"road","districtId":"esil","osmType":"way","osmId":1037228862,"highway":"secondary","name":"Әл-Фараби даңғылы","bridge":null,"lanes":null,"oneway":"yes"}},{"type":"Feature","geometry":{"type":"LineString","coordinates":[[71.47402,51.15479],[71.47326,51.15586]]},"properties":{"layer":"road","districtId":"almaty","osmType":"way","osmId":1069910732,"highway":"tertiary","name":"Жирентаев көшесі","bridge":null,"lanes":null,"oneway":null}},{"type":"Feature","geometry":{"type":"LineString","coordinates":[[71.47414,51.1538],[71.47402,51.15479]]},"properties":{"layer":"road","districtId":"almaty","osmType":"way","osmId":1069910733,"highway":"tertiary","name":"Жирентаев көшесі","bridge":null,"lanes":null,"oneway":null}},{"type":"Feature","geometry":{"type":"LineString","coordinates":[[71.43788,51.07945],[71.43726,51.07848],[71.43553,51.07733]]},"properties":{"layer":"road","districtId":"esil","osmType":"way","osmId":1076768817,"highway":"tertiary","name":"Қасым Қайсенов көшесі","bridge":null,"lanes":null,"oneway":null}},{"type":"Feature","geometry":{"type":"LineString","coordinates":[[71.43682,51.07715],[71.44327,51.07618],[71.44399,51.07621],[71.44342,51.07641]]},"properties":{"layer":"road","districtId":"esil","osmType":"way","osmId":1076768818,"highway":"tertiary","name":null,"bridge":null,"lanes":null,"oneway":"yes"}},{"type":"Feature","geometry":{"type":"LineString","coordinates":[[71.44342,51.07641],[71.4371,51.07731]]},"properties":{"layer":"road","districtId":"esil","osmType":"way","osmId":1076768819,"highway":"tertiary","name":null,"bridge":null,"lanes":null,"oneway":"yes"}},{"type":"Feature","geometry":{"type":"LineString","coordinates":[[71.4366,51.07737],[71.43049,51.07821]]},"properties":{"layer":"road","districtId":"esil","osmType":"way","osmId":1076768821,"highway":"tertiary","name":null,"bridge":null,"lanes":null,"oneway":"yes"}},{"type":"Feature","geometry":{"type":"LineString","coordinates":[[71.4371,51.07731],[71.4366,51.07737]]},"properties":{"layer":"road","districtId":"esil","osmType":"way","osmId":1076768822,"highway":"tertiary","name":null,"bridge":"yes","lanes":null,"oneway":"yes"}},{"type":"Feature","geometry":{"type":"LineString","coordinates":[[71.43623,51.07723],[71.43682,51.07715]]},"properties":{"layer":"road","districtId":"esil","osmType":"way","osmId":1076768823,"highway":"tertiary","name":null,"bridge":"yes","lanes":null,"oneway":"yes"}},{"type":"Feature","geometry":{"type":"LineString","coordinates":[[71.43332,51.08534],[71.44521,51.08365],[71.44642,51.0838]]},"properties":{"layer":"road","districtId":"esil","osmType":"way","osmId":1076768831,"highway":"tertiary","name":"Фариза Оңғарсынова көшесі","bridge":null,"lanes":null,"oneway":"yes"}},{"type":"Feature","geometry":{"type":"LineString","coordinates":[[71.45518,51.10401],[71.45456,51.10361]]},"properties":{"layer":"road","districtId":"esil","osmType":"way","osmId":1076788055,"highway":"secondary","name":"проспект Аль-Фараби","bridge":null,"lanes":null,"oneway":"yes"}},{"type":"Feature","geometry":{"type":"LineString","coordinates":[[71.45477,51.1035],[71.45539,51.10386]]},"properties":{"layer":"road","districtId":"esil","osmType":"way","osmId":1076788056,"highway":"secondary","name":"проспект Аль-Фараби","bridge":null,"lanes":null,"oneway":"yes"}},{"type":"Feature","geometry":{"type":"LineString","coordinates":[[71.45982,51.10683],[71.45663,51.1049]]},"properties":{"layer":"road","districtId":"esil","osmType":"way","osmId":1076788058,"highway":"secondary","name":"проспект Аль-Фараби","bridge":"yes","lanes":null,"oneway":"yes"}},{"type":"Feature","geometry":{"type":"LineString","coordinates":[[71.41509,51.09302],[71.41124,51.09358]]},"properties":{"layer":"road","districtId":"esil","osmType":"way","osmId":1077465812,"highway":"tertiary","name":"Анадолы көшесі","bridge":null,"lanes":null,"oneway":"no"}},{"type":"Feature","geometry":{"type":"LineString","coordinates":[[71.41041,51.08965],[71.41015,51.08966]]},"properties":{"layer":"road","districtId":"esil","osmType":"way","osmId":1077466984,"highway":"tertiary","name":"Нұрлан Балғымбаев көшесі","bridge":null,"lanes":"4","oneway":null}},{"type":"Feature","geometry":{"type":"LineString","coordinates":[[71.43964,51.08444],[71.44133,51.08886]]},"properties":{"layer":"road","districtId":"esil","osmType":"way","osmId":1077477603,"highway":"tertiary","name":"Қасым Қайсенов көшесі","bridge":null,"lanes":null,"oneway":"yes"}},{"type":"Feature","geometry":{"type":"LineString","coordinates":[[71.43964,51.08444],[71.43948,51.08395]]},"properties":{"layer":"road","districtId":"esil","osmType":"way","osmId":1077477604,"highway":"tertiary","name":"Қасым Қайсенов көшесі","bridge":null,"lanes":null,"oneway":null}},{"type":"Feature","geometry":{"type":"LineString","coordinates":[[71.44291,51.09333],[71.44122,51.08888]]},"properties":{"layer":"road","districtId":"esil","osmType":"way","osmId":1077477605,"highway":"tertiary","name":"Қасым Қайсенов көшесі","bridge":null,"lanes":null,"oneway":"yes"}},{"type":"Feature","geometry":{"type":"LineString","coordinates":[[71.37486,51.13087],[71.37533,51.13247],[71.37596,51.13338],[71.37929,51.13557],[71.38065,51.1372]]},"properties":{"layer":"road","districtId":"nura","osmType":"way","osmId":1077918635,"highway":"tertiary","name":"Әйтеке Би көшесі","bridge":null,"lanes":null,"oneway":"yes"}},{"type":"Feature","geometry":{"type":"LineString","coordinates":[[71.40102,51.13072],[71.39999,51.13051],[71.38931,51.13218],[71.38536,51.1311],[71.38299,51.13135]]},"properties":{"layer":"road","districtId":"nura","osmType":"way","osmId":1077933295,"highway":"tertiary","name":"Халифа бен Заид әл-Нахаян көшесі","bridge":null,"lanes":null,"oneway":"yes"}},{"type":"Feature","geometry":{"type":"LineString","coordinates":[[71.3865,51.13133],[71.38929,51.13212]]},"properties":{"layer":"road","districtId":"nura","osmType":"way","osmId":1077933296,"highway":"tertiary","name":"Халифа бен Заид әл-Нахаян көшесі","bridge":null,"lanes":null,"oneway":"yes"}},{"type":"Feature","geometry":{"type":"LineString","coordinates":[[71.35051,51.10668],[71.35076,51.10643],[71.35442,51.10574],[71.37541,51.10273]]},"properties":{"layer":"road","districtId":"nura","osmType":"way","osmId":1081365625,"highway":"tertiary","name":"Ұлы Дала даңғылы","bridge":null,"lanes":null,"oneway":"yes"}},{"type":"Feature","geometry":{"type":"LineString","coordinates":[[71.39488,51.10013],[71.38849,51.10105]]},"properties":{"layer":"road","districtId":"nura","osmType":"way","osmId":1081365626,"highway":"tertiary","name":"Ұлы Дала даңғылы","bridge":null,"lanes":null,"oneway":"yes"}},{"type":"Feature","geometry":{"type":"LineString","coordinates":[[71.36706,51.10411],[71.35247,51.10627]]},"properties":{"layer":"road","districtId":"nura","osmType":"way","osmId":1081366368,"highway":"tertiary","name":"Ұлы Дала даңғылы","bridge":null,"lanes":null,"oneway":"yes"}},{"type":"Feature","geometry":{"type":"LineString","coordinates":[[71.35247,51.10627],[71.35051,51.10668]]},"properties":{"layer":"road","districtId":"nura","osmType":"way","osmId":1081390385,"highway":"tertiary","name":"Ұлы Дала даңғылы","bridge":null,"lanes":null,"oneway":"yes"}},{"type":"Feature","geometry":{"type":"LineString","coordinates":[[71.4271,51.12463],[71.42703,51.12446]]},"properties":{"layer":"road","districtId":"esil","osmType":"way","osmId":1086841544,"highway":"secondary","name":"Ақмешіт көшесі","bridge":null,"lanes":"4","oneway":null}},{"type":"Feature","geometry":{"type":"LineString","coordinates":[[71.42703,51.12445],[71.42675,51.12377]]},"properties":{"layer":"road","districtId":"esil","osmType":"way","osmId":1086841545,"highway":"secondary","name":"Ақмешіт көшесі","bridge":null,"lanes":"4","oneway":null}},{"type":"Feature","geometry":{"type":"LineString","coordinates":[[71.4208,51.09677],[71.42227,51.10079]]},"properties":{"layer":"road","districtId":"esil","osmType":"way","osmId":1087660619,"highway":"secondary","name":"Түркістан көшесі","bridge":null,"lanes":"4","oneway":"yes"}},{"type":"Feature","geometry":{"type":"LineString","coordinates":[[71.42362,51.10522],[71.42259,51.10236]]},"properties":{"layer":"road","districtId":"esil","osmType":"way","osmId":1087660620,"highway":"secondary","name":"Түркістан көшесі","bridge":null,"lanes":null,"oneway":"yes"}},{"type":"Feature","geometry":{"type":"LineString","coordinates":[[71.42543,51.10956],[71.42606,51.11138]]},"properties":{"layer":"road","districtId":"esil","osmType":"way","osmId":1087660951,"highway":"secondary","name":"Түркістан көшесі","bridge":null,"lanes":"3","oneway":"yes"}},{"type":"Feature","geometry":{"type":"LineString","coordinates":[[71.42518,51.1096],[71.42446,51.10971]]},"properties":{"layer":"road","districtId":"esil","osmType":"way","osmId":1087660952,"highway":"tertiary","name":"Орынбор көшесі","bridge":null,"lanes":"6","oneway":null}},{"type":"Feature","geometry":{"type":"LineString","coordinates":[[71.42543,51.10956],[71.42518,51.1096]]},"properties":{"layer":"road","districtId":"esil","osmType":"way","osmId":1087660954,"highway":"tertiary","name":"Орынбор көшесі","bridge":null,"lanes":"6","oneway":null}},{"type":"Feature","geometry":{"type":"LineString","coordinates":[[71.43274,51.12552],[71.4314,51.12573]]},"properties":{"layer":"road","districtId":"esil","osmType":"way","osmId":1087660956,"highway":"tertiary","name":"Достық көшесі","bridge":null,"lanes":null,"oneway":"yes"}},{"type":"Feature","geometry":{"type":"LineString","coordinates":[[71.44642,51.0838],[71.44714,51.08466],[71.44823,51.08785]]},"properties":{"layer":"road","districtId":"esil","osmType":"way","osmId":1090266572,"highway":"tertiary","name":"Әл-Фараби даңғылы","bridge":null,"lanes":null,"oneway":"yes"}},{"type":"Feature","geometry":{"type":"LineString","coordinates":[[71.44799,51.08789],[71.4467,51.08426]]},"properties":{"layer":"road","districtId":"esil","osmType":"way","osmId":1090266573,"highway":"tertiary","name":"Әл-Фараби даңғылы","bridge":null,"lanes":null,"oneway":"yes"}},{"type":"Feature","geometry":{"type":"LineString","coordinates":[[71.42686,51.11398],[71.42586,51.11146]]},"properties":{"layer":"road","districtId":"esil","osmType":"way","osmId":1095672736,"highway":"secondary","name":"Түркістан көшесі","bridge":null,"lanes":"3","oneway":"yes"}},{"type":"Feature","geometry":{"type":"LineString","coordinates":[[71.42686,51.11398],[71.42563,51.11416]]},"properties":{"layer":"road","districtId":"esil","osmType":"way","osmId":1095672743,"highway":"secondary","name":"Керей Және Жәнібек Хандар көшесі","bridge":null,"lanes":"7","oneway":null}},{"type":"Feature","geometry":{"type":"LineString","coordinates":[[71.4088,51.19437],[71.41085,51.19373]]},"properties":{"layer":"road","districtId":"saryarka","osmType":"way","osmId":1115171916,"highway":"secondary","name":"Гёте көшесі","bridge":null,"lanes":null,"oneway":"yes"}},{"type":"Feature","geometry":{"type":"LineString","coordinates":[[71.43905,51.21549],[71.43554,51.21398],[71.43284,51.21347],[71.43119,51.21277],[71.41581,51.21057]]},"properties":{"layer":"road","districtId":"baikonur","osmType":"way","osmId":1124566848,"highway":"tertiary","name":null,"bridge":null,"lanes":null,"oneway":null}},{"type":"Feature","geometry":{"type":"LineString","coordinates":[[71.43954,51.12131],[71.43963,51.12144]]},"properties":{"layer":"road","districtId":"esil","osmType":"way","osmId":1146926017,"highway":"tertiary","name":"Сығанақ көшесі","bridge":null,"lanes":null,"oneway":"yes"}},{"type":"Feature","geometry":{"type":"LineString","coordinates":[[71.4393,51.12149],[71.43954,51.12131]]},"properties":{"layer":"road","districtId":"esil","osmType":"way","osmId":1146926018,"highway":"tertiary","name":null,"bridge":null,"lanes":null,"oneway":"yes"}},{"type":"Feature","geometry":{"type":"LineString","coordinates":[[71.45114,51.09669],[71.45,51.09345]]},"properties":{"layer":"road","districtId":"esil","osmType":"way","osmId":1149340637,"highway":"secondary","name":"Әл-Фараби даңғылы","bridge":null,"lanes":null,"oneway":"yes"}},{"type":"Feature","geometry":{"type":"LineString","coordinates":[[71.46113,51.02999],[71.46131,51.03009]]},"properties":{"layer":"road","districtId":"esil","osmType":"way","osmId":1150323593,"highway":"primary","name":null,"bridge":null,"lanes":null,"oneway":"yes"}},{"type":"Feature","geometry":{"type":"LineString","coordinates":[[71.4064,51.10285],[71.40591,51.10291]]},"properties":{"layer":"road","districtId":"nura","osmType":"way","osmId":1154972261,"highway":"tertiary","name":"Бұқар Жырау көшесі","bridge":null,"lanes":null,"oneway":null}},{"type":"Feature","geometry":{"type":"LineString","coordinates":[[71.4074,51.1027],[71.40675,51.10279]]},"properties":{"layer":"road","districtId":"nura","osmType":"way","osmId":1154972262,"highway":"tertiary","name":"Бұқар Жырау көшесі","bridge":null,"lanes":null,"oneway":"no"}},{"type":"Feature","geometry":{"type":"LineString","coordinates":[[71.4286,51.09987],[71.42948,51.10236]]},"properties":{"layer":"road","districtId":"esil","osmType":"way","osmId":1154972681,"highway":"secondary","name":"Мәңгілік Ел даңғылы","bridge":null,"lanes":null,"oneway":"yes"}},{"type":"Feature","geometry":{"type":"LineString","coordinates":[[71.49024,51.20444],[71.49332,51.20315]]},"properties":{"layer":"road","districtId":"baikonur","osmType":"way","osmId":1157593428,"highway":"secondary","name":"69-шы көше","bridge":null,"lanes":"4","oneway":"no"}},{"type":"Feature","geometry":{"type":"LineString","coordinates":[[71.50651,51.1981],[71.50512,51.19865]]},"properties":{"layer":"road","districtId":"baikonur","osmType":"way","osmId":1157593429,"highway":"secondary","name":"69-шы көше","bridge":null,"lanes":"4","oneway":"no"}},{"type":"Feature","geometry":{"type":"LineString","coordinates":[[71.44919,51.03368],[71.43135,51.02826],[71.4136,51.02325],[71.40681,51.02193],[71.40313,51.02151]]},"properties":{"layer":"road","districtId":"esil","osmType":"way","osmId":1160149307,"highway":"trunk","name":"Астана айналма жолы","bridge":null,"lanes":"2","oneway":"yes"}},{"type":"Feature","geometry":{"type":"LineString","coordinates":[[71.40313,51.0214],[71.40826,51.02204],[71.41422,51.02329],[71.42835,51.02724],[71.44927,51.03359]]},"properties":{"layer":"road","districtId":"esil","osmType":"way","osmId":1160149308,"highway":"trunk","name":"Астана айналма жолы","bridge":null,"lanes":"2","oneway":"yes"}},{"type":"Feature","geometry":{"type":"LineString","coordinates":[[71.40313,51.02151],[71.40277,51.02148]]},"properties":{"layer":"road","districtId":"esil","osmType":"way","osmId":1160149310,"highway":"trunk","name":"Астана айналма жолы","bridge":"yes","lanes":"2","oneway":"yes"}},{"type":"Feature","geometry":{"type":"LineString","coordinates":[[71.40276,51.02137],[71.40313,51.0214]]},"properties":{"layer":"road","districtId":"esil","osmType":"way","osmId":1160149311,"highway":"trunk","name":"Астана айналма жолы","bridge":"yes","lanes":"2","oneway":"yes"}},{"type":"Feature","geometry":{"type":"LineString","coordinates":[[71.3819,51.14804],[71.38272,51.14609],[71.38291,51.14495]]},"properties":{"layer":"road","districtId":"nura","osmType":"way","osmId":1160242064,"highway":"tertiary","name":"Әйтеке Би көшесі","bridge":null,"lanes":null,"oneway":"yes"}},{"type":"Feature","geometry":{"type":"LineString","coordinates":[[71.38644,51.22677],[71.38892,51.22095]]},"properties":{"layer":"road","districtId":"baikonur","osmType":"way","osmId":1163649764,"highway":"secondary","name":"Өндіріс тас жолы","bridge":null,"lanes":null,"oneway":null}},{"type":"Feature","geometry":{"type":"LineString","coordinates":[[71.39046,51.21192],[71.38841,51.21086]]},"properties":{"layer":"road","districtId":"baikonur","osmType":"way","osmId":1163649771,"highway":"tertiary","name":"Тоқтаров көшесі","bridge":null,"lanes":null,"oneway":null}},{"type":"Feature","geometry":{"type":"LineString","coordinates":[[71.40704,51.19023],[71.40673,51.1914]]},"properties":{"layer":"road","districtId":"saryarka","osmType":"way","osmId":1164714528,"highway":"secondary","name":"Жеңіс даңғылы","bridge":null,"lanes":null,"oneway":"no"}},{"type":"Feature","geometry":{"type":"LineString","coordinates":[[71.41111,51.1757],[71.41107,51.17585]]},"properties":{"layer":"road","districtId":"saryarka","osmType":"way","osmId":1164714529,"highway":"secondary","name":"Жеңіс даңғылы","bridge":null,"lanes":"6","oneway":"no"}},{"type":"Feature","geometry":{"type":"LineString","coordinates":[[71.39143,51.19655],[71.38692,51.19798]]},"properties":{"layer":"road","districtId":"saryarka","osmType":"way","osmId":1164716138,"highway":"secondary","name":"Конституция көшесі","bridge":null,"lanes":null,"oneway":null}},{"type":"Feature","geometry":{"type":"LineString","coordinates":[[71.41848,51.17669],[71.41835,51.17718]]},"properties":{"layer":"road","districtId":"saryarka","osmType":"way","osmId":1165380331,"highway":"secondary","name":"Бейбітшілік көшесі","bridge":null,"lanes":null,"oneway":"yes"}},{"type":"Feature","geometry":{"type":"LineString","coordinates":[[71.34363,51.17658],[71.34184,51.17808]]},"properties":{"layer":"road","districtId":"saryarka","osmType":"way","osmId":1165427366,"highway":"tertiary","name":"Еңлік-Кебек көшесі","bridge":null,"lanes":null,"oneway":null}},{"type":"Feature","geometry":{"type":"LineString","coordinates":[[71.43743,51.17599],[71.43739,51.17598]]},"properties":{"layer":"road","districtId":"baikonur","osmType":"way","osmId":1166009687,"highway":"tertiary","name":"Әліби Жангелдин көшесі","bridge":null,"lanes":null,"oneway":null}},{"type":"Feature","geometry":{"type":"LineString","coordinates":[[71.45884,51.19096],[71.4583,51.19072]]},"properties":{"layer":"road","districtId":"baikonur","osmType":"way","osmId":1167852418,"highway":"primary","name":"Алаш тас жолы","bridge":null,"lanes":"3","oneway":"yes"}},{"type":"Feature","geometry":{"type":"LineString","coordinates":[[71.4495,51.18682],[71.45897,51.19085]]},"properties":{"layer":"road","districtId":"baikonur","osmType":"way","osmId":1167852419,"highway":"primary","name":"Алаш тас жолы","bridge":null,"lanes":null,"oneway":"yes"}},{"type":"Feature","geometry":{"type":"LineString","coordinates":[[71.45897,51.19085],[71.45953,51.19108]]},"properties":{"layer":"road","districtId":"baikonur","osmType":"way","osmId":1167852420,"highway":"primary","name":"Алаш тас жолы","bridge":"yes","lanes":"3","oneway":"yes"}},{"type":"Feature","geometry":{"type":"LineString","coordinates":[[71.45932,51.19116],[71.45884,51.19096]]},"properties":{"layer":"road","districtId":"baikonur","osmType":"way","osmId":1167852421,"highway":"primary","name":"Алаш тас жолы","bridge":"yes","lanes":"3","oneway":"yes"}},{"type":"Feature","geometry":{"type":"LineString","coordinates":[[71.43869,51.12458],[71.43833,51.12464]]},"properties":{"layer":"road","districtId":"esil","osmType":"way","osmId":1171625107,"highway":"tertiary","name":"Достық көшесі","bridge":null,"lanes":null,"oneway":"yes"}},{"type":"Feature","geometry":{"type":"LineString","coordinates":[[71.40467,51.12692],[71.4126,51.12569]]},"properties":{"layer":"road","districtId":"nura","osmType":"way","osmId":1175582462,"highway":"secondary","name":"Сығанақ көшесі","bridge":null,"lanes":"4","oneway":"yes"}},{"type":"Feature","geometry":{"type":"LineString","coordinates":[[71.42647,51.12368],[71.41709,51.12515]]},"properties":{"layer":"road","districtId":"esil","osmType":"way","osmId":1175582463,"highway":"secondary","name":"Сығанақ көшесі","bridge":null,"lanes":"4","oneway":"yes"}},{"type":"Feature","geometry":{"type":"LineString","coordinates":[[71.41361,51.12842],[71.41329,51.12673]]},"properties":{"layer":"road","districtId":"esil","osmType":"way","osmId":1175582593,"highway":"secondary","name":"Қабанбай Батыр даңғылы","bridge":null,"lanes":"5","oneway":null}},{"type":"Feature","geometry":{"type":"LineString","coordinates":[[71.41304,51.12562],[71.41327,51.12559]]},"properties":{"layer":"road","districtId":"esil","osmType":"way","osmId":1175582596,"highway":"secondary","name":"Сығанақ көшесі","bridge":null,"lanes":null,"oneway":"yes"}},{"type":"Feature","geometry":{"type":"LineString","coordinates":[[71.38845,51.10092],[71.39485,51.10003]]},"properties":{"layer":"road","districtId":"nura","osmType":"way","osmId":1175583729,"highway":"tertiary","name":"Ұлы Дала даңғылы","bridge":null,"lanes":null,"oneway":"yes"}},{"type":"Feature","geometry":{"type":"LineString","coordinates":[[71.36654,51.14367],[71.37133,51.14286]]},"properties":{"layer":"road","districtId":"nura","osmType":"way","osmId":1175584959,"highway":"secondary","name":"Қайым Мұхамедханов көшесі","bridge":null,"lanes":"4","oneway":"yes"}},{"type":"Feature","geometry":{"type":"LineString","coordinates":[[71.38291,51.14495],[71.38174,51.14126]]},"properties":{"layer":"road","districtId":"nura","osmType":"way","osmId":1175584960,"highway":"tertiary","name":"Әйтеке Би көшесі","bridge":null,"lanes":null,"oneway":"yes"}},{"type":"Feature","geometry":{"type":"LineString","coordinates":[[71.37139,51.14302],[71.36661,51.14383]]},"properties":{"layer":"road","districtId":"nura","osmType":"way","osmId":1175584961,"highway":"secondary","name":"Қайым Мұхамедханов көшесі","bridge":null,"lanes":"4","oneway":"yes"}},{"type":"Feature","geometry":{"type":"LineString","coordinates":[[71.38174,51.14126],[71.38167,51.1411]]},"properties":{"layer":"road","districtId":"nura","osmType":"way","osmId":1175584962,"highway":"tertiary","name":"Әйтеке Би көшесі","bridge":null,"lanes":null,"oneway":"yes"}},{"type":"Feature","geometry":{"type":"LineString","coordinates":[[71.41169,51.09837],[71.41144,51.09787]]},"properties":{"layer":"road","districtId":"esil","osmType":"way","osmId":1177597012,"highway":"tertiary","name":"Хейдар Әлиев көшесі","bridge":null,"lanes":null,"oneway":"yes"}},{"type":"Feature","geometry":{"type":"LineString","coordinates":[[71.41161,51.09786],[71.41169,51.09837]]},"properties":{"layer":"road","districtId":"esil","osmType":"way","osmId":1177597013,"highway":"tertiary","name":"Хейдар Әлиев көшесі","bridge":null,"lanes":null,"oneway":"yes"}},{"type":"Feature","geometry":{"type":"LineString","coordinates":[[71.43891,51.08233],[71.43882,51.08208]]},"properties":{"layer":"road","districtId":"esil","osmType":"way","osmId":1177778803,"highway":"tertiary","name":null,"bridge":null,"lanes":null,"oneway":null}},{"type":"Feature","geometry":{"type":"LineString","coordinates":[[71.41697,51.09699],[71.41681,51.09701]]},"properties":{"layer":"road","districtId":"esil","osmType":"way","osmId":1177787637,"highway":"secondary","name":"Ұлы Дала даңғылы","bridge":null,"lanes":null,"oneway":"yes"}},{"type":"Feature","geometry":{"type":"LineString","coordinates":[[71.41681,51.09701],[71.41677,51.09689]]},"properties":{"layer":"road","districtId":"esil","osmType":"way","osmId":1177787638,"highway":"tertiary","name":"Ақмешіт көшесі","bridge":null,"lanes":null,"oneway":"yes"}},{"type":"Feature","geometry":{"type":"LineString","coordinates":[[71.42078,51.09669],[71.4208,51.09677]]},"properties":{"layer":"road","districtId":"esil","osmType":"way","osmId":1177858833,"highway":"secondary","name":"Түркістан көшесі","bridge":null,"lanes":null,"oneway":"yes"}},{"type":"Feature","geometry":{"type":"LineString","coordinates":[[71.55013,51.15008],[71.55003,51.1499],[71.55035,51.14985]]},"properties":{"layer":"road","districtId":"almaty","osmType":"way","osmId":1179893199,"highway":"secondary","name":"Әл-Фараби даңғылы","bridge":null,"lanes":null,"oneway":"yes"}},{"type":"Feature","geometry":{"type":"LineString","coordinates":[[71.38154,51.13002],[71.36217,51.13249]]},"properties":{"layer":"road","districtId":"nura","osmType":"way","osmId":1179911015,"highway":"secondary","name":"Сығанақ көшесі","bridge":null,"lanes":null,"oneway":"yes"}},{"type":"Feature","geometry":{"type":"LineString","coordinates":[[71.36212,51.13233],[71.372,51.13107]]},"properties":{"layer":"road","districtId":"nura","osmType":"way","osmId":1179911016,"highway":"secondary","name":"Сығанақ көшесі","bridge":null,"lanes":null,"oneway":"yes"}},{"type":"Feature","geometry":{"type":"LineString","coordinates":[[71.38593,51.13885],[71.38645,51.14012]]},"properties":{"layer":"road","districtId":"nura","osmType":"way","osmId":1180586947,"highway":"tertiary","name":"Әнет Баба көшесі","bridge":null,"lanes":"4","oneway":null}},{"type":"Feature","geometry":{"type":"LineString","coordinates":[[71.3999,51.13313],[71.39986,51.13301]]},"properties":{"layer":"road","districtId":"nura","osmType":"way","osmId":1181261286,"highway":"tertiary","name":"Е-308 көшесі","bridge":null,"lanes":"4","oneway":null}},{"type":"Feature","geometry":{"type":"LineString","coordinates":[[71.40546,51.12976],[71.40597,51.12963]]},"properties":{"layer":"road","districtId":"nura","osmType":"way","osmId":1181261287,"highway":"tertiary","name":"Достық көшесі","bridge":null,"lanes":"2","oneway":"yes"}},{"type":"Feature","geometry":{"type":"LineString","coordinates":[[71.40135,51.11753],[71.40138,51.11764]]},"properties":{"layer":"road","districtId":"nura","osmType":"way","osmId":1184292630,"highway":"primary","name":"Тұран даңғылы","bridge":null,"lanes":"3","oneway":"yes"}},{"type":"Feature","geometry":{"type":"LineString","coordinates":[[71.4395,51.173],[71.44055,51.17312]]},"properties":{"layer":"road","districtId":"baikonur","osmType":"way","osmId":1184292633,"highway":"tertiary","name":"Сәкен Сейфуллин көшесі","bridge":null,"lanes":null,"oneway":"yes"}},{"type":"Feature","geometry":{"type":"LineString","coordinates":[[71.44052,51.17319],[71.43835,51.17294]]},"properties":{"layer":"road","districtId":"baikonur","osmType":"way","osmId":1184292635,"highway":"tertiary","name":"Сәкен Сейфуллин көшесі","bridge":null,"lanes":null,"oneway":"yes"}},{"type":"Feature","geometry":{"type":"LineString","coordinates":[[71.436,51.12221],[71.43205,51.12281]]},"properties":{"layer":"road","districtId":"esil","osmType":"way","osmId":1186144308,"highway":"secondary","name":"Сығанақ көшесі","bridge":null,"lanes":"4","oneway":"yes"}},{"type":"Feature","geometry":{"type":"LineString","coordinates":[[71.43849,51.13262],[71.43677,51.13293]]},"properties":{"layer":"road","districtId":"esil","osmType":"way","osmId":1186145847,"highway":"secondary","name":"Сарайшық көшесі","bridge":"yes","lanes":"4","oneway":"yes"}},{"type":"Feature","geometry":{"type":"LineString","coordinates":[[71.43673,51.13281],[71.43845,51.13249]]},"properties":{"layer":"road","districtId":"esil","osmType":"way","osmId":1186145848,"highway":"secondary","name":"Сарайшық көшесі","bridge":"yes","lanes":null,"oneway":"yes"}},{"type":"Feature","geometry":{"type":"LineString","coordinates":[[71.50537,51.0962],[71.50637,51.09581],[71.50754,51.0958]]},"properties":{"layer":"road","districtId":"esil","osmType":"way","osmId":1187554721,"highway":"tertiary","name":null,"bridge":null,"lanes":null,"oneway":null}},{"type":"Feature","geometry":{"type":"LineString","coordinates":[[71.52019,51.15427],[71.51593,51.14997]]},"properties":{"layer":"road","districtId":"almaty","osmType":"way","osmId":1189110902,"highway":"tertiary","name":"Бурабай көшесі","bridge":null,"lanes":null,"oneway":null}},{"type":"Feature","geometry":{"type":"LineString","coordinates":[[71.51593,51.14997],[71.51033,51.15211]]},"properties":{"layer":"road","districtId":"almaty","osmType":"way","osmId":1189110903,"highway":"secondary","name":"Шәкәрім Құдайбердіұлы даңғылы","bridge":null,"lanes":"6","oneway":null}},{"type":"Feature","geometry":{"type":"LineString","coordinates":[[71.52889,51.14495],[71.52448,51.14039]]},"properties":{"layer":"road","districtId":"almaty","osmType":"way","osmId":1189111275,"highway":"secondary","name":"Рақымжан Қошқарбаев даңғылы","bridge":null,"lanes":"3","oneway":"yes"}},{"type":"Feature","geometry":{"type":"LineString","coordinates":[[71.52584,51.14612],[71.51821,51.14909]]},"properties":{"layer":"road","districtId":"almaty","osmType":"way","osmId":1189111278,"highway":"secondary","name":"Шәкәрім Құдайбердіұлы даңғылы","bridge":null,"lanes":"6","oneway":null}},{"type":"Feature","geometry":{"type":"LineString","coordinates":[[71.42903,51.17785],[71.42401,51.17731]]},"properties":{"layer":"road","districtId":"saryarka","osmType":"way","osmId":1189549185,"highway":"primary","name":"Бөгенбай Батыр даңғылы","bridge":null,"lanes":"4","oneway":"yes"}},{"type":"Feature","geometry":{"type":"LineString","coordinates":[[71.40273,51.12739],[71.39611,51.12821]]},"properties":{"layer":"road","districtId":"nura","osmType":"way","osmId":1189551423,"highway":"secondary","name":"Сығанақ көшесі","bridge":null,"lanes":"4","oneway":"yes"}},{"type":"Feature","geometry":{"type":"LineString","coordinates":[[71.39611,51.12821],[71.39552,51.12829]]},"properties":{"layer":"road","districtId":"nura","osmType":"way","osmId":1189551426,"highway":"secondary","name":"Сығанақ көшесі","bridge":null,"lanes":null,"oneway":"yes"}},{"type":"Feature","geometry":{"type":"LineString","coordinates":[[71.46514,51.14607],[71.46369,51.14609]]},"properties":{"layer":"road","districtId":"almaty","osmType":"way","osmId":1189555402,"highway":"tertiary","name":"Күйші Дина көшесі","bridge":null,"lanes":null,"oneway":null}},{"type":"Feature","geometry":{"type":"LineString","coordinates":[[71.4697,51.14579],[71.46785,51.14592]]},"properties":{"layer":"road","districtId":"almaty","osmType":"way","osmId":1189555403,"highway":"tertiary","name":"Күйші Дина көшесі","bridge":null,"lanes":null,"oneway":null}},{"type":"Feature","geometry":{"type":"LineString","coordinates":[[71.47008,51.1458],[71.4697,51.14579]]},"properties":{"layer":"road","districtId":"almaty","osmType":"way","osmId":1189555404,"highway":"tertiary","name":"Күйші Дина көшесі","bridge":null,"lanes":null,"oneway":null}},{"type":"Feature","geometry":{"type":"LineString","coordinates":[[71.4759,51.14747],[71.47242,51.14647]]},"properties":{"layer":"road","districtId":"almaty","osmType":"way","osmId":1189555405,"highway":"tertiary","name":"Күйші Дина көшесі","bridge":null,"lanes":null,"oneway":null}},{"type":"Feature","geometry":{"type":"LineString","coordinates":[[71.47709,51.14586],[71.47627,51.14698]]},"properties":{"layer":"road","districtId":"almaty","osmType":"way","osmId":1189555406,"highway":"tertiary","name":"Жирентаев көшесі","bridge":null,"lanes":null,"oneway":null}},{"type":"Feature","geometry":{"type":"LineString","coordinates":[[71.44452,51.09763],[71.45093,51.09672]]},"properties":{"layer":"road","districtId":"esil","osmType":"way","osmId":1195526893,"highway":"tertiary","name":"Бұқар Жырау көшесі","bridge":null,"lanes":null,"oneway":null}},{"type":"Feature","geometry":{"type":"LineString","coordinates":[[71.62797,51.13542],[71.62332,51.12993]]},"properties":{"layer":"road","districtId":"almaty","osmType":"way","osmId":1198922580,"highway":"trunk","name":"Астана айналма жолы","bridge":null,"lanes":"1","oneway":"yes"}},{"type":"Feature","geometry":{"type":"LineString","coordinates":[[71.47754,51.19828],[71.47768,51.19843],[71.47742,51.19866]]},"properties":{"layer":"road","districtId":"baikonur","osmType":"way","osmId":1202676881,"highway":"secondary","name":null,"bridge":null,"lanes":null,"oneway":null}},{"type":"Feature","geometry":{"type":"LineString","coordinates":[[71.55111,51.15021],[71.55039,51.15004]]},"properties":{"layer":"road","districtId":"almaty","osmType":"way","osmId":1203401847,"highway":"secondary","name":"Әл-Фараби даңғылы","bridge":null,"lanes":null,"oneway":"yes"}},{"type":"Feature","geometry":{"type":"LineString","coordinates":[[71.55043,51.14992],[71.55111,51.15021]]},"properties":{"layer":"road","districtId":"almaty","osmType":"way","osmId":1203401848,"highway":"secondary","name":"Әл-Фараби даңғылы","bridge":null,"lanes":null,"oneway":"yes"}},{"type":"Feature","geometry":{"type":"LineString","coordinates":[[71.54956,51.14993],[71.55007,51.14987]]},"properties":{"layer":"road","districtId":"almaty","osmType":"way","osmId":1203401849,"highway":"secondary","name":"Әл-Фараби даңғылы","bridge":null,"lanes":"1","oneway":"yes"}},{"type":"Feature","geometry":{"type":"LineString","coordinates":[[71.55004,51.15002],[71.54956,51.15001]]},"properties":{"layer":"road","districtId":"almaty","osmType":"way","osmId":1203401850,"highway":"secondary","name":"Әл-Фараби даңғылы","bridge":null,"lanes":"1","oneway":"yes"}},{"type":"Feature","geometry":{"type":"LineString","coordinates":[[71.55035,51.14985],[71.55039,51.15004],[71.55013,51.15008]]},"properties":{"layer":"road","districtId":"almaty","osmType":"way","osmId":1204810169,"highway":"secondary","name":"Әл-Фараби даңғылы","bridge":null,"lanes":null,"oneway":"yes"}},{"type":"Feature","geometry":{"type":"LineString","coordinates":[[71.49705,51.09357],[71.49753,51.09266],[71.49836,51.08281],[71.49904,51.08194],[71.50212,51.08075]]},"properties":{"layer":"road","districtId":"esil","osmType":"way","osmId":1205394772,"highway":"tertiary","name":null,"bridge":null,"lanes":null,"oneway":null}},{"type":"Feature","geometry":{"type":"LineString","coordinates":[[71.41154,51.09764],[71.41158,51.09776]]},"properties":{"layer":"road","districtId":"esil","osmType":"way","osmId":1209334507,"highway":"tertiary","name":"Хейдар Әлиев көшесі","bridge":null,"lanes":null,"oneway":"yes"}},{"type":"Feature","geometry":{"type":"LineString","coordinates":[[71.41141,51.09778],[71.41137,51.09766]]},"properties":{"layer":"road","districtId":"esil","osmType":"way","osmId":1209334508,"highway":"tertiary","name":"Хейдар Әлиев көшесі","bridge":null,"lanes":null,"oneway":"yes"}},{"type":"Feature","geometry":{"type":"LineString","coordinates":[[71.50664,51.08662],[71.51767,51.08984]]},"properties":{"layer":"road","districtId":"esil","osmType":"way","osmId":1210668658,"highway":"tertiary","name":null,"bridge":null,"lanes":null,"oneway":null}},{"type":"Feature","geometry":{"type":"LineString","coordinates":[[71.48614,51.08774],[71.48531,51.08753]]},"properties":{"layer":"road","districtId":"esil","osmType":"way","osmId":1214275394,"highway":"secondary","name":"Ұлы Дала даңғылы","bridge":null,"lanes":null,"oneway":"yes"}},{"type":"Feature","geometry":{"type":"LineString","coordinates":[[71.49816,51.08416],[71.50664,51.08662]]},"properties":{"layer":"road","districtId":"esil","osmType":"way","osmId":1214282812,"highway":"tertiary","name":null,"bridge":null,"lanes":null,"oneway":null}},{"type":"Feature","geometry":{"type":"LineString","coordinates":[[71.50754,51.0958],[71.51121,51.09678],[71.5128,51.0969],[71.52033,51.08597]]},"properties":{"layer":"road","districtId":"esil","osmType":"way","osmId":1214282815,"highway":"tertiary","name":null,"bridge":null,"lanes":null,"oneway":null}},{"type":"Feature","geometry":{"type":"LineString","coordinates":[[71.48674,51.12615],[71.48528,51.12829]]},"properties":{"layer":"road","districtId":"almaty","osmType":"way","osmId":1214445175,"highway":"tertiary","name":"Сағадат Нұрмағамбетов көшесі","bridge":null,"lanes":null,"oneway":"yes"}},{"type":"Feature","geometry":{"type":"LineString","coordinates":[[71.37545,51.10292],[71.36706,51.10411]]},"properties":{"layer":"road","districtId":"nura","osmType":"way","osmId":1232402290,"highway":"tertiary","name":"Ұлы Дала даңғылы","bridge":null,"lanes":null,"oneway":"yes"}},{"type":"Feature","geometry":{"type":"LineString","coordinates":[[71.43851,51.08117],[71.43788,51.07945]]},"properties":{"layer":"road","districtId":"esil","osmType":"way","osmId":1252789300,"highway":"tertiary","name":"Қасым Қайсенов көшесі","bridge":null,"lanes":null,"oneway":null}},{"type":"Feature","geometry":{"type":"LineString","coordinates":[[71.38234,51.12974],[71.38242,51.12992]]},"properties":{"layer":"road","districtId":"nura","osmType":"way","osmId":1293849869,"highway":"tertiary","name":null,"bridge":null,"lanes":null,"oneway":null}},{"type":"Feature","geometry":{"type":"LineString","coordinates":[[71.46181,51.02955],[71.46228,51.02894]]},"properties":{"layer":"road","districtId":"esil","osmType":"way","osmId":1303575010,"highway":"tertiary","name":null,"bridge":null,"lanes":null,"oneway":"yes"}},{"type":"Feature","geometry":{"type":"LineString","coordinates":[[71.3968,51.13095],[71.39614,51.12914]]},"properties":{"layer":"road","districtId":"nura","osmType":"way","osmId":1318422301,"highway":"tertiary","name":"Төле Би көшесі","bridge":null,"lanes":null,"oneway":null}},{"type":"Feature","geometry":{"type":"LineString","coordinates":[[71.3967,51.13068],[71.39725,51.13088]]},"properties":{"layer":"road","districtId":"nura","osmType":"way","osmId":1318423477,"highway":"tertiary","name":null,"bridge":null,"lanes":null,"oneway":"yes"}},{"type":"Feature","geometry":{"type":"LineString","coordinates":[[71.39635,51.13102],[71.3967,51.13068]]},"properties":{"layer":"road","districtId":"nura","osmType":"way","osmId":1318423478,"highway":"tertiary","name":null,"bridge":null,"lanes":null,"oneway":"yes"}},{"type":"Feature","geometry":{"type":"LineString","coordinates":[[71.39576,51.12809],[71.40284,51.12722]]},"properties":{"layer":"road","districtId":"nura","osmType":"way","osmId":1328815797,"highway":"secondary","name":"Сығанақ көшесі","bridge":null,"lanes":"4","oneway":"yes"}},{"type":"Feature","geometry":{"type":"LineString","coordinates":[[71.49586,51.13146],[71.50369,51.13368]]},"properties":{"layer":"road","districtId":"almaty","osmType":"way","osmId":1348755690,"highway":"secondary","name":"Айнакөл көшесі","bridge":null,"lanes":null,"oneway":null}},{"type":"Feature","geometry":{"type":"LineString","coordinates":[[71.39614,51.12914],[71.39611,51.12907]]},"properties":{"layer":"road","districtId":"nura","osmType":"way","osmId":1348755701,"highway":"tertiary","name":null,"bridge":null,"lanes":null,"oneway":null}},{"type":"Feature","geometry":{"type":"LineString","coordinates":[[71.43199,51.09958],[71.43251,51.1009]]},"properties":{"layer":"road","districtId":"esil","osmType":"way","osmId":1348755703,"highway":"tertiary","name":"Әлихан Бөкейхан көшесі","bridge":null,"lanes":null,"oneway":null}},{"type":"Feature","geometry":{"type":"LineString","coordinates":[[71.44982,51.09221],[71.4499,51.09245]]},"properties":{"layer":"road","districtId":"esil","osmType":"way","osmId":1348755710,"highway":"secondary","name":"Әл-Фараби даңғылы","bridge":null,"lanes":null,"oneway":"yes"}},{"type":"Feature","geometry":{"type":"LineString","coordinates":[[71.44966,51.09248],[71.44958,51.09225]]},"properties":{"layer":"road","districtId":"esil","osmType":"way","osmId":1348755711,"highway":"secondary","name":"Әл-Фараби даңғылы","bridge":null,"lanes":null,"oneway":"yes"}},{"type":"Feature","geometry":{"type":"LineString","coordinates":[[71.41271,51.08718],[71.41284,51.08726]]},"properties":{"layer":"road","districtId":"esil","osmType":"way","osmId":1348755713,"highway":"tertiary","name":null,"bridge":null,"lanes":null,"oneway":null}},{"type":"Feature","geometry":{"type":"LineString","coordinates":[[71.34608,51.17786],[71.34522,51.1774]]},"properties":{"layer":"road","districtId":"saryarka","osmType":"way","osmId":1353637617,"highway":"tertiary","name":null,"bridge":null,"lanes":null,"oneway":"no"}},{"type":"Feature","geometry":{"type":"LineString","coordinates":[[71.54057,51.15216],[71.53905,51.1527]]},"properties":{"layer":"road","districtId":"almaty","osmType":"way","osmId":1353724061,"highway":"secondary","name":"Ақжол даңғылы","bridge":null,"lanes":null,"oneway":"yes"}},{"type":"Feature","geometry":{"type":"LineString","coordinates":[[71.41937,51.14215],[71.41812,51.14016]]},"properties":{"layer":"road","districtId":"nura","osmType":"way","osmId":1364232974,"highway":"secondary","name":"Қабанбай Батыр даңғылы","bridge":null,"lanes":"5","oneway":null}},{"type":"Feature","geometry":{"type":"LineString","coordinates":[[71.43542,51.18079],[71.43578,51.17962],[71.43664,51.17872]]},"properties":{"layer":"road","districtId":"saryarka","osmType":"way","osmId":1376683976,"highway":"tertiary","name":"Шоқан Уәлиханов көшесі","bridge":null,"lanes":null,"oneway":"no"}},{"type":"Feature","geometry":{"type":"LineString","coordinates":[[71.41051,51.20066],[71.41047,51.20075]]},"properties":{"layer":"road","districtId":"baikonur","osmType":"way","osmId":1376683977,"highway":"secondary","name":"Үшқоңыр көшесі","bridge":"yes","lanes":null,"oneway":null}},{"type":"Feature","geometry":{"type":"LineString","coordinates":[[71.40979,51.16318],[71.40952,51.16316]]},"properties":{"layer":"road","districtId":"saryarka","osmType":"way","osmId":1387032218,"highway":"tertiary","name":"Кенесары көшесі","bridge":null,"lanes":"5","oneway":null}},{"type":"Feature","geometry":{"type":"LineString","coordinates":[[71.36161,51.1324],[71.36156,51.13226]]},"properties":{"layer":"road","districtId":"nura","osmType":"way","osmId":1392499730,"highway":"tertiary","name":"Шыңғыс Айтматов көшесі","bridge":null,"lanes":null,"oneway":"yes"}},{"type":"Feature","geometry":{"type":"LineString","coordinates":[[71.39958,51.11324],[71.39998,51.11319]]},"properties":{"layer":"road","districtId":"nura","osmType":"way","osmId":1392843752,"highway":"tertiary","name":"Орынбор көшесі","bridge":null,"lanes":"4","oneway":null}},{"type":"Feature","geometry":{"type":"LineString","coordinates":[[71.36188,51.13236],[71.36212,51.13233]]},"properties":{"layer":"road","districtId":"nura","osmType":"way","osmId":1393750056,"highway":"secondary","name":"Сығанақ көшесі","bridge":null,"lanes":null,"oneway":"yes"}},{"type":"Feature","geometry":{"type":"LineString","coordinates":[[71.36217,51.13249],[71.36193,51.13253]]},"properties":{"layer":"road","districtId":"nura","osmType":"way","osmId":1393750057,"highway":"secondary","name":"Сығанақ көшесі","bridge":null,"lanes":null,"oneway":"yes"}},{"type":"Feature","geometry":{"type":"LineString","coordinates":[[71.36193,51.13253],[71.36199,51.13265]]},"properties":{"layer":"road","districtId":"nura","osmType":"way","osmId":1393750058,"highway":"secondary","name":"Шыңғыс Айтматов көшесі","bridge":null,"lanes":null,"oneway":"yes"}},{"type":"Feature","geometry":{"type":"LineString","coordinates":[[71.36173,51.13268],[71.36161,51.1324]]},"properties":{"layer":"road","districtId":"nura","osmType":"way","osmId":1393750059,"highway":"secondary","name":"Шыңғыс Айтматов көшесі","bridge":null,"lanes":null,"oneway":"yes"}},{"type":"Feature","geometry":{"type":"LineString","coordinates":[[71.36182,51.13221],[71.36188,51.13236]]},"properties":{"layer":"road","districtId":"nura","osmType":"way","osmId":1393750062,"highway":"tertiary","name":"Шыңғыс Айтматов көшесі","bridge":null,"lanes":null,"oneway":"yes"}},{"type":"Feature","geometry":{"type":"LineString","coordinates":[[71.38645,51.14012],[71.38655,51.14042]]},"properties":{"layer":"road","districtId":"nura","osmType":"way","osmId":1394472931,"highway":"tertiary","name":"Әнет Баба көшесі","bridge":null,"lanes":"4","oneway":null}},{"type":"Feature","geometry":{"type":"LineString","coordinates":[[71.47585,51.07327],[71.48367,51.07364],[71.48733,51.074]]},"properties":{"layer":"road","districtId":"esil","osmType":"way","osmId":1396827256,"highway":"tertiary","name":null,"bridge":null,"lanes":null,"oneway":null}},{"type":"Feature","geometry":{"type":"LineString","coordinates":[[71.39684,51.14729],[71.39688,51.14743]]},"properties":{"layer":"road","districtId":"nura","osmType":"way","osmId":1409787467,"highway":"primary","name":null,"bridge":null,"lanes":null,"oneway":"yes"}},{"type":"Feature","geometry":{"type":"LineString","coordinates":[[71.39688,51.14743],[71.39667,51.14732]]},"properties":{"layer":"road","districtId":"nura","osmType":"way","osmId":1409787468,"highway":"primary","name":null,"bridge":null,"lanes":null,"oneway":"yes"}},{"type":"Feature","geometry":{"type":"LineString","coordinates":[[71.34039,51.18966],[71.34512,51.1885]]},"properties":{"layer":"road","districtId":"saryarka","osmType":"way","osmId":1410839110,"highway":"primary","name":"Нұрғиса Тілендиев даңғылы","bridge":null,"lanes":"3","oneway":"yes"}},{"type":"Feature","geometry":{"type":"LineString","coordinates":[[71.33416,51.19136],[71.32175,51.19439]]},"properties":{"layer":"road","districtId":"saryarka","osmType":"way","osmId":1410839111,"highway":"primary","name":"Нұрғиса Тілендиев даңғылы","bridge":null,"lanes":"3","oneway":"yes"}},{"type":"Feature","geometry":{"type":"LineString","coordinates":[[71.42204,51.10081],[71.41839,51.10114]]},"properties":{"layer":"road","districtId":"esil","osmType":"way","osmId":1411377341,"highway":"tertiary","name":"Бұқар Жырау көшесі","bridge":null,"lanes":null,"oneway":"no"}},{"type":"Feature","geometry":{"type":"LineString","coordinates":[[71.40763,51.18811],[71.40704,51.19023]]},"properties":{"layer":"road","districtId":"saryarka","osmType":"way","osmId":1412103533,"highway":"secondary","name":"Жеңіс даңғылы","bridge":null,"lanes":"7","oneway":"no"}},{"type":"Feature","geometry":{"type":"LineString","coordinates":[[71.40849,51.18514],[71.40766,51.18799]]},"properties":{"layer":"road","districtId":"saryarka","osmType":"way","osmId":1412103534,"highway":"secondary","name":"Жеңіс даңғылы","bridge":null,"lanes":"7","oneway":"no"}},{"type":"Feature","geometry":{"type":"LineString","coordinates":[[71.40875,51.18529],[71.41105,51.18554]]},"properties":{"layer":"road","districtId":"saryarka","osmType":"way","osmId":1412103535,"highway":"tertiary","name":"Әлия Молдағұлова көшесі","bridge":null,"lanes":"2","oneway":null}},{"type":"Feature","geometry":{"type":"LineString","coordinates":[[71.40815,51.18521],[71.40875,51.18529]]},"properties":{"layer":"road","districtId":"saryarka","osmType":"way","osmId":1412103536,"highway":"tertiary","name":"Әлия Молдағұлова көшесі","bridge":null,"lanes":"2","oneway":null}},{"type":"Feature","geometry":{"type":"LineString","coordinates":[[71.40766,51.18799],[71.40744,51.18797]]},"properties":{"layer":"road","districtId":"saryarka","osmType":"way","osmId":1412930827,"highway":"tertiary","name":"Григорий Потанин көшесі","bridge":null,"lanes":null,"oneway":null}},{"type":"Feature","geometry":{"type":"LineString","coordinates":[[71.40795,51.18801],[71.40766,51.18799]]},"properties":{"layer":"road","districtId":"saryarka","osmType":"way","osmId":1412930828,"highway":"tertiary","name":"Ыбырай Алтынсарин көшесі","bridge":null,"lanes":null,"oneway":null}},{"type":"Feature","geometry":{"type":"LineString","coordinates":[[71.40766,51.18799],[71.40763,51.18811]]},"properties":{"layer":"road","districtId":"saryarka","osmType":"way","osmId":1412930829,"highway":"secondary","name":"Жеңіс даңғылы","bridge":null,"lanes":"7","oneway":"no"}},{"type":"Feature","geometry":{"type":"LineString","coordinates":[[71.39656,51.14734],[71.40518,51.14603]]},"properties":{"layer":"road","districtId":"nura","osmType":"way","osmId":1414606577,"highway":"primary","name":"Қорғалжын тас жолы","bridge":null,"lanes":"3","oneway":"yes"}},{"type":"Feature","geometry":{"type":"LineString","coordinates":[[71.40577,51.14607],[71.39661,51.14748]]},"properties":{"layer":"road","districtId":"nura","osmType":"way","osmId":1414606578,"highway":"primary","name":"Қорғалжын тас жолы","bridge":null,"lanes":"3","oneway":"yes"}},{"type":"Feature","geometry":{"type":"LineString","coordinates":[[71.50414,51.1476],[71.50362,51.1478]]},"properties":{"layer":"road","districtId":"almaty","osmType":"way","osmId":1414615361,"highway":"primary","name":"Абылай Хан даңғылы","bridge":null,"lanes":"6","oneway":null}},{"type":"Feature","geometry":{"type":"LineString","coordinates":[[71.50557,51.14705],[71.50505,51.14726]]},"properties":{"layer":"road","districtId":"almaty","osmType":"way","osmId":1414615362,"highway":"primary","name":"Абылай Хан даңғылы","bridge":null,"lanes":"4","oneway":null}},{"type":"Feature","geometry":{"type":"LineString","coordinates":[[71.5038,51.14751],[71.50383,51.14772]]},"properties":{"layer":"road","districtId":"almaty","osmType":"way","osmId":1414615364,"highway":"secondary","name":"Бауыржан Момышұлы даңғылы","bridge":null,"lanes":"3","oneway":"yes"}},{"type":"Feature","geometry":{"type":"LineString","coordinates":[[71.41245,51.12208],[71.41221,51.12067]]},"properties":{"layer":"road","districtId":"esil","osmType":"way","osmId":1414638424,"highway":"secondary","name":"Қабанбай Батыр даңғылы","bridge":null,"lanes":"6","oneway":null}},{"type":"Feature","geometry":{"type":"LineString","coordinates":[[71.41245,51.12208],[71.41249,51.12233]]},"properties":{"layer":"road","districtId":"esil","osmType":"way","osmId":1414638425,"highway":"secondary","name":"Қабанбай Батыр даңғылы","bridge":null,"lanes":"6","oneway":null}},{"type":"Feature","geometry":{"type":"LineString","coordinates":[[71.42675,51.12377],[71.4267,51.12364]]},"properties":{"layer":"road","districtId":"esil","osmType":"way","osmId":1414760522,"highway":"secondary","name":"Ақмешіт көшесі","bridge":null,"lanes":"4","oneway":null}},{"type":"Feature","geometry":{"type":"LineString","coordinates":[[71.42662,51.12343],[71.42659,51.12336]]},"properties":{"layer":"road","districtId":"esil","osmType":"way","osmId":1414760523,"highway":"secondary","name":"Ақмешіт көшесі","bridge":null,"lanes":"4","oneway":null}},{"type":"Feature","geometry":{"type":"LineString","coordinates":[[71.4267,51.12364],[71.42647,51.12368]]},"properties":{"layer":"road","districtId":"esil","osmType":"way","osmId":1414760527,"highway":"secondary","name":"Сығанақ көшесі","bridge":null,"lanes":"4","oneway":"yes"}},{"type":"Feature","geometry":{"type":"LineString","coordinates":[[71.42692,51.1236],[71.4267,51.12364]]},"properties":{"layer":"road","districtId":"esil","osmType":"way","osmId":1414760528,"highway":"secondary","name":"Сығанақ көшесі","bridge":null,"lanes":"4","oneway":"yes"}},{"type":"Feature","geometry":{"type":"LineString","coordinates":[[71.42637,51.12347],[71.42662,51.12343]]},"properties":{"layer":"road","districtId":"esil","osmType":"way","osmId":1414760529,"highway":"secondary","name":"Сығанақ көшесі","bridge":null,"lanes":null,"oneway":"yes"}},{"type":"Feature","geometry":{"type":"LineString","coordinates":[[71.42659,51.12336],[71.42645,51.12301]]},"properties":{"layer":"road","districtId":"esil","osmType":"way","osmId":1414761920,"highway":"secondary","name":"Ақмешіт көшесі","bridge":null,"lanes":"4","oneway":null}},{"type":"Feature","geometry":{"type":"LineString","coordinates":[[71.52584,51.14612],[71.52889,51.14495]]},"properties":{"layer":"road","districtId":"almaty","osmType":"way","osmId":1414813589,"highway":"secondary","name":"Шәкәрім Құдайбердіұлы даңғылы","bridge":null,"lanes":"6","oneway":null}},{"type":"Feature","geometry":{"type":"LineString","coordinates":[[71.52995,51.14764],[71.52992,51.14636],[71.52889,51.14495]]},"properties":{"layer":"road","districtId":"almaty","osmType":"way","osmId":1414813590,"highway":"secondary","name":"Рақымжан Қошқарбаев даңғылы","bridge":null,"lanes":"3","oneway":"yes"}},{"type":"Feature","geometry":{"type":"LineString","coordinates":[[71.40587,51.09845],[71.40629,51.0984]]},"properties":{"layer":"road","districtId":"esil","osmType":"way","osmId":1414876057,"highway":"secondary","name":"Ұлы Дала даңғылы","bridge":null,"lanes":"2","oneway":"yes"}},{"type":"Feature","geometry":{"type":"LineString","coordinates":[[71.40561,51.09849],[71.40587,51.09845]]},"properties":{"layer":"road","districtId":"esil","osmType":"way","osmId":1414876058,"highway":"secondary","name":"Ұлы Дала даңғылы","bridge":null,"lanes":null,"oneway":"yes"}},{"type":"Feature","geometry":{"type":"LineString","coordinates":[[71.40633,51.09851],[71.40591,51.09857]]},"properties":{"layer":"road","districtId":"esil","osmType":"way","osmId":1414876063,"highway":"secondary","name":"Ұлы Дала даңғылы","bridge":null,"lanes":null,"oneway":"yes"}},{"type":"Feature","geometry":{"type":"LineString","coordinates":[[71.40591,51.09857],[71.40565,51.0986]]},"properties":{"layer":"road","districtId":"nura","osmType":"way","osmId":1414876064,"highway":"secondary","name":"Ұлы Дала даңғылы","bridge":null,"lanes":null,"oneway":"yes"}},{"type":"Feature","geometry":{"type":"LineString","coordinates":[[71.41158,51.09776],[71.41161,51.09786]]},"properties":{"layer":"road","districtId":"esil","osmType":"way","osmId":1414876065,"highway":"tertiary","name":"Хейдар Әлиев көшесі","bridge":null,"lanes":null,"oneway":"yes"}},{"type":"Feature","geometry":{"type":"LineString","coordinates":[[71.41144,51.09787],[71.41141,51.09778]]},"properties":{"layer":"road","districtId":"esil","osmType":"way","osmId":1414876066,"highway":"tertiary","name":"Хейдар Әлиев көшесі","bridge":null,"lanes":null,"oneway":"yes"}},{"type":"Feature","geometry":{"type":"LineString","coordinates":[[71.41166,51.09775],[71.41158,51.09776]]},"properties":{"layer":"road","districtId":"esil","osmType":"way","osmId":1414876067,"highway":"secondary","name":"Ұлы Дала даңғылы","bridge":null,"lanes":null,"oneway":"yes"}},{"type":"Feature","geometry":{"type":"LineString","coordinates":[[71.41141,51.09778],[71.41124,51.09781]]},"properties":{"layer":"road","districtId":"esil","osmType":"way","osmId":1414876068,"highway":"secondary","name":"Ұлы Дала даңғылы","bridge":null,"lanes":null,"oneway":"yes"}},{"type":"Feature","geometry":{"type":"LineString","coordinates":[[71.41119,51.09769],[71.41164,51.09763]]},"properties":{"layer":"road","districtId":"esil","osmType":"way","osmId":1414876069,"highway":"secondary","name":"Ұлы Дала даңғылы","bridge":null,"lanes":"2","oneway":"yes"}},{"type":"Feature","geometry":{"type":"LineString","coordinates":[[71.40629,51.0984],[71.41119,51.09769]]},"properties":{"layer":"road","districtId":"esil","osmType":"way","osmId":1414876070,"highway":"secondary","name":"Ұлы Дала даңғылы","bridge":null,"lanes":"2","oneway":"yes"}},{"type":"Feature","geometry":{"type":"LineString","coordinates":[[71.41147,51.09745],[71.41154,51.09764]]},"properties":{"layer":"road","districtId":"esil","osmType":"way","osmId":1414876071,"highway":"tertiary","name":"Хейдар Әлиев көшесі","bridge":null,"lanes":null,"oneway":"yes"}},{"type":"Feature","geometry":{"type":"LineString","coordinates":[[71.41137,51.09766],[71.4113,51.09748]]},"properties":{"layer":"road","districtId":"esil","osmType":"way","osmId":1414876072,"highway":"tertiary","name":"Хейдар Әлиев көшесі","bridge":null,"lanes":null,"oneway":"yes"}},{"type":"Feature","geometry":{"type":"LineString","coordinates":[[71.4227,51.08341],[71.4225,51.08344]]},"properties":{"layer":"road","districtId":"esil","osmType":"way","osmId":1420033984,"highway":"tertiary","name":"Тұрар Рысқұлов көшесі","bridge":null,"lanes":"4","oneway":null}},{"type":"Feature","geometry":{"type":"LineString","coordinates":[[71.40829,51.13628],[71.40805,51.13569]]},"properties":{"layer":"road","districtId":"nura","osmType":"way","osmId":1420153728,"highway":"primary","name":"Тұран даңғылы","bridge":null,"lanes":"7","oneway":null}},{"type":"Feature","geometry":{"type":"LineString","coordinates":[[71.4095,51.13402],[71.40777,51.13429]]},"properties":{"layer":"road","districtId":"nura","osmType":"way","osmId":1420153729,"highway":"secondary","name":"Қонаев көшесі","bridge":null,"lanes":"6","oneway":null}},{"type":"Feature","geometry":{"type":"LineString","coordinates":[[71.41618,51.18886],[71.41604,51.18885]]},"properties":{"layer":"road","districtId":"saryarka","osmType":"way","osmId":1426819120,"highway":"tertiary","name":"Ілияс Есенберлин көшесі","bridge":null,"lanes":"2","oneway":null}},{"type":"Feature","geometry":{"type":"LineString","coordinates":[[71.41653,51.1889],[71.41618,51.18886]]},"properties":{"layer":"road","districtId":"saryarka","osmType":"way","osmId":1426819121,"highway":"tertiary","name":"Ілияс Есенберлин көшесі","bridge":null,"lanes":"2","oneway":null}},{"type":"Feature","geometry":{"type":"LineString","coordinates":[[71.41327,51.16819],[71.41318,51.16848]]},"properties":{"layer":"road","districtId":"saryarka","osmType":"way","osmId":1426837783,"highway":"secondary","name":"Жеңіс даңғылы","bridge":null,"lanes":"5","oneway":"no"}},{"type":"Feature","geometry":{"type":"LineString","coordinates":[[71.41318,51.16848],[71.41296,51.16915]]},"properties":{"layer":"road","districtId":"saryarka","osmType":"way","osmId":1426837784,"highway":"secondary","name":"Жеңіс даңғылы","bridge":null,"lanes":"5","oneway":"no"}},{"type":"Feature","geometry":{"type":"LineString","coordinates":[[71.4135,51.16752],[71.41327,51.16819]]},"properties":{"layer":"road","districtId":"saryarka","osmType":"way","osmId":1426837785,"highway":"secondary","name":"Жеңіс даңғылы","bridge":null,"lanes":"5","oneway":"no"}},{"type":"Feature","geometry":{"type":"LineString","coordinates":[[71.41374,51.1668],[71.4135,51.16752]]},"properties":{"layer":"road","districtId":"saryarka","osmType":"way","osmId":1426837786,"highway":"secondary","name":"Жеңіс даңғылы","bridge":null,"lanes":"5","oneway":"no"}},{"type":"Feature","geometry":{"type":"LineString","coordinates":[[71.41437,51.17317],[71.41603,51.17335]]},"properties":{"layer":"road","districtId":"saryarka","osmType":"way","osmId":1426839223,"highway":"tertiary","name":"Әліби Жангелдин көшесі","bridge":null,"lanes":"4","oneway":null}},{"type":"Feature","geometry":{"type":"LineString","coordinates":[[71.4211,51.18759],[71.42108,51.18768]]},"properties":{"layer":"road","districtId":"saryarka","osmType":"way","osmId":1426840603,"highway":"secondary","name":"Республика даңғылы","bridge":null,"lanes":"4","oneway":"no"}},{"type":"Feature","geometry":{"type":"LineString","coordinates":[[71.42163,51.18503],[71.42149,51.18564]]},"properties":{"layer":"road","districtId":"saryarka","osmType":"way","osmId":1426843895,"highway":"secondary","name":"Республика даңғылы","bridge":null,"lanes":"4","oneway":"no"}},{"type":"Feature","geometry":{"type":"LineString","coordinates":[[71.42387,51.17777],[71.42275,51.18136]]},"properties":{"layer":"road","districtId":"saryarka","osmType":"way","osmId":1426843896,"highway":"secondary","name":"Республика даңғылы","bridge":null,"lanes":"4","oneway":"no"}},{"type":"Feature","geometry":{"type":"LineString","coordinates":[[71.41107,51.17585],[71.4107,51.17707]]},"properties":{"layer":"road","districtId":"saryarka","osmType":"way","osmId":1426844437,"highway":"secondary","name":"Жеңіс даңғылы","bridge":null,"lanes":"7","oneway":"no"}},{"type":"Feature","geometry":{"type":"LineString","coordinates":[[71.41153,51.17423],[71.41111,51.1757]]},"properties":{"layer":"road","districtId":"saryarka","osmType":"way","osmId":1426844438,"highway":"secondary","name":"Жеңіс даңғылы","bridge":null,"lanes":"6","oneway":"no"}},{"type":"Feature","geometry":{"type":"LineString","coordinates":[[71.42275,51.18136],[71.42163,51.18503]]},"properties":{"layer":"road","districtId":"saryarka","osmType":"way","osmId":1426845963,"highway":"secondary","name":"Республика даңғылы","bridge":null,"lanes":"4","oneway":"no"}},{"type":"Feature","geometry":{"type":"LineString","coordinates":[[71.41683,51.18241],[71.41572,51.1823]]},"properties":{"layer":"road","districtId":"saryarka","osmType":"way","osmId":1426849451,"highway":"tertiary","name":"Мәскеу көшесі","bridge":null,"lanes":"2","oneway":"no"}},{"type":"Feature","geometry":{"type":"LineString","coordinates":[[71.40887,51.18156],[71.40792,51.18145]]},"properties":{"layer":"road","districtId":"saryarka","osmType":"way","osmId":1426852120,"highway":"tertiary","name":"Мәскеу көшесі","bridge":null,"lanes":"2","oneway":"no"}},{"type":"Feature","geometry":{"type":"LineString","coordinates":[[71.41572,51.1823],[71.40887,51.18156]]},"properties":{"layer":"road","districtId":"saryarka","osmType":"way","osmId":1426852121,"highway":"tertiary","name":"Мәскеу көшесі","bridge":null,"lanes":"2","oneway":"no"}},{"type":"Feature","geometry":{"type":"LineString","coordinates":[[71.41105,51.18554],[71.41228,51.18568]]},"properties":{"layer":"road","districtId":"saryarka","osmType":"way","osmId":1426853702,"highway":"tertiary","name":"Әлия Молдағұлова көшесі","bridge":null,"lanes":"4","oneway":null}},{"type":"Feature","geometry":{"type":"LineString","coordinates":[[71.41007,51.19031],[71.41085,51.19007]]},"properties":{"layer":"road","districtId":"saryarka","osmType":"way","osmId":1426864700,"highway":"secondary","name":"Ілияс Есенберлин көшесі","bridge":null,"lanes":null,"oneway":null}},{"type":"Feature","geometry":{"type":"LineString","coordinates":[[71.41085,51.19007],[71.41271,51.18949]]},"properties":{"layer":"road","districtId":"saryarka","osmType":"way","osmId":1426864701,"highway":"secondary","name":"Ілияс Есенберлин көшесі","bridge":null,"lanes":null,"oneway":null}},{"type":"Feature","geometry":{"type":"LineString","coordinates":[[71.40738,51.19262],[71.40811,51.1935]]},"properties":{"layer":"road","districtId":"saryarka","osmType":"way","osmId":1426866043,"highway":"secondary","name":"Біржан Сал көшесі","bridge":null,"lanes":null,"oneway":"no"}},{"type":"Feature","geometry":{"type":"LineString","coordinates":[[71.40811,51.1935],[71.4088,51.19437]]},"properties":{"layer":"road","districtId":"saryarka","osmType":"way","osmId":1426866044,"highway":"secondary","name":"Біржан Сал көшесі","bridge":null,"lanes":null,"oneway":"no"}},{"type":"Feature","geometry":{"type":"LineString","coordinates":[[71.41875,51.19126],[71.41889,51.19121]]},"properties":{"layer":"road","districtId":"saryarka","osmType":"way","osmId":1426866833,"highway":"secondary","name":"Гёте көшесі","bridge":null,"lanes":null,"oneway":null}},{"type":"Feature","geometry":{"type":"LineString","coordinates":[[71.41889,51.19121],[71.42055,51.19058]]},"properties":{"layer":"road","districtId":"saryarka","osmType":"way","osmId":1426866834,"highway":"secondary","name":"Гёте көшесі","bridge":null,"lanes":null,"oneway":null}},{"type":"Feature","geometry":{"type":"LineString","coordinates":[[71.42062,51.19048],[71.42055,51.19058]]},"properties":{"layer":"road","districtId":"saryarka","osmType":"way","osmId":1426870669,"highway":"secondary","name":"Республика даңғылы","bridge":null,"lanes":"4","oneway":null}},{"type":"Feature","geometry":{"type":"LineString","coordinates":[[71.37171,51.14279],[71.38167,51.1411]]},"properties":{"layer":"road","districtId":"nura","osmType":"way","osmId":1428945115,"highway":"secondary","name":"Қайым Мұхамедханов көшесі","bridge":null,"lanes":"4","oneway":"yes"}},{"type":"Feature","geometry":{"type":"LineString","coordinates":[[71.37133,51.14286],[71.37171,51.14279]]},"properties":{"layer":"road","districtId":"nura","osmType":"way","osmId":1428945116,"highway":"secondary","name":"Қайым Мұхамедханов көшесі","bridge":null,"lanes":"4","oneway":"yes"}},{"type":"Feature","geometry":{"type":"LineString","coordinates":[[71.37178,51.14295],[71.37139,51.14302]]},"properties":{"layer":"road","districtId":"nura","osmType":"way","osmId":1428945117,"highway":"secondary","name":"Қайым Мұхамедханов көшесі","bridge":null,"lanes":"4","oneway":"yes"}},{"type":"Feature","geometry":{"type":"LineString","coordinates":[[71.38174,51.14126],[71.37178,51.14295]]},"properties":{"layer":"road","districtId":"nura","osmType":"way","osmId":1428945118,"highway":"secondary","name":"Қайым Мұхамедханов көшесі","bridge":null,"lanes":"4","oneway":"yes"}},{"type":"Feature","geometry":{"type":"LineString","coordinates":[[71.43331,51.11306],[71.43338,51.11323]]},"properties":{"layer":"road","districtId":"esil","osmType":"way","osmId":1429138570,"highway":"secondary","name":"Мәңгілік Ел даңғылы","bridge":null,"lanes":"3","oneway":"yes"}},{"type":"Feature","geometry":{"type":"LineString","coordinates":[[71.43322,51.11324],[71.43316,51.11308]]},"properties":{"layer":"road","districtId":"esil","osmType":"way","osmId":1429138571,"highway":"secondary","name":"Мәңгілік Ел даңғылы","bridge":null,"lanes":null,"oneway":"yes"}},{"type":"Feature","geometry":{"type":"LineString","coordinates":[[71.43316,51.11308],[71.43307,51.11282]]},"properties":{"layer":"road","districtId":"esil","osmType":"way","osmId":1429138572,"highway":"secondary","name":"Мәңгілік Ел даңғылы","bridge":null,"lanes":null,"oneway":"yes"}},{"type":"Feature","geometry":{"type":"LineString","coordinates":[[71.43321,51.1128],[71.43331,51.11306]]},"properties":{"layer":"road","districtId":"esil","osmType":"way","osmId":1429138573,"highway":"secondary","name":"Мәңгілік Ел даңғылы","bridge":null,"lanes":null,"oneway":"yes"}},{"type":"Feature","geometry":{"type":"LineString","coordinates":[[71.43361,51.11302],[71.43331,51.11306]]},"properties":{"layer":"road","districtId":"esil","osmType":"way","osmId":1429138575,"highway":"secondary","name":"Керей Және Жәнібек Хандар көшесі","bridge":null,"lanes":"7","oneway":"no"}},{"type":"Feature","geometry":{"type":"LineString","coordinates":[[71.43316,51.11308],[71.43281,51.11313]]},"properties":{"layer":"road","districtId":"esil","osmType":"way","osmId":1429138576,"highway":"secondary","name":"Керей Және Жәнібек Хандар көшесі","bridge":null,"lanes":"7","oneway":"no"}},{"type":"Feature","geometry":{"type":"LineString","coordinates":[[71.4349,51.11752],[71.43496,51.11769]]},"properties":{"layer":"road","districtId":"esil","osmType":"way","osmId":1429145769,"highway":"secondary","name":"Мәңгілік Ел даңғылы","bridge":null,"lanes":null,"oneway":"yes"}},{"type":"Feature","geometry":{"type":"LineString","coordinates":[[71.43414,51.11539],[71.4349,51.11752]]},"properties":{"layer":"road","districtId":"esil","osmType":"way","osmId":1429145770,"highway":"secondary","name":"Мәңгілік Ел даңғылы","bridge":null,"lanes":null,"oneway":"yes"}},{"type":"Feature","geometry":{"type":"LineString","coordinates":[[71.43477,51.11754],[71.43401,51.11542]]},"properties":{"layer":"road","districtId":"esil","osmType":"way","osmId":1429145771,"highway":"secondary","name":"Мәңгілік Ел даңғылы","bridge":null,"lanes":null,"oneway":"yes"}},{"type":"Feature","geometry":{"type":"LineString","coordinates":[[71.43483,51.11771],[71.43477,51.11754]]},"properties":{"layer":"road","districtId":"esil","osmType":"way","osmId":1429145772,"highway":"secondary","name":"Мәңгілік Ел даңғылы","bridge":null,"lanes":null,"oneway":"yes"}},{"type":"Feature","geometry":{"type":"LineString","coordinates":[[71.43408,51.11524],[71.43414,51.11539]]},"properties":{"layer":"road","districtId":"esil","osmType":"way","osmId":1429145782,"highway":"secondary","name":"Мәңгілік Ел даңғылы","bridge":null,"lanes":null,"oneway":"yes"}},{"type":"Feature","geometry":{"type":"LineString","coordinates":[[71.43403,51.11507],[71.43408,51.11524]]},"properties":{"layer":"road","districtId":"esil","osmType":"way","osmId":1429145783,"highway":"secondary","name":"Мәңгілік Ел даңғылы","bridge":null,"lanes":"4","oneway":"yes"}},{"type":"Feature","geometry":{"type":"LineString","coordinates":[[71.43401,51.11542],[71.43389,51.11509]]},"properties":{"layer":"road","districtId":"esil","osmType":"way","osmId":1429145784,"highway":"secondary","name":"Мәңгілік Ел даңғылы","bridge":null,"lanes":null,"oneway":"yes"}},{"type":"Feature","geometry":{"type":"LineString","coordinates":[[71.43389,51.11509],[71.43322,51.11324]]},"properties":{"layer":"road","districtId":"esil","osmType":"way","osmId":1429145785,"highway":"secondary","name":"Мәңгілік Ел даңғылы","bridge":null,"lanes":null,"oneway":"yes"}},{"type":"Feature","geometry":{"type":"LineString","coordinates":[[71.37159,51.14299],[71.37153,51.14282]]},"properties":{"layer":"road","districtId":"nura","osmType":"way","osmId":1430132138,"highway":"secondary","name":"Ілияс Омаров көшесі","bridge":null,"lanes":"4","oneway":null}},{"type":"Feature","geometry":{"type":"LineString","coordinates":[[71.43827,51.17303],[71.43829,51.17293]]},"properties":{"layer":"road","districtId":"baikonur","osmType":"way","osmId":1431390547,"highway":"secondary","name":"Шоқан Уәлиханов көшесі","bridge":null,"lanes":"4","oneway":null}},{"type":"Feature","geometry":{"type":"LineString","coordinates":[[71.48985,51.15997],[71.48567,51.16157]]},"properties":{"layer":"road","districtId":"almaty","osmType":"way","osmId":1434028286,"highway":"secondary","name":"Шәкәрім Құдайбердіұлы даңғылы","bridge":null,"lanes":"4","oneway":null}},{"type":"Feature","geometry":{"type":"LineString","coordinates":[[71.38193,51.00141],[71.38072,51.01846],[71.38084,51.02284]]},"properties":{"layer":"road","districtId":"esil","osmType":"way","osmId":1441871072,"highway":"trunk","name":null,"bridge":null,"lanes":null,"oneway":"yes"}},{"type":"Feature","geometry":{"type":"LineString","coordinates":[[71.30026,51.204],[71.26504,51.22051],[71.26289,51.22121],[71.24121,51.22676]]},"properties":{"layer":"road","districtId":"saryarka","osmType":"way","osmId":1442521650,"highway":"trunk","name":null,"bridge":null,"lanes":"2","oneway":"yes"}},{"type":"Feature","geometry":{"type":"LineString","coordinates":[[71.4227,51.08341],[71.42547,51.0911]]},"properties":{"layer":"road","districtId":"esil","osmType":"way","osmId":1446156777,"highway":"secondary","name":"Мәңгілік Ел даңғылы","bridge":null,"lanes":"6","oneway":"yes"}},{"type":"Feature","geometry":{"type":"LineString","coordinates":[[71.42857,51.0998],[71.4286,51.09987]]},"properties":{"layer":"road","districtId":"esil","osmType":"way","osmId":1446612883,"highway":"secondary","name":"Мәңгілік Ел даңғылы","bridge":null,"lanes":null,"oneway":"yes"}},{"type":"Feature","geometry":{"type":"LineString","coordinates":[[71.4293,51.10236],[71.42842,51.09989]]},"properties":{"layer":"road","districtId":"esil","osmType":"way","osmId":1446612884,"highway":"secondary","name":"Мәңгілік Ел даңғылы","bridge":null,"lanes":"3","oneway":"yes"}},{"type":"Feature","geometry":{"type":"LineString","coordinates":[[71.4286,51.09987],[71.42842,51.09989]]},"properties":{"layer":"road","districtId":"esil","osmType":"way","osmId":1446612885,"highway":"tertiary","name":"Бұқар Жырау көшесі","bridge":null,"lanes":null,"oneway":"no"}},{"type":"Feature","geometry":{"type":"LineString","coordinates":[[71.36448,51.14419],[71.34876,51.14698],[71.34838,51.14758]]},"properties":{"layer":"road","districtId":"nura","osmType":"way","osmId":1450108111,"highway":"secondary","name":"Қайым Мұхамедханов көшесі","bridge":null,"lanes":null,"oneway":"yes"}},{"type":"Feature","geometry":{"type":"LineString","coordinates":[[71.3482,51.14754],[71.34851,51.14684],[71.34876,51.14677],[71.36341,51.1442]]},"properties":{"layer":"road","districtId":"nura","osmType":"way","osmId":1450108112,"highway":"secondary","name":"Қайым Мұхамедханов көшесі","bridge":null,"lanes":null,"oneway":"yes"}},{"type":"Feature","geometry":{"type":"LineString","coordinates":[[71.34749,51.14725],[71.34846,51.14694]]},"properties":{"layer":"road","districtId":"nura","osmType":"way","osmId":1450108113,"highway":"secondary","name":null,"bridge":null,"lanes":null,"oneway":null}},{"type":"Feature","geometry":{"type":"LineString","coordinates":[[71.46923,51.13318],[71.47076,51.13105]]},"properties":{"layer":"road","districtId":"almaty","osmType":"way","osmId":1450217092,"highway":"secondary","name":"Тәуелсіздік даңғылы","bridge":null,"lanes":"3","oneway":"yes"}},{"type":"Feature","geometry":{"type":"LineString","coordinates":[[71.46788,51.13505],[71.46923,51.13318]]},"properties":{"layer":"road","districtId":"almaty","osmType":"way","osmId":1450217093,"highway":"secondary","name":"Тәуелсіздік даңғылы","bridge":null,"lanes":"3","oneway":"yes"}},{"type":"Feature","geometry":{"type":"LineString","coordinates":[[71.39998,51.11319],[71.40023,51.11315]]},"properties":{"layer":"road","districtId":"nura","osmType":"way","osmId":1450683937,"highway":"tertiary","name":"Орынбор көшесі","bridge":null,"lanes":"4","oneway":null}},{"type":"Feature","geometry":{"type":"LineString","coordinates":[[71.39636,51.10425],[71.39672,51.1042]]},"properties":{"layer":"road","districtId":"nura","osmType":"way","osmId":1450699587,"highway":"tertiary","name":"Бұқар Жырау көшесі","bridge":null,"lanes":null,"oneway":null}},{"type":"Feature","geometry":{"type":"LineString","coordinates":[[71.50733,51.10084],[71.50676,51.09945]]},"properties":{"layer":"road","districtId":"esil","osmType":"way","osmId":1452354388,"highway":"secondary","name":"Ұлы Дала даңғылы","bridge":null,"lanes":null,"oneway":"yes"}},{"type":"Feature","geometry":{"type":"LineString","coordinates":[[71.50702,51.09939],[71.50761,51.10079]]},"properties":{"layer":"road","districtId":"esil","osmType":"way","osmId":1452354389,"highway":"secondary","name":"Ұлы Дала даңғылы","bridge":null,"lanes":null,"oneway":"yes"}},{"type":"Feature","geometry":{"type":"LineString","coordinates":[[71.45279,51.16269],[71.45106,51.16048]]},"properties":{"layer":"road","districtId":"baikonur","osmType":"way","osmId":1452365312,"highway":"tertiary","name":"Бейсекбаев көшесі","bridge":null,"lanes":null,"oneway":null}},{"type":"Feature","geometry":{"type":"LineString","coordinates":[[71.45287,51.16278],[71.45279,51.16269]]},"properties":{"layer":"road","districtId":"baikonur","osmType":"way","osmId":1452365313,"highway":"tertiary","name":"Бейсекбаев көшесі","bridge":null,"lanes":null,"oneway":null}},{"type":"Feature","geometry":{"type":"LineString","coordinates":[[71.45608,51.16177],[71.46014,51.16049]]},"properties":{"layer":"road","districtId":"baikonur","osmType":"way","osmId":1452365314,"highway":"secondary","name":"Амангелді Иманов көшесі","bridge":null,"lanes":"4","oneway":null}},{"type":"Feature","geometry":{"type":"LineString","coordinates":[[71.44635,51.16482],[71.44719,51.16458]]},"properties":{"layer":"road","districtId":"baikonur","osmType":"way","osmId":1452365315,"highway":"secondary","name":"Амангелді Иманов көшесі","bridge":null,"lanes":"4","oneway":null}},{"type":"Feature","geometry":{"type":"LineString","coordinates":[[71.42935,51.13091],[71.42862,51.13103]]},"properties":{"layer":"road","districtId":"esil","osmType":"way","osmId":1452593726,"highway":"secondary","name":"Қонаев көшесі","bridge":null,"lanes":"4","oneway":null}},{"type":"Feature","geometry":{"type":"LineString","coordinates":[[71.42982,51.13083],[71.42935,51.13091]]},"properties":{"layer":"road","districtId":"esil","osmType":"way","osmId":1452593727,"highway":"secondary","name":"Қонаев көшесі","bridge":null,"lanes":"4","oneway":null}},{"type":"Feature","geometry":{"type":"LineString","coordinates":[[71.42953,51.13073],[71.42944,51.13052]]},"properties":{"layer":"road","districtId":"esil","osmType":"way","osmId":1452593728,"highway":"secondary","name":"Ақмешіт көшесі","bridge":null,"lanes":"4","oneway":null}},{"type":"Feature","geometry":{"type":"LineString","coordinates":[[71.42965,51.13103],[71.42953,51.13073]]},"properties":{"layer":"road","districtId":"esil","osmType":"way","osmId":1452593729,"highway":"secondary","name":"Ақмешіт көшесі","bridge":null,"lanes":"4","oneway":null}},{"type":"Feature","geometry":{"type":"LineString","coordinates":[[71.45869,51.0317],[71.44769,51.03839]]},"properties":{"layer":"road","districtId":"esil","osmType":"way","osmId":1452653518,"highway":"primary","name":"Қабанбай Батыр даңғылы","bridge":null,"lanes":"3","oneway":"yes"}},{"type":"Feature","geometry":{"type":"LineString","coordinates":[[71.4633,51.02883],[71.45869,51.0317]]},"properties":{"layer":"road","districtId":"esil","osmType":"way","osmId":1452653519,"highway":"primary","name":"Қабанбай Батыр даңғылы","bridge":null,"lanes":"3","oneway":"yes"}},{"type":"Feature","geometry":{"type":"LineString","coordinates":[[71.46055,51.03033],[71.4631,51.02878],[71.4633,51.02883]]},"properties":{"layer":"road","districtId":"esil","osmType":"way","osmId":1452653520,"highway":"primary","name":"Қабанбай Батыр даңғылы","bridge":null,"lanes":"3","oneway":"yes"}},{"type":"Feature","geometry":{"type":"LineString","coordinates":[[71.29915,51.12612],[71.29925,51.12602]]},"properties":{"layer":"road","districtId":"nura","osmType":"way","osmId":1453307470,"highway":"primary","name":null,"bridge":null,"lanes":null,"oneway":null}},{"type":"Feature","geometry":{"type":"LineString","coordinates":[[71.2746,51.11729],[71.30288,51.1274],[71.31559,51.13519]]},"properties":{"layer":"road","districtId":"nura","osmType":"way","osmId":1453307475,"highway":"primary","name":"Қорғалжын тас жолы","bridge":null,"lanes":null,"oneway":"yes"}},{"type":"Feature","geometry":{"type":"LineString","coordinates":[[71.2922,51.12353],[71.2921,51.12365]]},"properties":{"layer":"road","districtId":"nura","osmType":"way","osmId":1453307477,"highway":"primary","name":"Шота Руставели көшесі","bridge":null,"lanes":null,"oneway":null}},{"type":"Feature","geometry":{"type":"LineString","coordinates":[[71.3838,51.1334],[71.38465,51.13567]]},"properties":{"layer":"road","districtId":"nura","osmType":"way","osmId":1453872517,"highway":"tertiary","name":"Әнет Баба көшесі","bridge":null,"lanes":"4","oneway":null}},{"type":"Feature","geometry":{"type":"LineString","coordinates":[[71.50479,51.14266],[71.51052,51.14081]]},"properties":{"layer":"road","districtId":"almaty","osmType":"way","osmId":1453951102,"highway":"tertiary","name":"Төлебаев көшесі","bridge":null,"lanes":"2","oneway":null}},{"type":"Feature","geometry":{"type":"LineString","coordinates":[[71.43282,51.08541],[71.43332,51.08534]]},"properties":{"layer":"road","districtId":"esil","osmType":"way","osmId":1454385997,"highway":"tertiary","name":"Фариза Оңғарсынова көшесі","bridge":null,"lanes":null,"oneway":"yes"}},{"type":"Feature","geometry":{"type":"LineString","coordinates":[[71.42369,51.08669],[71.43282,51.08541]]},"properties":{"layer":"road","districtId":"esil","osmType":"way","osmId":1454385998,"highway":"tertiary","name":"Фариза Оңғарсынова көшесі","bridge":null,"lanes":null,"oneway":"yes"}},{"type":"Feature","geometry":{"type":"LineString","coordinates":[[71.4668,51.13655],[71.46788,51.13505]]},"properties":{"layer":"road","districtId":"almaty","osmType":"way","osmId":1455260045,"highway":"secondary","name":"Тәуелсіздік даңғылы","bridge":null,"lanes":"3","oneway":"yes"}},{"type":"Feature","geometry":{"type":"LineString","coordinates":[[71.46435,51.13993],[71.46575,51.13801]]},"properties":{"layer":"road","districtId":"almaty","osmType":"way","osmId":1455260046,"highway":"secondary","name":"Тәуелсіздік даңғылы","bridge":null,"lanes":"3","oneway":"yes"}},{"type":"Feature","geometry":{"type":"LineString","coordinates":[[71.46351,51.1411],[71.46435,51.13993]]},"properties":{"layer":"road","districtId":"almaty","osmType":"way","osmId":1455272363,"highway":"secondary","name":"Тәуелсіздік даңғылы","bridge":null,"lanes":"3","oneway":"yes"}},{"type":"Feature","geometry":{"type":"LineString","coordinates":[[71.43361,51.1084],[71.43455,51.10826]]},"properties":{"layer":"road","districtId":"esil","osmType":"way","osmId":1455529553,"highway":"tertiary","name":"Орынбор көшесі","bridge":null,"lanes":"4","oneway":null}},{"type":"Feature","geometry":{"type":"LineString","coordinates":[[71.43173,51.10863],[71.43175,51.10866]]},"properties":{"layer":"road","districtId":"esil","osmType":"way","osmId":1455740188,"highway":"secondary","name":"Мәңгілік Ел даңғылы","bridge":null,"lanes":null,"oneway":"yes"}},{"type":"Feature","geometry":{"type":"LineString","coordinates":[[71.43187,51.10865],[71.43145,51.10871]]},"properties":{"layer":"road","districtId":"esil","osmType":"way","osmId":1455760085,"highway":"tertiary","name":"Орынбор көшесі","bridge":null,"lanes":"4","oneway":null}},{"type":"Feature","geometry":{"type":"LineString","coordinates":[[71.43187,51.10865],[71.43224,51.10859]]},"properties":{"layer":"road","districtId":"esil","osmType":"way","osmId":1455760087,"highway":"tertiary","name":"Орынбор көшесі","bridge":null,"lanes":"4","oneway":null}},{"type":"Feature","geometry":{"type":"LineString","coordinates":[[71.43171,51.10855],[71.43173,51.10863]]},"properties":{"layer":"road","districtId":"esil","osmType":"way","osmId":1455760089,"highway":"secondary","name":"Мәңгілік Ел даңғылы","bridge":null,"lanes":null,"oneway":"yes"}},{"type":"Feature","geometry":{"type":"LineString","coordinates":[[71.43175,51.10866],[71.43179,51.10878]]},"properties":{"layer":"road","districtId":"esil","osmType":"way","osmId":1455760090,"highway":"secondary","name":"Мәңгілік Ел даңғылы","bridge":null,"lanes":null,"oneway":"yes"}},{"type":"Feature","geometry":{"type":"LineString","coordinates":[[71.43163,51.1088],[71.43158,51.10869]]},"properties":{"layer":"road","districtId":"esil","osmType":"way","osmId":1455760091,"highway":"secondary","name":"Мәңгілік Ел даңғылы","bridge":null,"lanes":null,"oneway":"yes"}},{"type":"Feature","geometry":{"type":"LineString","coordinates":[[71.43158,51.10869],[71.43155,51.10858]]},"properties":{"layer":"road","districtId":"esil","osmType":"way","osmId":1455760092,"highway":"secondary","name":"Мәңгілік Ел даңғылы","bridge":null,"lanes":null,"oneway":"yes"}},{"type":"Feature","geometry":{"type":"LineString","coordinates":[[71.42428,51.11746],[71.42404,51.11684]]},"properties":{"layer":"road","districtId":"esil","osmType":"way","osmId":1455970516,"highway":"secondary","name":"Ақмешіт көшесі","bridge":null,"lanes":"4","oneway":null}},{"type":"Feature","geometry":{"type":"LineString","coordinates":[[71.42398,51.11668],[71.42392,51.11652]]},"properties":{"layer":"road","districtId":"esil","osmType":"way","osmId":1455970518,"highway":"secondary","name":"Ақмешіт көшесі","bridge":null,"lanes":"4","oneway":null}},{"type":"Feature","geometry":{"type":"LineString","coordinates":[[71.39329,51.13926],[71.38174,51.14126]]},"properties":{"layer":"road","districtId":"nura","osmType":"way","osmId":1456040409,"highway":"secondary","name":"Қайым Мұхамедханов көшесі","bridge":null,"lanes":"4","oneway":"yes"}},{"type":"Feature","geometry":{"type":"LineString","coordinates":[[71.39364,51.13921],[71.39329,51.13926]]},"properties":{"layer":"road","districtId":"nura","osmType":"way","osmId":1456040410,"highway":"secondary","name":"Қайым Мұхамедханов көшесі","bridge":null,"lanes":"4","oneway":"yes"}},{"type":"Feature","geometry":{"type":"LineString","coordinates":[[71.39322,51.13907],[71.39357,51.13902]]},"properties":{"layer":"road","districtId":"nura","osmType":"way","osmId":1456040411,"highway":"secondary","name":"Қайым Мұхамедханов көшесі","bridge":null,"lanes":"4","oneway":"yes"}},{"type":"Feature","geometry":{"type":"LineString","coordinates":[[71.38167,51.1411],[71.39322,51.13907]]},"properties":{"layer":"road","districtId":"nura","osmType":"way","osmId":1456040412,"highway":"secondary","name":"Қайым Мұхамедханов көшесі","bridge":null,"lanes":"4","oneway":"yes"}},{"type":"Feature","geometry":{"type":"LineString","coordinates":[[71.41184,51.11859],[71.4118,51.11834]]},"properties":{"layer":"road","districtId":"esil","osmType":"way","osmId":1456296679,"highway":"secondary","name":"Қабанбай Батыр даңғылы","bridge":null,"lanes":"7","oneway":null}},{"type":"Feature","geometry":{"type":"LineString","coordinates":[[71.4118,51.11834],[71.41178,51.11819]]},"properties":{"layer":"road","districtId":"esil","osmType":"way","osmId":1456296684,"highway":"secondary","name":"Қабанбай Батыр даңғылы","bridge":null,"lanes":"5","oneway":null}},{"type":"Feature","geometry":{"type":"LineString","coordinates":[[71.52098,51.14002],[71.52122,51.14027]]},"properties":{"layer":"road","districtId":"almaty","osmType":"way","osmId":1456300836,"highway":"secondary","name":"Айнакөл көшесі","bridge":null,"lanes":"4","oneway":null}},{"type":"Feature","geometry":{"type":"LineString","coordinates":[[71.51905,51.138],[71.52004,51.13768]]},"properties":{"layer":"road","districtId":"almaty","osmType":"way","osmId":1456300841,"highway":"secondary","name":"Төлебаев көшесі","bridge":null,"lanes":null,"oneway":null}},{"type":"Feature","geometry":{"type":"LineString","coordinates":[[71.5186,51.13814],[71.51885,51.13806]]},"properties":{"layer":"road","districtId":"almaty","osmType":"way","osmId":1456300842,"highway":"tertiary","name":"Төлебаев көшесі","bridge":null,"lanes":"6","oneway":null}},{"type":"Feature","geometry":{"type":"LineString","coordinates":[[71.51885,51.13806],[71.51908,51.1382]]},"properties":{"layer":"road","districtId":"almaty","osmType":"way","osmId":1456300843,"highway":"secondary","name":"Айнакөл көшесі","bridge":null,"lanes":"4","oneway":null}},{"type":"Feature","geometry":{"type":"LineString","coordinates":[[71.51858,51.13795],[71.51885,51.13806]]},"properties":{"layer":"road","districtId":"almaty","osmType":"way","osmId":1456300844,"highway":"secondary","name":"Айнакөл көшесі","bridge":null,"lanes":null,"oneway":null}},{"type":"Feature","geometry":{"type":"LineString","coordinates":[[71.5127,51.13625],[71.51413,51.13666]]},"properties":{"layer":"road","districtId":"almaty","osmType":"way","osmId":1456301472,"highway":"secondary","name":"Айнакөл көшесі","bridge":null,"lanes":null,"oneway":null}},{"type":"Feature","geometry":{"type":"LineString","coordinates":[[71.50631,51.1344],[71.5127,51.13625]]},"properties":{"layer":"road","districtId":"almaty","osmType":"way","osmId":1456301473,"highway":"secondary","name":"Айнакөл көшесі","bridge":null,"lanes":null,"oneway":null}},{"type":"Feature","geometry":{"type":"LineString","coordinates":[[71.40374,51.19024],[71.4037,51.19022]]},"properties":{"layer":"road","districtId":"saryarka","osmType":"way","osmId":1457125886,"highway":"tertiary","name":"Александр Затаевич көшесі","bridge":null,"lanes":null,"oneway":null}},{"type":"Feature","geometry":{"type":"LineString","coordinates":[[71.40093,51.18872],[71.40042,51.18843]]},"properties":{"layer":"road","districtId":"saryarka","osmType":"way","osmId":1457125887,"highway":"tertiary","name":"Александр Затаевич көшесі","bridge":null,"lanes":null,"oneway":null}},{"type":"Feature","geometry":{"type":"LineString","coordinates":[[71.4037,51.19022],[71.40093,51.18872]]},"properties":{"layer":"road","districtId":"saryarka","osmType":"way","osmId":1457125888,"highway":"tertiary","name":"Александр Затаевич көшесі","bridge":null,"lanes":null,"oneway":null}},{"type":"Feature","geometry":{"type":"LineString","coordinates":[[71.49258,51.15893],[71.48985,51.15997]]},"properties":{"layer":"road","districtId":"almaty","osmType":"way","osmId":1457135425,"highway":"secondary","name":"Шәкәрім Құдайбердіұлы даңғылы","bridge":null,"lanes":"4","oneway":null}},{"type":"Feature","geometry":{"type":"LineString","coordinates":[[71.49472,51.15811],[71.49258,51.15893]]},"properties":{"layer":"road","districtId":"almaty","osmType":"way","osmId":1457135426,"highway":"secondary","name":"Шәкәрім Құдайбердіұлы даңғылы","bridge":null,"lanes":"4","oneway":null}},{"type":"Feature","geometry":{"type":"LineString","coordinates":[[71.4903,51.15856],[71.48916,51.15738]]},"properties":{"layer":"road","districtId":"almaty","osmType":"way","osmId":1457137518,"highway":"tertiary","name":"Манас көшесі","bridge":null,"lanes":"4","oneway":null}},{"type":"Feature","geometry":{"type":"LineString","coordinates":[[71.49118,51.15947],[71.4903,51.15856]]},"properties":{"layer":"road","districtId":"almaty","osmType":"way","osmId":1457137519,"highway":"tertiary","name":"Манас көшесі","bridge":null,"lanes":"4","oneway":null}},{"type":"Feature","geometry":{"type":"LineString","coordinates":[[71.43774,51.1749],[71.43827,51.17303]]},"properties":{"layer":"road","districtId":"baikonur","osmType":"way","osmId":1457503083,"highway":"secondary","name":"Шоқан Уәлиханов көшесі","bridge":null,"lanes":null,"oneway":"no"}},{"type":"Feature","geometry":{"type":"LineString","coordinates":[[71.43723,51.17671],[71.43762,51.17531]]},"properties":{"layer":"road","districtId":"baikonur","osmType":"way","osmId":1457503084,"highway":"secondary","name":"Шоқан Уәлиханов көшесі","bridge":null,"lanes":null,"oneway":"no"}},{"type":"Feature","geometry":{"type":"LineString","coordinates":[[71.43729,51.17597],[71.43739,51.17598]]},"properties":{"layer":"road","districtId":"baikonur","osmType":"way","osmId":1457509658,"highway":"tertiary","name":"Әліби Жангелдин көшесі","bridge":null,"lanes":null,"oneway":null}},{"type":"Feature","geometry":{"type":"LineString","coordinates":[[71.43762,51.17531],[71.43774,51.1749]]},"properties":{"layer":"road","districtId":"baikonur","osmType":"way","osmId":1457509663,"highway":"secondary","name":"Шоқан Уәлиханов көшесі","bridge":null,"lanes":null,"oneway":"no"}},{"type":"Feature","geometry":{"type":"LineString","coordinates":[[71.43669,51.17854],[71.43723,51.17671]]},"properties":{"layer":"road","districtId":"baikonur","osmType":"way","osmId":1457509664,"highway":"secondary","name":"Шоқан Уәлиханов көшесі","bridge":null,"lanes":null,"oneway":"no"}},{"type":"Feature","geometry":{"type":"LineString","coordinates":[[71.37324,51.18049],[71.37406,51.18139]]},"properties":{"layer":"road","districtId":"saryarka","osmType":"way","osmId":1457559559,"highway":"tertiary","name":"Ақан Сері көшесі","bridge":null,"lanes":null,"oneway":null}},{"type":"Feature","geometry":{"type":"LineString","coordinates":[[71.37265,51.17997],[71.37324,51.18049]]},"properties":{"layer":"road","districtId":"saryarka","osmType":"way","osmId":1457559560,"highway":"tertiary","name":"Ақан Сері көшесі","bridge":null,"lanes":null,"oneway":null}},{"type":"Feature","geometry":{"type":"LineString","coordinates":[[71.45093,51.09672],[71.45114,51.09669]]},"properties":{"layer":"road","districtId":"esil","osmType":"way","osmId":1457783965,"highway":"tertiary","name":"Бұқар Жырау көшесі","bridge":null,"lanes":null,"oneway":null}},{"type":"Feature","geometry":{"type":"LineString","coordinates":[[71.451,51.0956],[71.45257,51.09991]]},"properties":{"layer":"road","districtId":"esil","osmType":"way","osmId":1457783967,"highway":"secondary","name":"Әл-Фараби даңғылы","bridge":null,"lanes":null,"oneway":"yes"}},{"type":"Feature","geometry":{"type":"LineString","coordinates":[[71.45231,51.09994],[71.45114,51.09669]]},"properties":{"layer":"road","districtId":"esil","osmType":"way","osmId":1457783968,"highway":"secondary","name":"Әл-Фараби даңғылы","bridge":null,"lanes":null,"oneway":"yes"}},{"type":"Feature","geometry":{"type":"LineString","coordinates":[[71.4467,51.08426],[71.44629,51.08382]]},"properties":{"layer":"road","districtId":"esil","osmType":"way","osmId":1457788076,"highway":"tertiary","name":"Әл-Фараби даңғылы","bridge":null,"lanes":null,"oneway":"yes"}},{"type":"Feature","geometry":{"type":"LineString","coordinates":[[71.45,51.09345],[71.44966,51.09248]]},"properties":{"layer":"road","districtId":"esil","osmType":"way","osmId":1457788079,"highway":"secondary","name":"Әл-Фараби даңғылы","bridge":null,"lanes":null,"oneway":"yes"}},{"type":"Feature","geometry":{"type":"LineString","coordinates":[[71.44958,51.09225],[71.44952,51.09211]]},"properties":{"layer":"road","districtId":"esil","osmType":"way","osmId":1457788080,"highway":"tertiary","name":"Әл-Фараби даңғылы","bridge":null,"lanes":null,"oneway":"yes"}},{"type":"Feature","geometry":{"type":"LineString","coordinates":[[71.44978,51.09208],[71.44982,51.09221]]},"properties":{"layer":"road","districtId":"esil","osmType":"way","osmId":1457788081,"highway":"tertiary","name":"Әл-Фараби даңғылы","bridge":null,"lanes":null,"oneway":"yes"}},{"type":"Feature","geometry":{"type":"LineString","coordinates":[[71.4499,51.09245],[71.45038,51.0938]]},"properties":{"layer":"road","districtId":"esil","osmType":"way","osmId":1457788082,"highway":"secondary","name":"Әл-Фараби даңғылы","bridge":null,"lanes":null,"oneway":"yes"}},{"type":"Feature","geometry":{"type":"LineString","coordinates":[[71.45007,51.09233],[71.44987,51.09236]]},"properties":{"layer":"road","districtId":"esil","osmType":"way","osmId":1457788083,"highway":"secondary","name":"Ұлы Дала даңғылы","bridge":null,"lanes":null,"oneway":"yes"}},{"type":"Feature","geometry":{"type":"LineString","coordinates":[[71.44982,51.09221],[71.45001,51.09218]]},"properties":{"layer":"road","districtId":"esil","osmType":"way","osmId":1457788084,"highway":"secondary","name":"Ұлы Дала даңғылы","bridge":null,"lanes":null,"oneway":"yes"}},{"type":"Feature","geometry":{"type":"LineString","coordinates":[[71.4493,51.09228],[71.44982,51.09221]]},"properties":{"layer":"road","districtId":"esil","osmType":"way","osmId":1457788085,"highway":"secondary","name":"Ұлы Дала даңғылы","bridge":null,"lanes":null,"oneway":"yes"}},{"type":"Feature","geometry":{"type":"LineString","coordinates":[[71.44987,51.09236],[71.44935,51.09242]]},"properties":{"layer":"road","districtId":"esil","osmType":"way","osmId":1457788086,"highway":"secondary","name":"Ұлы Дала даңғылы","bridge":null,"lanes":null,"oneway":"yes"}},{"type":"Feature","geometry":{"type":"LineString","coordinates":[[71.49724,51.12912],[71.4955,51.13156]]},"properties":{"layer":"road","districtId":"almaty","osmType":"way","osmId":1458046602,"highway":"secondary","name":"Мағжан Жұмабаев даңғылы","bridge":null,"lanes":null,"oneway":"yes"}},{"type":"Feature","geometry":{"type":"LineString","coordinates":[[71.49303,51.1348],[71.49537,51.13152]]},"properties":{"layer":"road","districtId":"almaty","osmType":"way","osmId":1458046603,"highway":"secondary","name":"Мағжан Жұмабаев даңғылы","bridge":null,"lanes":"4","oneway":"yes"}},{"type":"Feature","geometry":{"type":"LineString","coordinates":[[71.48528,51.12829],[71.48517,51.12846]]},"properties":{"layer":"road","districtId":"almaty","osmType":"way","osmId":1458046606,"highway":"tertiary","name":"Сағадат Нұрмағамбетов көшесі","bridge":null,"lanes":null,"oneway":"yes"}},{"type":"Feature","geometry":{"type":"LineString","coordinates":[[71.48631,51.12605],[71.48497,51.12568],[71.48338,51.12561]]},"properties":{"layer":"road","districtId":"almaty","osmType":"way","osmId":1458046611,"highway":"secondary","name":"Рақымжан Қошқарбаев даңғылы","bridge":null,"lanes":"2","oneway":"yes"}},{"type":"Feature","geometry":{"type":"LineString","coordinates":[[71.48658,51.12611],[71.48631,51.12605]]},"properties":{"layer":"road","districtId":"almaty","osmType":"way","osmId":1458080899,"highway":"secondary","name":"Рақымжан Қошқарбаев даңғылы","bridge":null,"lanes":"2","oneway":"yes"}},{"type":"Feature","geometry":{"type":"LineString","coordinates":[[71.49562,51.13139],[71.49586,51.13146]]},"properties":{"layer":"road","districtId":"almaty","osmType":"way","osmId":1458998548,"highway":"secondary","name":"Айнакөл көшесі","bridge":null,"lanes":null,"oneway":null}},{"type":"Feature","geometry":{"type":"LineString","coordinates":[[71.49527,51.13129],[71.49562,51.13139]]},"properties":{"layer":"road","districtId":"almaty","osmType":"way","osmId":1458998549,"highway":"tertiary","name":"Айнакөл көшесі","bridge":null,"lanes":null,"oneway":null}},{"type":"Feature","geometry":{"type":"LineString","coordinates":[[71.39954,51.11598],[71.40039,51.11584]]},"properties":{"layer":"road","districtId":"nura","osmType":"way","osmId":1459982788,"highway":"tertiary","name":"Роза Бағланова көшесі","bridge":null,"lanes":"4","oneway":null}},{"type":"Feature","geometry":{"type":"LineString","coordinates":[[71.39954,51.11598],[71.40021,51.11571],[71.40033,51.11533]]},"properties":{"layer":"road","districtId":"nura","osmType":"way","osmId":1459982795,"highway":"tertiary","name":null,"bridge":null,"lanes":null,"oneway":"yes"}},{"type":"Feature","geometry":{"type":"LineString","coordinates":[[71.40169,51.11755],[71.40138,51.11764]]},"properties":{"layer":"road","districtId":"nura","osmType":"way","osmId":1460435086,"highway":"secondary","name":"Керей Және Жәнібек Хандар көшесі","bridge":null,"lanes":null,"oneway":"yes"}},{"type":"Feature","geometry":{"type":"LineString","coordinates":[[71.40112,51.11756],[71.40169,51.11755]]},"properties":{"layer":"road","districtId":"nura","osmType":"way","osmId":1460435088,"highway":"secondary","name":"Керей Және Жәнібек Хандар көшесі","bridge":null,"lanes":null,"oneway":"yes"}},{"type":"Feature","geometry":{"type":"LineString","coordinates":[[71.40294,51.11737],[71.40277,51.1174]]},"properties":{"layer":"road","districtId":"nura","osmType":"way","osmId":1460435089,"highway":"secondary","name":"Керей Және Жәнібек Хандар көшесі","bridge":null,"lanes":"6","oneway":"no"}},{"type":"Feature","geometry":{"type":"LineString","coordinates":[[71.40203,51.1175],[71.40169,51.11755]]},"properties":{"layer":"road","districtId":"nura","osmType":"way","osmId":1460435095,"highway":"secondary","name":"Керей Және Жәнібек Хандар көшесі","bridge":null,"lanes":"6","oneway":"no"}},{"type":"Feature","geometry":{"type":"LineString","coordinates":[[71.40277,51.1174],[71.40203,51.1175]]},"properties":{"layer":"road","districtId":"nura","osmType":"way","osmId":1460435096,"highway":"secondary","name":"Керей Және Жәнібек Хандар көшесі","bridge":null,"lanes":"6","oneway":"no"}},{"type":"Feature","geometry":{"type":"LineString","coordinates":[[71.40377,51.11725],[71.40294,51.11737]]},"properties":{"layer":"road","districtId":"nura","osmType":"way","osmId":1460435097,"highway":"secondary","name":"Керей Және Жәнібек Хандар көшесі","bridge":null,"lanes":"6","oneway":"no"}},{"type":"Feature","geometry":{"type":"LineString","coordinates":[[71.40499,51.11708],[71.40449,51.11715]]},"properties":{"layer":"road","districtId":"nura","osmType":"way","osmId":1460435112,"highway":"secondary","name":"Керей Және Жәнібек Хандар көшесі","bridge":null,"lanes":"6","oneway":"no"}},{"type":"Feature","geometry":{"type":"LineString","coordinates":[[71.40566,51.11698],[71.40499,51.11708]]},"properties":{"layer":"road","districtId":"nura","osmType":"way","osmId":1460435115,"highway":"secondary","name":"Керей Және Жәнібек Хандар көшесі","bridge":null,"lanes":"6","oneway":"no"}},{"type":"Feature","geometry":{"type":"LineString","coordinates":[[71.40607,51.11693],[71.40566,51.11698]]},"properties":{"layer":"road","districtId":"nura","osmType":"way","osmId":1460435116,"highway":"secondary","name":"Керей Және Жәнібек Хандар көшесі","bridge":null,"lanes":"6","oneway":"no"}},{"type":"Feature","geometry":{"type":"LineString","coordinates":[[71.40405,51.11721],[71.40377,51.11725]]},"properties":{"layer":"road","districtId":"nura","osmType":"way","osmId":1460435123,"highway":"secondary","name":"Керей Және Жәнібек Хандар көшесі","bridge":null,"lanes":"6","oneway":"no"}},{"type":"Feature","geometry":{"type":"LineString","coordinates":[[71.40449,51.11715],[71.40405,51.11721]]},"properties":{"layer":"road","districtId":"nura","osmType":"way","osmId":1460435124,"highway":"secondary","name":"Керей Және Жәнібек Хандар көшесі","bridge":null,"lanes":"6","oneway":"no"}},{"type":"Feature","geometry":{"type":"LineString","coordinates":[[71.40622,51.1169],[71.40607,51.11693]]},"properties":{"layer":"road","districtId":"nura","osmType":"way","osmId":1460435125,"highway":"secondary","name":"Керей Және Жәнібек Хандар көшесі","bridge":null,"lanes":"6","oneway":"no"}},{"type":"Feature","geometry":{"type":"LineString","coordinates":[[71.40978,51.1164],[71.40622,51.1169]]},"properties":{"layer":"road","districtId":"nura","osmType":"way","osmId":1460435140,"highway":"secondary","name":"Керей Және Жәнібек Хандар көшесі","bridge":null,"lanes":"6","oneway":"no"}},{"type":"Feature","geometry":{"type":"LineString","coordinates":[[71.41142,51.11616],[71.4114,51.11603]]},"properties":{"layer":"road","districtId":"esil","osmType":"way","osmId":1460435162,"highway":"secondary","name":"Қабанбай Батыр даңғылы","bridge":null,"lanes":"6","oneway":null}},{"type":"Feature","geometry":{"type":"LineString","coordinates":[[71.41142,51.11616],[71.40978,51.1164]]},"properties":{"layer":"road","districtId":"nura","osmType":"way","osmId":1460435163,"highway":"secondary","name":"Керей Және Жәнібек Хандар көшесі","bridge":null,"lanes":"6","oneway":"no"}},{"type":"Feature","geometry":{"type":"LineString","coordinates":[[71.4129,51.11135],[71.41391,51.11119]]},"properties":{"layer":"road","districtId":"esil","osmType":"way","osmId":1460516303,"highway":"tertiary","name":"Орынбор көшесі","bridge":null,"lanes":"3","oneway":"yes"}},{"type":"Feature","geometry":{"type":"LineString","coordinates":[[71.41618,51.11088],[71.41556,51.11097]]},"properties":{"layer":"road","districtId":"esil","osmType":"way","osmId":1460516304,"highway":"tertiary","name":"Орынбор көшесі","bridge":null,"lanes":"6","oneway":null}},{"type":"Feature","geometry":{"type":"LineString","coordinates":[[71.41391,51.11119],[71.4129,51.11135]]},"properties":{"layer":"road","districtId":"esil","osmType":"way","osmId":1460516305,"highway":"tertiary","name":"Орынбор көшесі","bridge":null,"lanes":"6","oneway":"yes"}},{"type":"Feature","geometry":{"type":"LineString","coordinates":[[71.4153,51.11101],[71.41391,51.11119]]},"properties":{"layer":"road","districtId":"esil","osmType":"way","osmId":1460516311,"highway":"tertiary","name":"Орынбор көшесі","bridge":null,"lanes":"6","oneway":null}},{"type":"Feature","geometry":{"type":"LineString","coordinates":[[71.41556,51.11097],[71.4153,51.11101]]},"properties":{"layer":"road","districtId":"esil","osmType":"way","osmId":1460516313,"highway":"tertiary","name":"Орынбор көшесі","bridge":null,"lanes":"6","oneway":null}},{"type":"Feature","geometry":{"type":"LineString","coordinates":[[71.48238,51.08157],[71.48332,51.08077],[71.4857,51.07747]]},"properties":{"layer":"road","districtId":"esil","osmType":"way","osmId":1460945570,"highway":"secondary","name":"Шерхан Мұртаза көшесі","bridge":null,"lanes":"4","oneway":null}},{"type":"Feature","geometry":{"type":"LineString","coordinates":[[71.46602,51.098],[71.46695,51.09765]]},"properties":{"layer":"road","districtId":"esil","osmType":"way","osmId":1460945582,"highway":"secondary","name":"Керей Және Жәнібек Хандар көшесі","bridge":null,"lanes":"4","oneway":"no"}},{"type":"Feature","geometry":{"type":"LineString","coordinates":[[71.46695,51.09765],[71.46766,51.09738]]},"properties":{"layer":"road","districtId":"esil","osmType":"way","osmId":1460945583,"highway":"secondary","name":"Керей Және Жәнібек Хандар көшесі","bridge":null,"lanes":"4","oneway":"no"}},{"type":"Feature","geometry":{"type":"LineString","coordinates":[[71.4648,51.09849],[71.46602,51.098]]},"properties":{"layer":"road","districtId":"esil","osmType":"way","osmId":1460945593,"highway":"secondary","name":"Керей Және Жәнібек Хандар көшесі","bridge":null,"lanes":"4","oneway":"no"}},{"type":"Feature","geometry":{"type":"LineString","coordinates":[[71.46052,51.10041],[71.46128,51.10002]]},"properties":{"layer":"road","districtId":"esil","osmType":"way","osmId":1460945612,"highway":"secondary","name":"Керей Және Жәнібек Хандар көшесі","bridge":null,"lanes":"4","oneway":"no"}},{"type":"Feature","geometry":{"type":"LineString","coordinates":[[71.46128,51.10002],[71.4622,51.09954]]},"properties":{"layer":"road","districtId":"esil","osmType":"way","osmId":1460945613,"highway":"secondary","name":"Керей Және Жәнібек Хандар көшесі","bridge":null,"lanes":"4","oneway":"no"}},{"type":"Feature","geometry":{"type":"LineString","coordinates":[[71.45999,51.10069],[71.46052,51.10041]]},"properties":{"layer":"road","districtId":"esil","osmType":"way","osmId":1460945614,"highway":"secondary","name":"Керей Және Жәнібек Хандар көшесі","bridge":null,"lanes":"4","oneway":"no"}},{"type":"Feature","geometry":{"type":"LineString","coordinates":[[71.45477,51.1035],[71.45602,51.10283]]},"properties":{"layer":"road","districtId":"esil","osmType":"way","osmId":1460945636,"highway":"secondary","name":"Керей Және Жәнібек Хандар көшесі","bridge":null,"lanes":"5","oneway":"no"}},{"type":"Feature","geometry":{"type":"LineString","coordinates":[[71.45398,51.1039],[71.45365,51.10408]]},"properties":{"layer":"road","districtId":"esil","osmType":"way","osmId":1460965804,"highway":"secondary","name":"Керей Және Жәнібек Хандар көшесі","bridge":null,"lanes":"5","oneway":"no"}},{"type":"Feature","geometry":{"type":"LineString","coordinates":[[71.45477,51.1035],[71.45456,51.10361]]},"properties":{"layer":"road","districtId":"esil","osmType":"way","osmId":1460965805,"highway":"secondary","name":"Керей Және Жәнібек Хандар көшесі","bridge":null,"lanes":"5","oneway":"no"}},{"type":"Feature","geometry":{"type":"LineString","coordinates":[[71.45365,51.10408],[71.45278,51.10454]]},"properties":{"layer":"road","districtId":"esil","osmType":"way","osmId":1460965811,"highway":"secondary","name":"Керей Және Жәнібек Хандар көшесі","bridge":null,"lanes":"5","oneway":"no"}},{"type":"Feature","geometry":{"type":"LineString","coordinates":[[71.45278,51.10454],[71.45142,51.10527]]},"properties":{"layer":"road","districtId":"esil","osmType":"way","osmId":1460965812,"highway":"secondary","name":"Керей Және Жәнібек Хандар көшесі","bridge":null,"lanes":"5","oneway":"no"}},{"type":"Feature","geometry":{"type":"LineString","coordinates":[[71.45101,51.10548],[71.44972,51.10616]]},"properties":{"layer":"road","districtId":"esil","osmType":"way","osmId":1460965821,"highway":"secondary","name":"Керей Және Жәнібек Хандар көшесі","bridge":null,"lanes":"4","oneway":"no"}},{"type":"Feature","geometry":{"type":"LineString","coordinates":[[71.45142,51.10527],[71.45101,51.10548]]},"properties":{"layer":"road","districtId":"esil","osmType":"way","osmId":1460965822,"highway":"secondary","name":"Керей Және Жәнібек Хандар көшесі","bridge":null,"lanes":"4","oneway":"no"}},{"type":"Feature","geometry":{"type":"LineString","coordinates":[[71.44849,51.10696],[71.44834,51.10706]]},"properties":{"layer":"road","districtId":"esil","osmType":"way","osmId":1460965832,"highway":"secondary","name":"Керей Және Жәнібек Хандар көшесі","bridge":null,"lanes":"4","oneway":"no"}},{"type":"Feature","geometry":{"type":"LineString","coordinates":[[71.44834,51.10706],[71.44805,51.10727]]},"properties":{"layer":"road","districtId":"esil","osmType":"way","osmId":1460965833,"highway":"secondary","name":"Керей Және Жәнібек Хандар көшесі","bridge":null,"lanes":"4","oneway":"no"}},{"type":"Feature","geometry":{"type":"LineString","coordinates":[[71.44908,51.10656],[71.44879,51.10674]]},"properties":{"layer":"road","districtId":"esil","osmType":"way","osmId":1460965834,"highway":"secondary","name":"Керей Және Жәнібек Хандар көшесі","bridge":null,"lanes":"4","oneway":"no"}},{"type":"Feature","geometry":{"type":"LineString","coordinates":[[71.44772,51.1075],[71.44737,51.10776]]},"properties":{"layer":"road","districtId":"esil","osmType":"way","osmId":1460965835,"highway":"secondary","name":"Керей Және Жәнібек Хандар көшесі","bridge":null,"lanes":"4","oneway":"no"}},{"type":"Feature","geometry":{"type":"LineString","coordinates":[[71.44805,51.10727],[71.44772,51.1075]]},"properties":{"layer":"road","districtId":"esil","osmType":"way","osmId":1460965836,"highway":"secondary","name":"Керей Және Жәнібек Хандар көшесі","bridge":null,"lanes":"4","oneway":"no"}},{"type":"Feature","geometry":{"type":"LineString","coordinates":[[71.44737,51.10776],[71.44732,51.1078]]},"properties":{"layer":"road","districtId":"esil","osmType":"way","osmId":1460965837,"highway":"secondary","name":"Керей Және Жәнібек Хандар көшесі","bridge":null,"lanes":"4","oneway":"no"}},{"type":"Feature","geometry":{"type":"LineString","coordinates":[[71.44631,51.10856],[71.4458,51.10893]]},"properties":{"layer":"road","districtId":"esil","osmType":"way","osmId":1460965838,"highway":"secondary","name":"Керей Және Жәнібек Хандар көшесі","bridge":null,"lanes":"4","oneway":"no"}},{"type":"Feature","geometry":{"type":"LineString","coordinates":[[71.44631,51.10856],[71.44732,51.1078]]},"properties":{"layer":"road","districtId":"esil","osmType":"way","osmId":1460965846,"highway":"secondary","name":"Керей Және Жәнібек Хандар көшесі","bridge":null,"lanes":"2","oneway":"yes"}},{"type":"Feature","geometry":{"type":"LineString","coordinates":[[71.44732,51.1078],[71.44631,51.10856]]},"properties":{"layer":"road","districtId":"esil","osmType":"way","osmId":1460965847,"highway":"secondary","name":"Керей Және Жәнібек Хандар көшесі","bridge":null,"lanes":"2","oneway":"yes"}},{"type":"Feature","geometry":{"type":"LineString","coordinates":[[71.4458,51.10893],[71.44446,51.10981]]},"properties":{"layer":"road","districtId":"esil","osmType":"way","osmId":1460965850,"highway":"secondary","name":"Керей Және Жәнібек Хандар көшесі","bridge":null,"lanes":"4","oneway":"no"}},{"type":"Feature","geometry":{"type":"LineString","coordinates":[[71.44446,51.10981],[71.44357,51.11045]]},"properties":{"layer":"road","districtId":"esil","osmType":"way","osmId":1460965852,"highway":"secondary","name":"Керей Және Жәнібек Хандар көшесі","bridge":null,"lanes":"5","oneway":"no"}},{"type":"Feature","geometry":{"type":"LineString","coordinates":[[71.44029,51.11204],[71.43992,51.11209]]},"properties":{"layer":"road","districtId":"esil","osmType":"way","osmId":1461445368,"highway":"secondary","name":"Керей Және Жәнібек Хандар көшесі","bridge":null,"lanes":"5","oneway":"no"}},{"type":"Feature","geometry":{"type":"LineString","coordinates":[[71.43895,51.11225],[71.43852,51.11232]]},"properties":{"layer":"road","districtId":"esil","osmType":"way","osmId":1461445369,"highway":"secondary","name":"Керей Және Жәнібек Хандар көшесі","bridge":null,"lanes":"5","oneway":"no"}},{"type":"Feature","geometry":{"type":"LineString","coordinates":[[71.4426,51.11112],[71.44225,51.11133]]},"properties":{"layer":"road","districtId":"esil","osmType":"way","osmId":1461445374,"highway":"secondary","name":"Керей Және Жәнібек Хандар көшесі","bridge":null,"lanes":"5","oneway":"no"}},{"type":"Feature","geometry":{"type":"LineString","coordinates":[[71.44318,51.11073],[71.4426,51.11112]]},"properties":{"layer":"road","districtId":"esil","osmType":"way","osmId":1461445375,"highway":"secondary","name":"Керей Және Жәнібек Хандар көшесі","bridge":null,"lanes":"5","oneway":"no"}},{"type":"Feature","geometry":{"type":"LineString","coordinates":[[71.44148,51.11969],[71.44188,51.12082],[71.44171,51.12095]]},"properties":{"layer":"road","districtId":"esil","osmType":"way","osmId":1461445400,"highway":"tertiary","name":"Әлихан Бөкейхан көшесі","bridge":null,"lanes":null,"oneway":"no"}},{"type":"Feature","geometry":{"type":"LineString","coordinates":[[71.44143,51.11955],[71.44148,51.11969]]},"properties":{"layer":"road","districtId":"esil","osmType":"way","osmId":1461445401,"highway":"tertiary","name":"Әлихан Бөкейхан көшесі","bridge":null,"lanes":null,"oneway":"no"}},{"type":"Feature","geometry":{"type":"LineString","coordinates":[[71.44051,51.11702],[71.44068,51.11748]]},"properties":{"layer":"road","districtId":"esil","osmType":"way","osmId":1461445406,"highway":"tertiary","name":"Әлихан Бөкейхан көшесі","bridge":null,"lanes":null,"oneway":"no"}},{"type":"Feature","geometry":{"type":"LineString","coordinates":[[71.44068,51.11748],[71.44143,51.11955]]},"properties":{"layer":"road","districtId":"esil","osmType":"way","osmId":1461445407,"highway":"tertiary","name":"Әлихан Бөкейхан көшесі","bridge":null,"lanes":null,"oneway":"no"}},{"type":"Feature","geometry":{"type":"LineString","coordinates":[[71.44028,51.11643],[71.4404,51.11674]]},"properties":{"layer":"road","districtId":"esil","osmType":"way","osmId":1461445419,"highway":"tertiary","name":"Әлихан Бөкейхан көшесі","bridge":null,"lanes":null,"oneway":"no"}},{"type":"Feature","geometry":{"type":"LineString","coordinates":[[71.44025,51.11635],[71.44028,51.11643]]},"properties":{"layer":"road","districtId":"esil","osmType":"way","osmId":1461445420,"highway":"tertiary","name":"Әлихан Бөкейхан көшесі","bridge":null,"lanes":null,"oneway":"no"}},{"type":"Feature","geometry":{"type":"LineString","coordinates":[[71.4404,51.11674],[71.44044,51.11684]]},"properties":{"layer":"road","districtId":"esil","osmType":"way","osmId":1461445421,"highway":"tertiary","name":"Әлихан Бөкейхан көшесі","bridge":null,"lanes":null,"oneway":"no"}},{"type":"Feature","geometry":{"type":"LineString","coordinates":[[71.44044,51.11684],[71.44051,51.11702]]},"properties":{"layer":"road","districtId":"esil","osmType":"way","osmId":1461445422,"highway":"tertiary","name":"Әлихан Бөкейхан көшесі","bridge":null,"lanes":null,"oneway":"no"}},{"type":"Feature","geometry":{"type":"LineString","coordinates":[[71.43979,51.11501],[71.44025,51.11635]]},"properties":{"layer":"road","districtId":"esil","osmType":"way","osmId":1461445427,"highway":"tertiary","name":"Әлихан Бөкейхан көшесі","bridge":null,"lanes":null,"oneway":"no"}},{"type":"Feature","geometry":{"type":"LineString","coordinates":[[71.43975,51.11489],[71.43979,51.11501]]},"properties":{"layer":"road","districtId":"esil","osmType":"way","osmId":1461445428,"highway":"tertiary","name":"Әлихан Бөкейхан көшесі","bridge":null,"lanes":null,"oneway":"no"}},{"type":"Feature","geometry":{"type":"LineString","coordinates":[[71.43921,51.1135],[71.43975,51.11489]]},"properties":{"layer":"road","districtId":"esil","osmType":"way","osmId":1461445438,"highway":"tertiary","name":"Әлихан Бөкейхан көшесі","bridge":null,"lanes":null,"oneway":"no"}},{"type":"Feature","geometry":{"type":"LineString","coordinates":[[71.43521,51.11279],[71.43361,51.11302]]},"properties":{"layer":"road","districtId":"esil","osmType":"way","osmId":1461445449,"highway":"secondary","name":"Керей Және Жәнібек Хандар көшесі","bridge":null,"lanes":"7","oneway":"no"}},{"type":"Feature","geometry":{"type":"LineString","coordinates":[[71.437,51.11254],[71.43521,51.11279]]},"properties":{"layer":"road","districtId":"esil","osmType":"way","osmId":1461445450,"highway":"secondary","name":"Керей Және Жәнібек Хандар көшесі","bridge":null,"lanes":"7","oneway":"no"}},{"type":"Feature","geometry":{"type":"LineString","coordinates":[[71.43713,51.11252],[71.437,51.11254]]},"properties":{"layer":"road","districtId":"esil","osmType":"way","osmId":1461445451,"highway":"secondary","name":"Керей Және Жәнібек Хандар көшесі","bridge":null,"lanes":"7","oneway":"no"}},{"type":"Feature","geometry":{"type":"LineString","coordinates":[[71.43455,51.10826],[71.43602,51.10804]]},"properties":{"layer":"road","districtId":"esil","osmType":"way","osmId":1461751871,"highway":"tertiary","name":"Орынбор көшесі","bridge":null,"lanes":"4","oneway":null}},{"type":"Feature","geometry":{"type":"LineString","coordinates":[[71.43224,51.10859],[71.43361,51.1084]]},"properties":{"layer":"road","districtId":"esil","osmType":"way","osmId":1461751875,"highway":"tertiary","name":"Орынбор көшесі","bridge":null,"lanes":"4","oneway":null}},{"type":"Feature","geometry":{"type":"LineString","coordinates":[[71.42697,51.10934],[71.42618,51.10946]]},"properties":{"layer":"road","districtId":"esil","osmType":"way","osmId":1461751907,"highway":"tertiary","name":"Орынбор көшесі","bridge":null,"lanes":"6","oneway":null}},{"type":"Feature","geometry":{"type":"LineString","coordinates":[[71.42618,51.10946],[71.42543,51.10956]]},"properties":{"layer":"road","districtId":"esil","osmType":"way","osmId":1461751908,"highway":"tertiary","name":"Орынбор көшесі","bridge":null,"lanes":"6","oneway":null}},{"type":"Feature","geometry":{"type":"LineString","coordinates":[[71.42718,51.10931],[71.42697,51.10934]]},"properties":{"layer":"road","districtId":"esil","osmType":"way","osmId":1461751909,"highway":"tertiary","name":"Орынбор көшесі","bridge":null,"lanes":"4","oneway":null}},{"type":"Feature","geometry":{"type":"LineString","coordinates":[[71.42742,51.10928],[71.42718,51.10931]]},"properties":{"layer":"road","districtId":"esil","osmType":"way","osmId":1461751912,"highway":"tertiary","name":"Орынбор көшесі","bridge":null,"lanes":"4","oneway":null}},{"type":"Feature","geometry":{"type":"LineString","coordinates":[[71.42796,51.1092],[71.42742,51.10928]]},"properties":{"layer":"road","districtId":"esil","osmType":"way","osmId":1461751913,"highway":"tertiary","name":"Орынбор көшесі","bridge":null,"lanes":"4","oneway":null}},{"type":"Feature","geometry":{"type":"LineString","coordinates":[[71.42833,51.10915],[71.42796,51.1092]]},"properties":{"layer":"road","districtId":"esil","osmType":"way","osmId":1461751914,"highway":"tertiary","name":"Орынбор көшесі","bridge":null,"lanes":"4","oneway":null}},{"type":"Feature","geometry":{"type":"LineString","coordinates":[[71.42899,51.10906],[71.42833,51.10915]]},"properties":{"layer":"road","districtId":"esil","osmType":"way","osmId":1461751915,"highway":"tertiary","name":"Орынбор көшесі","bridge":null,"lanes":"4","oneway":null}},{"type":"Feature","geometry":{"type":"LineString","coordinates":[[71.42918,51.10903],[71.42899,51.10906]]},"properties":{"layer":"road","districtId":"esil","osmType":"way","osmId":1461751916,"highway":"tertiary","name":"Орынбор көшесі","bridge":null,"lanes":"4","oneway":null}},{"type":"Feature","geometry":{"type":"LineString","coordinates":[[71.43063,51.10882],[71.42969,51.10896]]},"properties":{"layer":"road","districtId":"esil","osmType":"way","osmId":1461751934,"highway":"tertiary","name":"Орынбор көшесі","bridge":null,"lanes":"4","oneway":null}},{"type":"Feature","geometry":{"type":"LineString","coordinates":[[71.43948,51.08395],[71.43942,51.08375]]},"properties":{"layer":"road","districtId":"esil","osmType":"way","osmId":1462116450,"highway":"tertiary","name":"Қасым Қайсенов көшесі","bridge":null,"lanes":null,"oneway":null}},{"type":"Feature","geometry":{"type":"LineString","coordinates":[[71.43942,51.08375],[71.43891,51.08233]]},"properties":{"layer":"road","districtId":"esil","osmType":"way","osmId":1462116451,"highway":"tertiary","name":"Қасым Қайсенов көшесі","bridge":null,"lanes":null,"oneway":null}},{"type":"Feature","geometry":{"type":"LineString","coordinates":[[71.43258,51.11316],[71.43128,51.11335]]},"properties":{"layer":"road","districtId":"esil","osmType":"way","osmId":1462229140,"highway":"secondary","name":"Керей Және Жәнібек Хандар көшесі","bridge":null,"lanes":"7","oneway":"no"}},{"type":"Feature","geometry":{"type":"LineString","coordinates":[[71.43128,51.11335],[71.42955,51.1136]]},"properties":{"layer":"road","districtId":"esil","osmType":"way","osmId":1462229142,"highway":"secondary","name":"Керей Және Жәнібек Хандар көшесі","bridge":null,"lanes":"6","oneway":"no"}},{"type":"Feature","geometry":{"type":"LineString","coordinates":[[71.42789,51.11383],[71.42686,51.11398]]},"properties":{"layer":"road","districtId":"esil","osmType":"way","osmId":1462229147,"highway":"secondary","name":"Керей Және Жәнібек Хандар көшесі","bridge":null,"lanes":"7","oneway":null}},{"type":"Feature","geometry":{"type":"LineString","coordinates":[[71.42815,51.11379],[71.42789,51.11383]]},"properties":{"layer":"road","districtId":"esil","osmType":"way","osmId":1462229148,"highway":"secondary","name":"Керей Және Жәнібек Хандар көшесі","bridge":null,"lanes":"6","oneway":"no"}},{"type":"Feature","geometry":{"type":"LineString","coordinates":[[71.42498,51.11425],[71.42436,51.11434]]},"properties":{"layer":"road","districtId":"esil","osmType":"way","osmId":1462229159,"highway":"secondary","name":"Керей Және Жәнібек Хандар көшесі","bridge":null,"lanes":"7","oneway":null}},{"type":"Feature","geometry":{"type":"LineString","coordinates":[[71.42563,51.11416],[71.42498,51.11425]]},"properties":{"layer":"road","districtId":"esil","osmType":"way","osmId":1462229166,"highway":"secondary","name":"Керей Және Жәнібек Хандар көшесі","bridge":null,"lanes":"7","oneway":null}},{"type":"Feature","geometry":{"type":"LineString","coordinates":[[71.42436,51.11434],[71.4232,51.1145]]},"properties":{"layer":"road","districtId":"esil","osmType":"way","osmId":1462229167,"highway":"secondary","name":"Керей Және Жәнібек Хандар көшесі","bridge":null,"lanes":"7","oneway":null}},{"type":"Feature","geometry":{"type":"LineString","coordinates":[[71.4232,51.1145],[71.42235,51.11462]]},"properties":{"layer":"road","districtId":"esil","osmType":"way","osmId":1462229193,"highway":"secondary","name":"Керей Және Жәнібек Хандар көшесі","bridge":null,"lanes":"7","oneway":"no"}},{"type":"Feature","geometry":{"type":"LineString","coordinates":[[71.41975,51.11499],[71.41879,51.11512]]},"properties":{"layer":"road","districtId":"esil","osmType":"way","osmId":1462229194,"highway":"secondary","name":"Керей Және Жәнібек Хандар көшесі","bridge":null,"lanes":"7","oneway":"no"}},{"type":"Feature","geometry":{"type":"LineString","coordinates":[[71.42213,51.11465],[71.42127,51.11477]]},"properties":{"layer":"road","districtId":"esil","osmType":"way","osmId":1462229195,"highway":"secondary","name":"Керей Және Жәнібек Хандар көшесі","bridge":null,"lanes":"7","oneway":"no"}},{"type":"Feature","geometry":{"type":"LineString","coordinates":[[71.42235,51.11462],[71.42213,51.11465]]},"properties":{"layer":"road","districtId":"esil","osmType":"way","osmId":1462229196,"highway":"secondary","name":"Керей Және Жәнібек Хандар көшесі","bridge":null,"lanes":"7","oneway":"no"}},{"type":"Feature","geometry":{"type":"LineString","coordinates":[[71.42127,51.11477],[71.42055,51.11487]]},"properties":{"layer":"road","districtId":"esil","osmType":"way","osmId":1462229203,"highway":"secondary","name":"Керей Және Жәнібек Хандар көшесі","bridge":null,"lanes":"7","oneway":"no"}},{"type":"Feature","geometry":{"type":"LineString","coordinates":[[71.42055,51.11487],[71.41987,51.11497]]},"properties":{"layer":"road","districtId":"esil","osmType":"way","osmId":1462229204,"highway":"secondary","name":"Керей Және Жәнібек Хандар көшесі","bridge":null,"lanes":"7","oneway":"no"}},{"type":"Feature","geometry":{"type":"LineString","coordinates":[[71.41987,51.11497],[71.41975,51.11499]]},"properties":{"layer":"road","districtId":"esil","osmType":"way","osmId":1462229205,"highway":"secondary","name":"Керей Және Жәнібек Хандар көшесі","bridge":null,"lanes":"7","oneway":"no"}},{"type":"Feature","geometry":{"type":"LineString","coordinates":[[71.41879,51.11512],[71.41774,51.11527]]},"properties":{"layer":"road","districtId":"esil","osmType":"way","osmId":1462229206,"highway":"secondary","name":"Керей Және Жәнібек Хандар көшесі","bridge":null,"lanes":"7","oneway":"no"}},{"type":"Feature","geometry":{"type":"LineString","coordinates":[[71.41774,51.11527],[71.41672,51.11541]]},"properties":{"layer":"road","districtId":"esil","osmType":"way","osmId":1462229208,"highway":"secondary","name":"Керей Және Жәнібек Хандар көшесі","bridge":null,"lanes":"7","oneway":"no"}},{"type":"Feature","geometry":{"type":"LineString","coordinates":[[71.4156,51.11557],[71.41515,51.11564]]},"properties":{"layer":"road","districtId":"esil","osmType":"way","osmId":1462229217,"highway":"secondary","name":"Керей Және Жәнібек Хандар көшесі","bridge":null,"lanes":"6","oneway":"no"}},{"type":"Feature","geometry":{"type":"LineString","coordinates":[[71.41515,51.11564],[71.41427,51.11576]]},"properties":{"layer":"road","districtId":"esil","osmType":"way","osmId":1462229218,"highway":"secondary","name":"Керей Және Жәнібек Хандар көшесі","bridge":null,"lanes":"6","oneway":"no"}},{"type":"Feature","geometry":{"type":"LineString","coordinates":[[71.41651,51.11544],[71.416,51.11552]]},"properties":{"layer":"road","districtId":"esil","osmType":"way","osmId":1462229219,"highway":"secondary","name":"Керей Және Жәнібек Хандар көшесі","bridge":null,"lanes":"7","oneway":"no"}},{"type":"Feature","geometry":{"type":"LineString","coordinates":[[71.41672,51.11541],[71.41651,51.11544]]},"properties":{"layer":"road","districtId":"esil","osmType":"way","osmId":1462229220,"highway":"secondary","name":"Керей Және Жәнібек Хандар көшесі","bridge":null,"lanes":"7","oneway":"no"}},{"type":"Feature","geometry":{"type":"LineString","coordinates":[[71.41427,51.11576],[71.41345,51.11587]]},"properties":{"layer":"road","districtId":"esil","osmType":"way","osmId":1462229221,"highway":"secondary","name":"Керей Және Жәнібек Хандар көшесі","bridge":null,"lanes":"6","oneway":"no"}},{"type":"Feature","geometry":{"type":"LineString","coordinates":[[71.41345,51.11587],[71.41255,51.116]]},"properties":{"layer":"road","districtId":"esil","osmType":"way","osmId":1462229222,"highway":"secondary","name":"Керей Және Жәнібек Хандар көшесі","bridge":null,"lanes":"6","oneway":"no"}},{"type":"Feature","geometry":{"type":"LineString","coordinates":[[71.417,51.11317],[71.41709,51.11345]]},"properties":{"layer":"road","districtId":"esil","osmType":"way","osmId":1467734712,"highway":"tertiary","name":"Сауран көшесі","bridge":null,"lanes":"6","oneway":null}},{"type":"Feature","geometry":{"type":"LineString","coordinates":[[71.41711,51.11352],[71.41714,51.11358]]},"properties":{"layer":"road","districtId":"esil","osmType":"way","osmId":1467734713,"highway":"tertiary","name":"Сауран көшесі","bridge":null,"lanes":"6","oneway":null}},{"type":"Feature","geometry":{"type":"LineString","coordinates":[[71.41714,51.11358],[71.41729,51.11403]]},"properties":{"layer":"road","districtId":"esil","osmType":"way","osmId":1467734714,"highway":"tertiary","name":"Сауран көшесі","bridge":null,"lanes":"4","oneway":null}},{"type":"Feature","geometry":{"type":"LineString","coordinates":[[71.41709,51.11345],[71.41711,51.11352]]},"properties":{"layer":"road","districtId":"esil","osmType":"way","osmId":1467734715,"highway":"tertiary","name":"Сауран көшесі","bridge":null,"lanes":"6","oneway":null}},{"type":"Feature","geometry":{"type":"LineString","coordinates":[[71.41678,51.11255],[71.41683,51.11268]]},"properties":{"layer":"road","districtId":"esil","osmType":"way","osmId":1467734716,"highway":"tertiary","name":"Сауран көшесі","bridge":null,"lanes":"6","oneway":null}},{"type":"Feature","geometry":{"type":"LineString","coordinates":[[71.41674,51.11244],[71.41678,51.11255]]},"properties":{"layer":"road","districtId":"esil","osmType":"way","osmId":1467734717,"highway":"tertiary","name":"Сауран көшесі","bridge":null,"lanes":"6","oneway":null}},{"type":"Feature","geometry":{"type":"LineString","coordinates":[[71.41666,51.1122],[71.41668,51.11228]]},"properties":{"layer":"road","districtId":"esil","osmType":"way","osmId":1467734718,"highway":"tertiary","name":"Сауран көшесі","bridge":null,"lanes":"6","oneway":null}},{"type":"Feature","geometry":{"type":"LineString","coordinates":[[71.41668,51.11228],[71.41674,51.11244]]},"properties":{"layer":"road","districtId":"esil","osmType":"way","osmId":1467734719,"highway":"tertiary","name":"Сауран көшесі","bridge":null,"lanes":"6","oneway":null}},{"type":"Feature","geometry":{"type":"LineString","coordinates":[[71.41646,51.11168],[71.4165,51.11178]]},"properties":{"layer":"road","districtId":"esil","osmType":"way","osmId":1467734720,"highway":"tertiary","name":"Сауран көшесі","bridge":null,"lanes":"6","oneway":null}},{"type":"Feature","geometry":{"type":"LineString","coordinates":[[71.4165,51.11178],[71.41666,51.1122]]},"properties":{"layer":"road","districtId":"esil","osmType":"way","osmId":1467734721,"highway":"tertiary","name":"Сауран көшесі","bridge":null,"lanes":"6","oneway":null}},{"type":"Feature","geometry":{"type":"LineString","coordinates":[[71.41638,51.11148],[71.41646,51.11168]]},"properties":{"layer":"road","districtId":"esil","osmType":"way","osmId":1467734722,"highway":"tertiary","name":"Сауран көшесі","bridge":null,"lanes":"6","oneway":null}},{"type":"Feature","geometry":{"type":"LineString","coordinates":[[71.41683,51.11268],[71.417,51.11317]]},"properties":{"layer":"road","districtId":"esil","osmType":"way","osmId":1467734737,"highway":"tertiary","name":"Сауран көшесі","bridge":null,"lanes":"6","oneway":null}},{"type":"Feature","geometry":{"type":"LineString","coordinates":[[71.41727,51.11072],[71.41618,51.11088]]},"properties":{"layer":"road","districtId":"esil","osmType":"way","osmId":1467734739,"highway":"tertiary","name":"Орынбор көшесі","bridge":null,"lanes":"6","oneway":null}},{"type":"Feature","geometry":{"type":"LineString","coordinates":[[71.41739,51.1107],[71.41727,51.11072]]},"properties":{"layer":"road","districtId":"esil","osmType":"way","osmId":1467734740,"highway":"tertiary","name":"Орынбор көшесі","bridge":null,"lanes":"6","oneway":null}},{"type":"Feature","geometry":{"type":"LineString","coordinates":[[71.41915,51.11045],[71.41891,51.11049]]},"properties":{"layer":"road","districtId":"esil","osmType":"way","osmId":1467734741,"highway":"tertiary","name":"Орынбор көшесі","bridge":null,"lanes":"6","oneway":null}},{"type":"Feature","geometry":{"type":"LineString","coordinates":[[71.41927,51.11044],[71.41915,51.11045]]},"properties":{"layer":"road","districtId":"esil","osmType":"way","osmId":1467734742,"highway":"tertiary","name":"Орынбор көшесі","bridge":null,"lanes":"6","oneway":null}},{"type":"Feature","geometry":{"type":"LineString","coordinates":[[71.42222,51.11002],[71.4216,51.1101]]},"properties":{"layer":"road","districtId":"esil","osmType":"way","osmId":1467734757,"highway":"tertiary","name":"Орынбор көшесі","bridge":null,"lanes":"6","oneway":null}},{"type":"Feature","geometry":{"type":"LineString","coordinates":[[71.42298,51.10991],[71.42222,51.11002]]},"properties":{"layer":"road","districtId":"esil","osmType":"way","osmId":1467734758,"highway":"tertiary","name":"Орынбор көшесі","bridge":null,"lanes":"6","oneway":null}},{"type":"Feature","geometry":{"type":"LineString","coordinates":[[71.42325,51.10988],[71.42298,51.10991]]},"properties":{"layer":"road","districtId":"esil","osmType":"way","osmId":1467734759,"highway":"tertiary","name":"Орынбор көшесі","bridge":null,"lanes":"6","oneway":null}},{"type":"Feature","geometry":{"type":"LineString","coordinates":[[71.42446,51.10971],[71.42338,51.10986]]},"properties":{"layer":"road","districtId":"esil","osmType":"way","osmId":1467734760,"highway":"tertiary","name":"Орынбор көшесі","bridge":null,"lanes":"6","oneway":null}},{"type":"Feature","geometry":{"type":"LineString","coordinates":[[71.42338,51.10986],[71.42325,51.10988]]},"properties":{"layer":"road","districtId":"esil","osmType":"way","osmId":1467734761,"highway":"tertiary","name":"Орынбор көшесі","bridge":null,"lanes":"6","oneway":null}},{"type":"Feature","geometry":{"type":"LineString","coordinates":[[71.421,51.1102],[71.42077,51.11023]]},"properties":{"layer":"road","districtId":"esil","osmType":"way","osmId":1467734781,"highway":"tertiary","name":"Орынбор көшесі","bridge":null,"lanes":"6","oneway":null}},{"type":"Feature","geometry":{"type":"LineString","coordinates":[[71.42077,51.11023],[71.41972,51.11037]]},"properties":{"layer":"road","districtId":"esil","osmType":"way","osmId":1467734782,"highway":"tertiary","name":"Орынбор көшесі","bridge":null,"lanes":"6","oneway":null}},{"type":"Feature","geometry":{"type":"LineString","coordinates":[[71.41972,51.11037],[71.41927,51.11044]]},"properties":{"layer":"road","districtId":"esil","osmType":"way","osmId":1467734786,"highway":"tertiary","name":"Орынбор көшесі","bridge":null,"lanes":"6","oneway":null}},{"type":"Feature","geometry":{"type":"LineString","coordinates":[[71.41891,51.11049],[71.41874,51.11051]]},"properties":{"layer":"road","districtId":"esil","osmType":"way","osmId":1467734787,"highway":"tertiary","name":"Орынбор көшесі","bridge":null,"lanes":"6","oneway":null}},{"type":"Feature","geometry":{"type":"LineString","coordinates":[[71.41874,51.11051],[71.41757,51.11068]]},"properties":{"layer":"road","districtId":"esil","osmType":"way","osmId":1467734788,"highway":"tertiary","name":"Орынбор көшесі","bridge":null,"lanes":"6","oneway":null}},{"type":"Feature","geometry":{"type":"LineString","coordinates":[[71.41757,51.11068],[71.41739,51.1107]]},"properties":{"layer":"road","districtId":"esil","osmType":"way","osmId":1467734792,"highway":"tertiary","name":"Орынбор көшесі","bridge":null,"lanes":"6","oneway":null}},{"type":"Feature","geometry":{"type":"LineString","coordinates":[[71.41173,51.11152],[71.41061,51.11169]]},"properties":{"layer":"road","districtId":"esil","osmType":"way","osmId":1467734797,"highway":"tertiary","name":"Орынбор көшесі","bridge":null,"lanes":"6","oneway":null}},{"type":"Feature","geometry":{"type":"LineString","coordinates":[[71.41255,51.1114],[71.41173,51.11152]]},"properties":{"layer":"road","districtId":"esil","osmType":"way","osmId":1467734798,"highway":"tertiary","name":"Орынбор көшесі","bridge":null,"lanes":"6","oneway":null}},{"type":"Feature","geometry":{"type":"LineString","coordinates":[[71.36612,51.14374],[71.36654,51.14367]]},"properties":{"layer":"road","districtId":"nura","osmType":"way","osmId":1475579747,"highway":"secondary","name":"Қайым Мұхамедханов көшесі","bridge":null,"lanes":"4","oneway":"yes"}},{"type":"Feature","geometry":{"type":"LineString","coordinates":[[71.36582,51.14379],[71.36612,51.14374]]},"properties":{"layer":"road","districtId":"nura","osmType":"way","osmId":1475579748,"highway":"secondary","name":"Қайым Мұхамедханов көшесі","bridge":null,"lanes":null,"oneway":"yes"}},{"type":"Feature","geometry":{"type":"LineString","coordinates":[[71.36661,51.14383],[71.36618,51.1439]]},"properties":{"layer":"road","districtId":"nura","osmType":"way","osmId":1475579749,"highway":"secondary","name":"Қайым Мұхамедханов көшесі","bridge":null,"lanes":"4","oneway":"yes"}},{"type":"Feature","geometry":{"type":"LineString","coordinates":[[71.36618,51.1439],[71.3659,51.14395]]},"properties":{"layer":"road","districtId":"nura","osmType":"way","osmId":1475579750,"highway":"secondary","name":"Қайым Мұхамедханов көшесі","bridge":null,"lanes":null,"oneway":"yes"}},{"type":"Feature","geometry":{"type":"LineString","coordinates":[[71.40777,51.13429],[71.40751,51.13433]]},"properties":{"layer":"road","districtId":"nura","osmType":"way","osmId":1475623230,"highway":"secondary","name":"Қонаев көшесі","bridge":null,"lanes":"6","oneway":null}},{"type":"Feature","geometry":{"type":"LineString","coordinates":[[71.40751,51.13433],[71.40716,51.13438]]},"properties":{"layer":"road","districtId":"nura","osmType":"way","osmId":1475623231,"highway":"tertiary","name":"Е-308 көшесі","bridge":null,"lanes":"2","oneway":null}},{"type":"Feature","geometry":{"type":"LineString","coordinates":[[71.40597,51.12963],[71.40634,51.12957]]},"properties":{"layer":"road","districtId":"nura","osmType":"way","osmId":1475626836,"highway":"tertiary","name":"Достық көшесі","bridge":null,"lanes":"2","oneway":"yes"}},{"type":"Feature","geometry":{"type":"LineString","coordinates":[[71.47717,51.14575],[71.47709,51.14586]]},"properties":{"layer":"road","districtId":"almaty","osmType":"way","osmId":1477801159,"highway":"tertiary","name":"Жирентаев көшесі","bridge":null,"lanes":null,"oneway":null}},{"type":"Feature","geometry":{"type":"LineString","coordinates":[[71.47627,51.14698],[71.4759,51.14747]]},"properties":{"layer":"road","districtId":"almaty","osmType":"way","osmId":1477801160,"highway":"tertiary","name":"Жирентаев көшесі","bridge":null,"lanes":null,"oneway":null}},{"type":"Feature","geometry":{"type":"LineString","coordinates":[[71.4108,51.0956],[71.41147,51.09745]]},"properties":{"layer":"road","districtId":"esil","osmType":"way","osmId":1481163766,"highway":"tertiary","name":"Хейдар Әлиев көшесі","bridge":null,"lanes":null,"oneway":"yes"}},{"type":"Feature","geometry":{"type":"LineString","coordinates":[[71.41072,51.09539],[71.4108,51.0956]]},"properties":{"layer":"road","districtId":"esil","osmType":"way","osmId":1481163767,"highway":"tertiary","name":"Хейдар Әлиев көшесі","bridge":null,"lanes":null,"oneway":"yes"}},{"type":"Feature","geometry":{"type":"LineString","coordinates":[[71.41062,51.09563],[71.41054,51.09541]]},"properties":{"layer":"road","districtId":"esil","osmType":"way","osmId":1481163768,"highway":"tertiary","name":"Хейдар Әлиев көшесі","bridge":null,"lanes":null,"oneway":"yes"}},{"type":"Feature","geometry":{"type":"LineString","coordinates":[[71.4113,51.09748],[71.41062,51.09563]]},"properties":{"layer":"road","districtId":"esil","osmType":"way","osmId":1481163769,"highway":"tertiary","name":"Хейдар Әлиев көшесі","bridge":null,"lanes":null,"oneway":"yes"}},{"type":"Feature","geometry":{"type":"LineString","coordinates":[[71.40591,51.10291],[71.40444,51.10312]]},"properties":{"layer":"road","districtId":"nura","osmType":"way","osmId":1482579892,"highway":"tertiary","name":"Бұқар Жырау көшесі","bridge":null,"lanes":null,"oneway":null}},{"type":"Feature","geometry":{"type":"LineString","coordinates":[[71.40889,51.18375],[71.40849,51.18514]]},"properties":{"layer":"road","districtId":"saryarka","osmType":"way","osmId":1482703452,"highway":"secondary","name":"Жеңіс даңғылы","bridge":null,"lanes":"7","oneway":"no"}},{"type":"Feature","geometry":{"type":"LineString","coordinates":[[71.40893,51.18362],[71.40889,51.18375]]},"properties":{"layer":"road","districtId":"saryarka","osmType":"way","osmId":1482703453,"highway":"secondary","name":"Жеңіс даңғылы","bridge":null,"lanes":"7","oneway":"no"}},{"type":"Feature","geometry":{"type":"LineString","coordinates":[[71.40905,51.18317],[71.40893,51.18362]]},"properties":{"layer":"road","districtId":"saryarka","osmType":"way","osmId":1482703557,"highway":"secondary","name":"Жеңіс даңғылы","bridge":null,"lanes":"7","oneway":"no"}},{"type":"Feature","geometry":{"type":"LineString","coordinates":[[71.3191,51.13755],[71.3153,51.13519]]},"properties":{"layer":"road","districtId":"nura","osmType":"way","osmId":1482853103,"highway":"primary","name":"Қорғалжын тас жолы","bridge":null,"lanes":"3","oneway":"yes"}},{"type":"Feature","geometry":{"type":"LineString","coordinates":[[71.25328,51.10988],[71.25316,51.10999]]},"properties":{"layer":"road","districtId":"nura","osmType":"way","osmId":1482853107,"highway":"tertiary","name":"Исатай Батыр көшесі","bridge":null,"lanes":null,"oneway":null}},{"type":"Feature","geometry":{"type":"LineString","coordinates":[[71.299,51.12628],[71.29915,51.12612]]},"properties":{"layer":"road","districtId":"nura","osmType":"way","osmId":1482853118,"highway":"tertiary","name":null,"bridge":null,"lanes":null,"oneway":null}},{"type":"Feature","geometry":{"type":"LineString","coordinates":[[71.41697,51.09699],[71.41692,51.09709]]},"properties":{"layer":"road","districtId":"esil","osmType":"way","osmId":1482881157,"highway":"tertiary","name":"Ақмешіт көшесі","bridge":null,"lanes":null,"oneway":"yes"}},{"type":"Feature","geometry":{"type":"LineString","coordinates":[[71.41688,51.09671],[71.41693,51.09687]]},"properties":{"layer":"road","districtId":"esil","osmType":"way","osmId":1482881159,"highway":"tertiary","name":"Ақмешіт көшесі","bridge":null,"lanes":null,"oneway":"yes"}},{"type":"Feature","geometry":{"type":"LineString","coordinates":[[71.41677,51.09689],[71.41671,51.09673]]},"properties":{"layer":"road","districtId":"esil","osmType":"way","osmId":1482881160,"highway":"tertiary","name":"Ақмешіт көшесі","bridge":null,"lanes":null,"oneway":"yes"}},{"type":"Feature","geometry":{"type":"LineString","coordinates":[[71.41659,51.09691],[71.41714,51.09684]]},"properties":{"layer":"road","districtId":"esil","osmType":"way","osmId":1482950543,"highway":"secondary","name":"Ұлы Дала даңғылы","bridge":null,"lanes":"2","oneway":"yes"}},{"type":"Feature","geometry":{"type":"LineString","coordinates":[[71.41164,51.09763],[71.41659,51.09691]]},"properties":{"layer":"road","districtId":"esil","osmType":"way","osmId":1482950544,"highway":"secondary","name":"Ұлы Дала даңғылы","bridge":null,"lanes":"2","oneway":"yes"}},{"type":"Feature","geometry":{"type":"LineString","coordinates":[[71.41717,51.09697],[71.41697,51.09699]]},"properties":{"layer":"road","districtId":"esil","osmType":"way","osmId":1482950545,"highway":"secondary","name":"Ұлы Дала даңғылы","bridge":null,"lanes":"3","oneway":"yes"}},{"type":"Feature","geometry":{"type":"LineString","coordinates":[[71.41681,51.09701],[71.41664,51.09703]]},"properties":{"layer":"road","districtId":"esil","osmType":"way","osmId":1482950546,"highway":"secondary","name":"Ұлы Дала даңғылы","bridge":null,"lanes":null,"oneway":"yes"}},{"type":"Feature","geometry":{"type":"LineString","coordinates":[[71.43251,51.1009],[71.43255,51.10102]]},"properties":{"layer":"road","districtId":"esil","osmType":"way","osmId":1483879483,"highway":"tertiary","name":"Әлихан Бөкейхан көшесі","bridge":null,"lanes":null,"oneway":null}},{"type":"Feature","geometry":{"type":"LineString","coordinates":[[71.43193,51.09941],[71.43199,51.09958]]},"properties":{"layer":"road","districtId":"esil","osmType":"way","osmId":1483879484,"highway":"tertiary","name":"Әлихан Бөкейхан көшесі","bridge":null,"lanes":null,"oneway":null}},{"type":"Feature","geometry":{"type":"LineString","coordinates":[[71.43255,51.10102],[71.43283,51.10184]]},"properties":{"layer":"road","districtId":"esil","osmType":"way","osmId":1483879485,"highway":"tertiary","name":"Әлихан Бөкейхан көшесі","bridge":null,"lanes":null,"oneway":null}},{"type":"Feature","geometry":{"type":"LineString","coordinates":[[71.43312,51.10274],[71.43313,51.10278]]},"properties":{"layer":"road","districtId":"esil","osmType":"way","osmId":1483879486,"highway":"tertiary","name":"Әлихан Бөкейхан көшесі","bridge":null,"lanes":null,"oneway":null}},{"type":"Feature","geometry":{"type":"LineString","coordinates":[[71.43283,51.10184],[71.43312,51.10274]]},"properties":{"layer":"road","districtId":"esil","osmType":"way","osmId":1483879487,"highway":"tertiary","name":"Әлихан Бөкейхан көшесі","bridge":null,"lanes":null,"oneway":null}},{"type":"Feature","geometry":{"type":"LineString","coordinates":[[71.47201,51.14635],[71.47008,51.1458]]},"properties":{"layer":"road","districtId":"almaty","osmType":"way","osmId":1483885358,"highway":"tertiary","name":"Күйші Дина көшесі","bridge":null,"lanes":null,"oneway":null}},{"type":"Feature","geometry":{"type":"LineString","coordinates":[[71.47242,51.14647],[71.47201,51.14635]]},"properties":{"layer":"road","districtId":"almaty","osmType":"way","osmId":1483885359,"highway":"tertiary","name":"Күйші Дина көшесі","bridge":null,"lanes":null,"oneway":null}},{"type":"Feature","geometry":{"type":"LineString","coordinates":[[71.47207,51.14654],[71.47228,51.14626]]},"properties":{"layer":"road","districtId":"almaty","osmType":"way","osmId":1483885362,"highway":"secondary","name":"Қаныш Сәтбаев көшесі","bridge":null,"lanes":null,"oneway":null}},{"type":"Feature","geometry":{"type":"LineString","coordinates":[[71.47029,51.149],[71.47068,51.14846]]},"properties":{"layer":"road","districtId":"almaty","osmType":"way","osmId":1483885363,"highway":"secondary","name":"Қаныш Сәтбаев көшесі","bridge":null,"lanes":null,"oneway":null}},{"type":"Feature","geometry":{"type":"LineString","coordinates":[[71.40023,51.11315],[71.40062,51.1131]]},"properties":{"layer":"road","districtId":"nura","osmType":"way","osmId":1483901167,"highway":"tertiary","name":"Орынбор көшесі","bridge":null,"lanes":"4","oneway":null}},{"type":"Feature","geometry":{"type":"LineString","coordinates":[[71.40898,51.11191],[71.41061,51.11169]]},"properties":{"layer":"road","districtId":"nura","osmType":"way","osmId":1483901168,"highway":"tertiary","name":"Орынбор көшесі","bridge":null,"lanes":"4","oneway":null}},{"type":"Feature","geometry":{"type":"LineString","coordinates":[[71.38929,51.13212],[71.39695,51.13093]]},"properties":{"layer":"road","districtId":"nura","osmType":"way","osmId":1484424818,"highway":"tertiary","name":"Халифа бен Заид әл-Нахаян көшесі","bridge":null,"lanes":null,"oneway":"yes"}},{"type":"Feature","geometry":{"type":"LineString","coordinates":[[71.41114,51.15869],[71.41053,51.16079]]},"properties":{"layer":"road","districtId":"saryarka","osmType":"way","osmId":1485516391,"highway":"primary","name":"Сарыарқа даңғылы","bridge":null,"lanes":"6","oneway":null}},{"type":"Feature","geometry":{"type":"LineString","coordinates":[[71.40662,51.17444],[71.40657,51.17462]]},"properties":{"layer":"road","districtId":"saryarka","osmType":"way","osmId":1488635799,"highway":"primary","name":"Сарыарқа даңғылы","bridge":null,"lanes":"7","oneway":null}},{"type":"Feature","geometry":{"type":"LineString","coordinates":[[71.40657,51.17462],[71.4064,51.17523]]},"properties":{"layer":"road","districtId":"saryarka","osmType":"way","osmId":1488635800,"highway":"primary","name":"Сарыарқа даңғылы","bridge":null,"lanes":"7","oneway":null}},{"type":"Feature","geometry":{"type":"LineString","coordinates":[[71.40663,51.17439],[71.40662,51.17444]]},"properties":{"layer":"road","districtId":"saryarka","osmType":"way","osmId":1488635801,"highway":"primary","name":"Сарыарқа даңғылы","bridge":null,"lanes":"7","oneway":null}},{"type":"Feature","geometry":{"type":"LineString","coordinates":[[71.40683,51.17367],[71.40663,51.17439]]},"properties":{"layer":"road","districtId":"saryarka","osmType":"way","osmId":1488635802,"highway":"primary","name":"Сарыарқа даңғылы","bridge":null,"lanes":"7","oneway":null}},{"type":"Feature","geometry":{"type":"LineString","coordinates":[[71.40686,51.17357],[71.40683,51.17367]]},"properties":{"layer":"road","districtId":"saryarka","osmType":"way","osmId":1488635803,"highway":"primary","name":"Сарыарқа даңғылы","bridge":null,"lanes":"7","oneway":null}},{"type":"Feature","geometry":{"type":"LineString","coordinates":[[71.40688,51.17348],[71.40686,51.17357]]},"properties":{"layer":"road","districtId":"saryarka","osmType":"way","osmId":1488635804,"highway":"primary","name":"Сарыарқа даңғылы","bridge":null,"lanes":"7","oneway":null}},{"type":"Feature","geometry":{"type":"LineString","coordinates":[[71.40696,51.17323],[71.40688,51.17348]]},"properties":{"layer":"road","districtId":"saryarka","osmType":"way","osmId":1488635805,"highway":"primary","name":"Сарыарқа даңғылы","bridge":null,"lanes":"7","oneway":null}},{"type":"Feature","geometry":{"type":"LineString","coordinates":[[71.40718,51.17241],[71.40696,51.17323]]},"properties":{"layer":"road","districtId":"saryarka","osmType":"way","osmId":1488635806,"highway":"primary","name":"Сарыарқа даңғылы","bridge":null,"lanes":"7","oneway":null}},{"type":"Feature","geometry":{"type":"LineString","coordinates":[[71.40773,51.1704],[71.40769,51.17055]]},"properties":{"layer":"road","districtId":"saryarka","osmType":"way","osmId":1488635807,"highway":"primary","name":"Сарыарқа даңғылы","bridge":null,"lanes":"6","oneway":null}},{"type":"Feature","geometry":{"type":"LineString","coordinates":[[71.40804,51.1693],[71.40786,51.16988]]},"properties":{"layer":"road","districtId":"saryarka","osmType":"way","osmId":1488635808,"highway":"primary","name":"Сарыарқа даңғылы","bridge":null,"lanes":"7","oneway":null}},{"type":"Feature","geometry":{"type":"LineString","coordinates":[[71.40785,51.17001],[71.40773,51.1704]]},"properties":{"layer":"road","districtId":"saryarka","osmType":"way","osmId":1488635813,"highway":"primary","name":"Сарыарқа даңғылы","bridge":null,"lanes":"7","oneway":null}},{"type":"Feature","geometry":{"type":"LineString","coordinates":[[71.40769,51.17055],[71.40755,51.17103]]},"properties":{"layer":"road","districtId":"saryarka","osmType":"way","osmId":1488635814,"highway":"primary","name":"Сарыарқа даңғылы","bridge":null,"lanes":"6","oneway":null}},{"type":"Feature","geometry":{"type":"LineString","coordinates":[[71.40755,51.17103],[71.40743,51.17143]]},"properties":{"layer":"road","districtId":"saryarka","osmType":"way","osmId":1488635815,"highway":"primary","name":"Сарыарқа даңғылы","bridge":null,"lanes":"6","oneway":null}},{"type":"Feature","geometry":{"type":"LineString","coordinates":[[71.40743,51.17143],[71.40738,51.17161]]},"properties":{"layer":"road","districtId":"saryarka","osmType":"way","osmId":1488635816,"highway":"primary","name":"Сарыарқа даңғылы","bridge":null,"lanes":"6","oneway":null}},{"type":"Feature","geometry":{"type":"LineString","coordinates":[[71.40738,51.17161],[71.40718,51.17241]]},"properties":{"layer":"road","districtId":"saryarka","osmType":"way","osmId":1488635817,"highway":"primary","name":"Сарыарқа даңғылы","bridge":null,"lanes":"6","oneway":null}},{"type":"Feature","geometry":{"type":"LineString","coordinates":[[71.40814,51.16897],[71.40804,51.1693]]},"properties":{"layer":"road","districtId":"saryarka","osmType":"way","osmId":1488635823,"highway":"primary","name":"Сарыарқа даңғылы","bridge":null,"lanes":"7","oneway":null}},{"type":"Feature","geometry":{"type":"LineString","coordinates":[[71.40847,51.16778],[71.40845,51.16786]]},"properties":{"layer":"road","districtId":"saryarka","osmType":"way","osmId":1488635833,"highway":"primary","name":"Сарыарқа даңғылы","bridge":null,"lanes":"6","oneway":null}},{"type":"Feature","geometry":{"type":"LineString","coordinates":[[71.40892,51.16619],[71.40878,51.16667]]},"properties":{"layer":"road","districtId":"saryarka","osmType":"way","osmId":1488635834,"highway":"primary","name":"Сарыарқа даңғылы","bridge":null,"lanes":"7","oneway":null}},{"type":"Feature","geometry":{"type":"LineString","coordinates":[[71.40874,51.16682],[71.40847,51.16778]]},"properties":{"layer":"road","districtId":"saryarka","osmType":"way","osmId":1488635835,"highway":"primary","name":"Сарыарқа даңғылы","bridge":null,"lanes":"7","oneway":null}},{"type":"Feature","geometry":{"type":"LineString","coordinates":[[71.40878,51.16667],[71.40874,51.16682]]},"properties":{"layer":"road","districtId":"saryarka","osmType":"way","osmId":1488635836,"highway":"primary","name":"Сарыарқа даңғылы","bridge":null,"lanes":"7","oneway":null}},{"type":"Feature","geometry":{"type":"LineString","coordinates":[[71.40845,51.16786],[71.40836,51.16817]]},"properties":{"layer":"road","districtId":"saryarka","osmType":"way","osmId":1488635837,"highway":"primary","name":"Сарыарқа даңғылы","bridge":null,"lanes":"7","oneway":null}},{"type":"Feature","geometry":{"type":"LineString","coordinates":[[71.40836,51.16817],[71.40825,51.16855]]},"properties":{"layer":"road","districtId":"saryarka","osmType":"way","osmId":1488635838,"highway":"primary","name":"Сарыарқа даңғылы","bridge":null,"lanes":"7","oneway":null}},{"type":"Feature","geometry":{"type":"LineString","coordinates":[[71.40825,51.16855],[71.40814,51.16897]]},"properties":{"layer":"road","districtId":"saryarka","osmType":"way","osmId":1488635839,"highway":"primary","name":"Сарыарқа даңғылы","bridge":null,"lanes":"7","oneway":null}},{"type":"Feature","geometry":{"type":"LineString","coordinates":[[71.40786,51.16988],[71.40785,51.17001]]},"properties":{"layer":"road","districtId":"saryarka","osmType":"way","osmId":1488635841,"highway":"primary","name":"Сарыарқа даңғылы","bridge":null,"lanes":"7","oneway":null}},{"type":"Feature","geometry":{"type":"LineString","coordinates":[[71.40979,51.16318],[71.40938,51.16458]]},"properties":{"layer":"road","districtId":"saryarka","osmType":"way","osmId":1488635842,"highway":"primary","name":"Сарыарқа даңғылы","bridge":null,"lanes":"7","oneway":null}},{"type":"Feature","geometry":{"type":"LineString","coordinates":[[71.41069,51.16329],[71.40979,51.16318]]},"properties":{"layer":"road","districtId":"saryarka","osmType":"way","osmId":1488635854,"highway":"secondary","name":"Кенесары көшесі","bridge":null,"lanes":"4","oneway":"yes"}},{"type":"Feature","geometry":{"type":"LineString","coordinates":[[71.40995,51.16265],[71.40979,51.16318]]},"properties":{"layer":"road","districtId":"saryarka","osmType":"way","osmId":1488635855,"highway":"primary","name":"Сарыарқа даңғылы","bridge":null,"lanes":"7","oneway":null}},{"type":"Feature","geometry":{"type":"LineString","coordinates":[[71.41053,51.16079],[71.4102,51.16185]]},"properties":{"layer":"road","districtId":"saryarka","osmType":"way","osmId":1488635858,"highway":"primary","name":"Сарыарқа даңғылы","bridge":null,"lanes":"7","oneway":null}},{"type":"Feature","geometry":{"type":"LineString","coordinates":[[71.4102,51.16185],[71.41005,51.16233]]},"properties":{"layer":"road","districtId":"saryarka","osmType":"way","osmId":1488635859,"highway":"primary","name":"Сарыарқа даңғылы","bridge":null,"lanes":"7","oneway":null}},{"type":"Feature","geometry":{"type":"LineString","coordinates":[[71.41005,51.16233],[71.40995,51.16265]]},"properties":{"layer":"road","districtId":"saryarka","osmType":"way","osmId":1488635860,"highway":"primary","name":"Сарыарқа даңғылы","bridge":null,"lanes":"7","oneway":null}},{"type":"Feature","geometry":{"type":"LineString","coordinates":[[71.39695,51.06986],[71.39638,51.07054]]},"properties":{"layer":"road","districtId":"esil","osmType":"way","osmId":1490038311,"highway":"primary","name":"Қабанбай Батыр даңғылы","bridge":null,"lanes":"3","oneway":"yes"}},{"type":"Feature","geometry":{"type":"LineString","coordinates":[[71.39605,51.07021],[71.39695,51.06986]]},"properties":{"layer":"road","districtId":"esil","osmType":"way","osmId":1490038312,"highway":"primary","name":"Қабанбай Батыр даңғылы","bridge":null,"lanes":"2","oneway":"yes"}},{"type":"Feature","geometry":{"type":"LineString","coordinates":[[71.4015,51.06704],[71.40073,51.06752]]},"properties":{"layer":"road","districtId":"esil","osmType":"way","osmId":1490038314,"highway":"primary","name":"Қабанбай Батыр даңғылы","bridge":null,"lanes":"5","oneway":null}},{"type":"Feature","geometry":{"type":"LineString","coordinates":[[71.40073,51.06752],[71.39695,51.06986]]},"properties":{"layer":"road","districtId":"esil","osmType":"way","osmId":1490038315,"highway":"primary","name":"Қабанбай Батыр даңғылы","bridge":null,"lanes":"5","oneway":null}},{"type":"Feature","geometry":{"type":"LineString","coordinates":[[71.40871,51.06256],[71.4015,51.06704]]},"properties":{"layer":"road","districtId":"esil","osmType":"way","osmId":1490038317,"highway":"primary","name":"Қабанбай Батыр даңғылы","bridge":null,"lanes":"4","oneway":null}},{"type":"Feature","geometry":{"type":"LineString","coordinates":[[71.40971,51.06192],[71.40871,51.06256]]},"properties":{"layer":"road","districtId":"esil","osmType":"way","osmId":1490038318,"highway":"primary","name":"Қабанбай Батыр даңғылы","bridge":null,"lanes":"4","oneway":null}},{"type":"Feature","geometry":{"type":"LineString","coordinates":[[71.41282,51.06001],[71.41199,51.06051]]},"properties":{"layer":"road","districtId":"esil","osmType":"way","osmId":1490038322,"highway":"primary","name":"Қабанбай Батыр даңғылы","bridge":null,"lanes":"4","oneway":null}},{"type":"Feature","geometry":{"type":"LineString","coordinates":[[71.41199,51.06051],[71.41168,51.0607]]},"properties":{"layer":"road","districtId":"esil","osmType":"way","osmId":1490038323,"highway":"primary","name":"Қабанбай Батыр даңғылы","bridge":null,"lanes":"4","oneway":null}},{"type":"Feature","geometry":{"type":"LineString","coordinates":[[71.41168,51.0607],[71.41108,51.06108]]},"properties":{"layer":"road","districtId":"esil","osmType":"way","osmId":1490038324,"highway":"primary","name":"Қабанбай Батыр даңғылы","bridge":null,"lanes":"4","oneway":null}},{"type":"Feature","geometry":{"type":"LineString","coordinates":[[71.42993,51.0494],[71.42853,51.05026]]},"properties":{"layer":"road","districtId":"esil","osmType":"way","osmId":1490038331,"highway":"primary","name":"Қабанбай Батыр даңғылы","bridge":null,"lanes":"4","oneway":null}},{"type":"Feature","geometry":{"type":"LineString","coordinates":[[71.44157,51.04217],[71.43742,51.04477]]},"properties":{"layer":"road","districtId":"esil","osmType":"way","osmId":1490038332,"highway":"primary","name":"Қабанбай Батыр даңғылы","bridge":null,"lanes":"4","oneway":null}},{"type":"Feature","geometry":{"type":"LineString","coordinates":[[71.44769,51.03839],[71.44905,51.03745]]},"properties":{"layer":"road","districtId":"esil","osmType":"way","osmId":1490038333,"highway":"primary","name":"Қабанбай Батыр даңғылы","bridge":null,"lanes":"3","oneway":"yes"}},{"type":"Feature","geometry":{"type":"LineString","coordinates":[[71.43742,51.04477],[71.43463,51.0465]]},"properties":{"layer":"road","districtId":"esil","osmType":"way","osmId":1490038339,"highway":"primary","name":"Қабанбай Батыр даңғылы","bridge":null,"lanes":"4","oneway":null}},{"type":"Feature","geometry":{"type":"LineString","coordinates":[[71.43463,51.0465],[71.43078,51.04887]]},"properties":{"layer":"road","districtId":"esil","osmType":"way","osmId":1490038340,"highway":"primary","name":"Қабанбай Батыр даңғылы","bridge":null,"lanes":"4","oneway":null}},{"type":"Feature","geometry":{"type":"LineString","coordinates":[[71.43078,51.04887],[71.42993,51.0494]]},"properties":{"layer":"road","districtId":"esil","osmType":"way","osmId":1490038341,"highway":"primary","name":"Қабанбай Батыр даңғылы","bridge":null,"lanes":"4","oneway":null}},{"type":"Feature","geometry":{"type":"LineString","coordinates":[[71.42853,51.05026],[71.42311,51.05361]]},"properties":{"layer":"road","districtId":"esil","osmType":"way","osmId":1490038342,"highway":"primary","name":"Қабанбай Батыр даңғылы","bridge":null,"lanes":"4","oneway":null}},{"type":"Feature","geometry":{"type":"LineString","coordinates":[[71.42311,51.05361],[71.41352,51.05957]]},"properties":{"layer":"road","districtId":"esil","osmType":"way","osmId":1490038343,"highway":"primary","name":"Қабанбай Батыр даңғылы","bridge":null,"lanes":"4","oneway":null}},{"type":"Feature","geometry":{"type":"LineString","coordinates":[[71.44287,51.04137],[71.44157,51.04217]]},"properties":{"layer":"road","districtId":"esil","osmType":"way","osmId":1490038364,"highway":"primary","name":"Қабанбай Батыр даңғылы","bridge":null,"lanes":"4","oneway":null}},{"type":"Feature","geometry":{"type":"LineString","coordinates":[[71.41222,51.14693],[71.41206,51.14616]]},"properties":{"layer":"road","districtId":"nura","osmType":"way","osmId":1490544460,"highway":"primary","name":"Тұран даңғылы","bridge":null,"lanes":"6","oneway":null}},{"type":"Feature","geometry":{"type":"LineString","coordinates":[[71.41224,51.14704],[71.41222,51.14693]]},"properties":{"layer":"road","districtId":"nura","osmType":"way","osmId":1490544463,"highway":"primary","name":"Тұран даңғылы","bridge":null,"lanes":"6","oneway":null}},{"type":"Feature","geometry":{"type":"LineString","coordinates":[[71.41254,51.14882],[71.41249,51.14845]]},"properties":{"layer":"road","districtId":"nura","osmType":"way","osmId":1490544472,"highway":"primary","name":"Тұран даңғылы","bridge":null,"lanes":"6","oneway":null}},{"type":"Feature","geometry":{"type":"LineString","coordinates":[[71.41262,51.15206],[71.41264,51.15146]]},"properties":{"layer":"road","districtId":"nura","osmType":"way","osmId":1490544473,"highway":"primary","name":"Тұран даңғылы","bridge":null,"lanes":"6","oneway":null}},{"type":"Feature","geometry":{"type":"LineString","coordinates":[[71.41261,51.15226],[71.41262,51.15206]]},"properties":{"layer":"road","districtId":"nura","osmType":"way","osmId":1490544474,"highway":"primary","name":"Тұран даңғылы","bridge":null,"lanes":"6","oneway":null}},{"type":"Feature","geometry":{"type":"LineString","coordinates":[[71.4125,51.15344],[71.41257,51.15275]]},"properties":{"layer":"road","districtId":"nura","osmType":"way","osmId":1490544475,"highway":"primary","name":"Тұран даңғылы","bridge":null,"lanes":"6","oneway":null}},{"type":"Feature","geometry":{"type":"LineString","coordinates":[[71.41228,51.15455],[71.4125,51.15344]]},"properties":{"layer":"road","districtId":"nura","osmType":"way","osmId":1490544476,"highway":"primary","name":"Тұран даңғылы","bridge":null,"lanes":"6","oneway":null}},{"type":"Feature","geometry":{"type":"LineString","coordinates":[[71.41166,51.14491],[71.41204,51.14605]]},"properties":{"layer":"road","districtId":"nura","osmType":"way","osmId":1490544477,"highway":"primary","name":"Тұран даңғылы","bridge":null,"lanes":"6","oneway":null}},{"type":"Feature","geometry":{"type":"LineString","coordinates":[[71.40894,51.13798],[71.40907,51.13829]]},"properties":{"layer":"road","districtId":"nura","osmType":"way","osmId":1491132029,"highway":"primary","name":"Тұран даңғылы","bridge":null,"lanes":"7","oneway":null}},{"type":"Feature","geometry":{"type":"LineString","coordinates":[[71.41039,51.14156],[71.41066,51.14226]]},"properties":{"layer":"road","districtId":"nura","osmType":"way","osmId":1491132031,"highway":"primary","name":"Тұран даңғылы","bridge":null,"lanes":"7","oneway":null}},{"type":"Feature","geometry":{"type":"LineString","coordinates":[[71.40907,51.13829],[71.4091,51.13838]]},"properties":{"layer":"road","districtId":"nura","osmType":"way","osmId":1491132032,"highway":"primary","name":"Тұран даңғылы","bridge":null,"lanes":"7","oneway":null}},{"type":"Feature","geometry":{"type":"LineString","coordinates":[[71.4091,51.13838],[71.40944,51.1392]]},"properties":{"layer":"road","districtId":"nura","osmType":"way","osmId":1491132033,"highway":"primary","name":"Тұран даңғылы","bridge":null,"lanes":"7","oneway":null}},{"type":"Feature","geometry":{"type":"LineString","coordinates":[[71.40944,51.1392],[71.40948,51.13932]]},"properties":{"layer":"road","districtId":"nura","osmType":"way","osmId":1491132034,"highway":"primary","name":"Тұран даңғылы","bridge":null,"lanes":"7","oneway":null}},{"type":"Feature","geometry":{"type":"LineString","coordinates":[[71.40948,51.13932],[71.41025,51.1412]]},"properties":{"layer":"road","districtId":"nura","osmType":"way","osmId":1491132035,"highway":"primary","name":"Тұран даңғылы","bridge":null,"lanes":"7","oneway":null}},{"type":"Feature","geometry":{"type":"LineString","coordinates":[[71.41025,51.1412],[71.41039,51.14156]]},"properties":{"layer":"road","districtId":"nura","osmType":"way","osmId":1491132037,"highway":"primary","name":"Тұран даңғылы","bridge":null,"lanes":"7","oneway":null}},{"type":"Feature","geometry":{"type":"LineString","coordinates":[[71.41066,51.14226],[71.41107,51.14327]]},"properties":{"layer":"road","districtId":"nura","osmType":"way","osmId":1491132038,"highway":"primary","name":"Тұран даңғылы","bridge":null,"lanes":"7","oneway":null}},{"type":"Feature","geometry":{"type":"LineString","coordinates":[[71.41107,51.14327],[71.41128,51.14388]]},"properties":{"layer":"road","districtId":"nura","osmType":"way","osmId":1491132039,"highway":"primary","name":"Тұран даңғылы","bridge":null,"lanes":"7","oneway":null}},{"type":"Feature","geometry":{"type":"LineString","coordinates":[[71.41128,51.14388],[71.41152,51.14453]]},"properties":{"layer":"road","districtId":"nura","osmType":"way","osmId":1491132040,"highway":"primary","name":"Тұран даңғылы","bridge":null,"lanes":"7","oneway":null}},{"type":"Feature","geometry":{"type":"LineString","coordinates":[[71.41152,51.14453],[71.41166,51.14491]]},"properties":{"layer":"road","districtId":"nura","osmType":"way","osmId":1491132041,"highway":"primary","name":"Тұран даңғылы","bridge":null,"lanes":"7","oneway":null}},{"type":"Feature","geometry":{"type":"LineString","coordinates":[[71.40574,51.1299],[71.40456,51.12711]]},"properties":{"layer":"road","districtId":"nura","osmType":"way","osmId":1493471136,"highway":"primary","name":"Тұран даңғылы","bridge":null,"lanes":"4","oneway":"yes"}},{"type":"Feature","geometry":{"type":"LineString","coordinates":[[71.40867,51.1373],[71.40829,51.13628]]},"properties":{"layer":"road","districtId":"nura","osmType":"way","osmId":1493471137,"highway":"primary","name":"Тұран даңғылы","bridge":null,"lanes":"7","oneway":null}},{"type":"Feature","geometry":{"type":"LineString","coordinates":[[71.40778,51.13499],[71.40751,51.13433]]},"properties":{"layer":"road","districtId":"nura","osmType":"way","osmId":1493471138,"highway":"primary","name":"Тұран даңғылы","bridge":null,"lanes":"7","oneway":null}},{"type":"Feature","geometry":{"type":"LineString","coordinates":[[71.40606,51.13069],[71.40603,51.13063]]},"properties":{"layer":"road","districtId":"nura","osmType":"way","osmId":1493471157,"highway":"primary","name":"Сарыарқа даңғылы","bridge":null,"lanes":"7","oneway":null}},{"type":"Feature","geometry":{"type":"LineString","coordinates":[[71.40603,51.13063],[71.40574,51.1299]]},"properties":{"layer":"road","districtId":"nura","osmType":"way","osmId":1493471158,"highway":"primary","name":"Тұран даңғылы","bridge":null,"lanes":"7","oneway":null}},{"type":"Feature","geometry":{"type":"LineString","coordinates":[[71.4065,51.13179],[71.40644,51.13165]]},"properties":{"layer":"road","districtId":"nura","osmType":"way","osmId":1493471159,"highway":"primary","name":"Тұран даңғылы","bridge":null,"lanes":"7","oneway":null}},{"type":"Feature","geometry":{"type":"LineString","coordinates":[[71.40644,51.13165],[71.40606,51.13069]]},"properties":{"layer":"road","districtId":"nura","osmType":"way","osmId":1493471160,"highway":"primary","name":"Тұран даңғылы","bridge":null,"lanes":"7","oneway":null}},{"type":"Feature","geometry":{"type":"LineString","coordinates":[[71.40669,51.13227],[71.4065,51.13179]]},"properties":{"layer":"road","districtId":"nura","osmType":"way","osmId":1493471163,"highway":"primary","name":"Тұран даңғылы","bridge":null,"lanes":"7","oneway":null}},{"type":"Feature","geometry":{"type":"LineString","coordinates":[[71.40673,51.13236],[71.40669,51.13227]]},"properties":{"layer":"road","districtId":"nura","osmType":"way","osmId":1493471164,"highway":"primary","name":"Сарыарқа даңғылы","bridge":null,"lanes":"7","oneway":null}},{"type":"Feature","geometry":{"type":"LineString","coordinates":[[71.40728,51.13375],[71.40712,51.13335]]},"properties":{"layer":"road","districtId":"nura","osmType":"way","osmId":1493471167,"highway":"primary","name":"Тұран даңғылы","bridge":null,"lanes":"7","oneway":null}},{"type":"Feature","geometry":{"type":"LineString","coordinates":[[71.40704,51.13314],[71.40673,51.13236]]},"properties":{"layer":"road","districtId":"nura","osmType":"way","osmId":1493471168,"highway":"primary","name":"Тұран даңғылы","bridge":null,"lanes":"7","oneway":null}},{"type":"Feature","geometry":{"type":"LineString","coordinates":[[71.40712,51.13335],[71.40704,51.13314]]},"properties":{"layer":"road","districtId":"nura","osmType":"way","osmId":1493471169,"highway":"primary","name":"Тұран даңғылы","bridge":null,"lanes":"7","oneway":null}},{"type":"Feature","geometry":{"type":"LineString","coordinates":[[71.40805,51.13569],[71.40778,51.13499]]},"properties":{"layer":"road","districtId":"nura","osmType":"way","osmId":1493471183,"highway":"primary","name":"Тұран даңғылы","bridge":null,"lanes":"7","oneway":null}},{"type":"Feature","geometry":{"type":"LineString","coordinates":[[71.43664,51.17872],[71.43669,51.17854]]},"properties":{"layer":"road","districtId":"baikonur","osmType":"way","osmId":1497278369,"highway":"primary","name":"Шоқан Уәлиханов көшесі","bridge":null,"lanes":null,"oneway":"no"}},{"type":"Feature","geometry":{"type":"LineString","coordinates":[[71.41784,51.13142],[71.41787,51.13149]]},"properties":{"layer":"road","districtId":"esil","osmType":"way","osmId":1504536846,"highway":"tertiary","name":"Қазақ радиосы көшесі","bridge":null,"lanes":"4","oneway":null}},{"type":"Feature","geometry":{"type":"LineString","coordinates":[[71.41787,51.13149],[71.41834,51.13264]]},"properties":{"layer":"road","districtId":"esil","osmType":"way","osmId":1504536847,"highway":"tertiary","name":"Қазақ радиосы көшесі","bridge":null,"lanes":"4","oneway":null}},{"type":"Feature","geometry":{"type":"LineString","coordinates":[[71.41695,51.12916],[71.41755,51.13069]]},"properties":{"layer":"road","districtId":"esil","osmType":"way","osmId":1504536853,"highway":"tertiary","name":"Қазақ радиосы көшесі","bridge":null,"lanes":"4","oneway":null}},{"type":"Feature","geometry":{"type":"LineString","coordinates":[[71.45791,51.13853],[71.45681,51.14004]]},"properties":{"layer":"road","districtId":"almaty","osmType":"way","osmId":1506772538,"highway":"tertiary","name":"Асқар Тоқпанов көшесі","bridge":null,"lanes":null,"oneway":null}},{"type":"Feature","geometry":{"type":"LineString","coordinates":[[71.46075,51.13464],[71.45898,51.13708]]},"properties":{"layer":"road","districtId":"almaty","osmType":"way","osmId":1506772539,"highway":"tertiary","name":"Асқар Тоқпанов көшесі","bridge":null,"lanes":null,"oneway":null}},{"type":"Feature","geometry":{"type":"LineString","coordinates":[[71.45898,51.13708],[71.45791,51.13853]]},"properties":{"layer":"road","districtId":"almaty","osmType":"way","osmId":1506772540,"highway":"tertiary","name":"Асқар Тоқпанов көшесі","bridge":null,"lanes":null,"oneway":null}},{"type":"Feature","geometry":{"type":"LineString","coordinates":[[71.4129,51.10172],[71.41296,51.10189]]},"properties":{"layer":"road","districtId":"esil","osmType":"way","osmId":1506807779,"highway":"tertiary","name":"Хейдар Әлиев көшесі","bridge":null,"lanes":"6","oneway":"no"}},{"type":"Feature","geometry":{"type":"LineString","coordinates":[[71.41489,51.10161],[71.41418,51.10171]]},"properties":{"layer":"road","districtId":"esil","osmType":"way","osmId":1506807781,"highway":"tertiary","name":"Бұқар Жырау көшесі","bridge":null,"lanes":null,"oneway":"no"}},{"type":"Feature","geometry":{"type":"LineString","coordinates":[[71.41314,51.10186],[71.41279,51.10191]]},"properties":{"layer":"road","districtId":"esil","osmType":"way","osmId":1506807784,"highway":"tertiary","name":"Бұқар Жырау көшесі","bridge":null,"lanes":null,"oneway":"no"}},{"type":"Feature","geometry":{"type":"LineString","coordinates":[[71.41155,51.1021],[71.41078,51.10221]]},"properties":{"layer":"road","districtId":"esil","osmType":"way","osmId":1506807785,"highway":"tertiary","name":"Бұқар Жырау көшесі","bridge":null,"lanes":null,"oneway":"no"}},{"type":"Feature","geometry":{"type":"LineString","coordinates":[[71.41279,51.10191],[71.41209,51.10202]]},"properties":{"layer":"road","districtId":"esil","osmType":"way","osmId":1506807786,"highway":"tertiary","name":"Бұқар Жырау көшесі","bridge":null,"lanes":null,"oneway":"no"}},{"type":"Feature","geometry":{"type":"LineString","coordinates":[[71.41839,51.10114],[71.41489,51.10161]]},"properties":{"layer":"road","districtId":"esil","osmType":"way","osmId":1506807787,"highway":"tertiary","name":"Бұқар Жырау көшесі","bridge":null,"lanes":null,"oneway":"no"}},{"type":"Feature","geometry":{"type":"LineString","coordinates":[[71.40967,51.10237],[71.4074,51.1027]]},"properties":{"layer":"road","districtId":"esil","osmType":"way","osmId":1506807788,"highway":"tertiary","name":"Бұқар Жырау көшесі","bridge":null,"lanes":null,"oneway":"no"}},{"type":"Feature","geometry":{"type":"LineString","coordinates":[[71.43106,51.10876],[71.43063,51.10882]]},"properties":{"layer":"road","districtId":"esil","osmType":"way","osmId":1509744664,"highway":"tertiary","name":"Орынбор көшесі","bridge":null,"lanes":"4","oneway":null}},{"type":"Feature","geometry":{"type":"LineString","coordinates":[[71.42969,51.10896],[71.42918,51.10903]]},"properties":{"layer":"road","districtId":"esil","osmType":"way","osmId":1509744667,"highway":"tertiary","name":"Орынбор көшесі","bridge":null,"lanes":"4","oneway":null}},{"type":"Feature","geometry":{"type":"LineString","coordinates":[[71.49831,51.14983],[71.49671,51.15045]]},"properties":{"layer":"road","districtId":"almaty","osmType":"way","osmId":1510255676,"highway":"primary","name":"Абылай Хан даңғылы","bridge":null,"lanes":"6","oneway":null}},{"type":"Feature","geometry":{"type":"LineString","coordinates":[[71.41795,51.11585],[71.41793,51.11579]]},"properties":{"layer":"road","districtId":"esil","osmType":"way","osmId":1510550506,"highway":"tertiary","name":"Сауран көшесі","bridge":null,"lanes":"4","oneway":null}},{"type":"Feature","geometry":{"type":"LineString","coordinates":[[71.41793,51.11579],[71.41774,51.11527]]},"properties":{"layer":"road","districtId":"esil","osmType":"way","osmId":1510550507,"highway":"tertiary","name":"Сауран көшесі","bridge":null,"lanes":"4","oneway":null}},{"type":"Feature","geometry":{"type":"LineString","coordinates":[[71.41835,51.11695],[71.41795,51.11585]]},"properties":{"layer":"road","districtId":"esil","osmType":"way","osmId":1510550515,"highway":"tertiary","name":"Сауран көшесі","bridge":null,"lanes":"4","oneway":null}},{"type":"Feature","geometry":{"type":"LineString","coordinates":[[71.4236,51.12583],[71.42357,51.12576]]},"properties":{"layer":"road","districtId":"esil","osmType":"way","osmId":1510550545,"highway":"tertiary","name":"Сауран көшесі","bridge":null,"lanes":"5","oneway":null}},{"type":"Feature","geometry":{"type":"LineString","coordinates":[[71.42357,51.12576],[71.42294,51.12422]]},"properties":{"layer":"road","districtId":"esil","osmType":"way","osmId":1510550546,"highway":"tertiary","name":"Сауран көшесі","bridge":null,"lanes":"5","oneway":null}},{"type":"Feature","geometry":{"type":"LineString","coordinates":[[71.41748,51.11454],[71.41774,51.11527]]},"properties":{"layer":"road","districtId":"esil","osmType":"way","osmId":1510550569,"highway":"tertiary","name":"Сауран көшесі","bridge":null,"lanes":"4","oneway":null}},{"type":"Feature","geometry":{"type":"LineString","coordinates":[[71.41746,51.11449],[71.41748,51.11454]]},"properties":{"layer":"road","districtId":"esil","osmType":"way","osmId":1510550570,"highway":"tertiary","name":"Сауран көшесі","bridge":null,"lanes":"4","oneway":null}},{"type":"Feature","geometry":{"type":"LineString","coordinates":[[71.41744,51.11443],[71.41746,51.11449]]},"properties":{"layer":"road","districtId":"esil","osmType":"way","osmId":1510550571,"highway":"tertiary","name":"Сауран көшесі","bridge":null,"lanes":"4","oneway":null}},{"type":"Feature","geometry":{"type":"LineString","coordinates":[[71.4174,51.11434],[71.41744,51.11443]]},"properties":{"layer":"road","districtId":"esil","osmType":"way","osmId":1510550572,"highway":"tertiary","name":"Сауран көшесі","bridge":null,"lanes":"4","oneway":null}},{"type":"Feature","geometry":{"type":"LineString","coordinates":[[71.41729,51.11403],[71.4174,51.11434]]},"properties":{"layer":"road","districtId":"esil","osmType":"way","osmId":1510550573,"highway":"tertiary","name":"Сауран көшесі","bridge":null,"lanes":"4","oneway":null}},{"type":"Feature","geometry":{"type":"LineString","coordinates":[[71.4195,51.11901],[71.41931,51.11873]]},"properties":{"layer":"road","districtId":"esil","osmType":"way","osmId":1510550575,"highway":"tertiary","name":"Сауран көшесі","bridge":null,"lanes":"4","oneway":null}},{"type":"Feature","geometry":{"type":"LineString","coordinates":[[71.41931,51.11873],[71.4191,51.11839]]},"properties":{"layer":"road","districtId":"esil","osmType":"way","osmId":1510550576,"highway":"tertiary","name":"Сауран көшесі","bridge":null,"lanes":"4","oneway":null}},{"type":"Feature","geometry":{"type":"LineString","coordinates":[[71.41906,51.11834],[71.41852,51.11745]]},"properties":{"layer":"road","districtId":"esil","osmType":"way","osmId":1510550577,"highway":"tertiary","name":"Сауран көшесі","bridge":null,"lanes":"4","oneway":null}},{"type":"Feature","geometry":{"type":"LineString","coordinates":[[71.45444,51.17192],[71.45246,51.17245]]},"properties":{"layer":"road","districtId":"baikonur","osmType":"way","osmId":1512495517,"highway":"tertiary","name":"Сәкен Сейфуллин көшесі","bridge":null,"lanes":null,"oneway":null}},{"type":"Feature","geometry":{"type":"LineString","coordinates":[[71.45911,51.1707],[71.45895,51.17075]]},"properties":{"layer":"road","districtId":"baikonur","osmType":"way","osmId":1512495518,"highway":"tertiary","name":"Сәкен Сейфуллин көшесі","bridge":null,"lanes":null,"oneway":null}},{"type":"Feature","geometry":{"type":"LineString","coordinates":[[71.40154,51.08628],[71.39893,51.07902]]},"properties":{"layer":"road","districtId":"esil","osmType":"way","osmId":1516120168,"highway":"secondary","name":"Қабанбай Батыр даңғылы","bridge":null,"lanes":"5","oneway":null}},{"type":"Feature","geometry":{"type":"LineString","coordinates":[[71.40164,51.08655],[71.40154,51.08628]]},"properties":{"layer":"road","districtId":"esil","osmType":"way","osmId":1516120169,"highway":"secondary","name":"Қабанбай Батыр даңғылы","bridge":null,"lanes":"6","oneway":null}},{"type":"Feature","geometry":{"type":"LineString","coordinates":[[71.41299,51.12535],[71.41285,51.1247]]},"properties":{"layer":"road","districtId":"nura","osmType":"way","osmId":1517171628,"highway":"secondary","name":"Қабанбай Батыр даңғылы","bridge":null,"lanes":"2","oneway":"yes"}},{"type":"Feature","geometry":{"type":"LineString","coordinates":[[71.41304,51.12562],[71.41299,51.12535]]},"properties":{"layer":"road","districtId":"nura","osmType":"way","osmId":1517171629,"highway":"secondary","name":"Қабанбай Батыр даңғылы","bridge":null,"lanes":"5","oneway":null}},{"type":"Feature","geometry":{"type":"LineString","coordinates":[[71.4126,51.12569],[71.41304,51.12562]]},"properties":{"layer":"road","districtId":"nura","osmType":"way","osmId":1517171631,"highway":"secondary","name":"Сығанақ көшесі","bridge":null,"lanes":"4","oneway":"yes"}},{"type":"Feature","geometry":{"type":"LineString","coordinates":[[71.41327,51.12559],[71.41497,51.12532]]},"properties":{"layer":"road","districtId":"esil","osmType":"way","osmId":1517171632,"highway":"secondary","name":"Сығанақ көшесі","bridge":null,"lanes":null,"oneway":"yes"}},{"type":"Feature","geometry":{"type":"LineString","coordinates":[[71.41344,51.12572],[71.41264,51.12584]]},"properties":{"layer":"road","districtId":"nura","osmType":"way","osmId":1517171633,"highway":"secondary","name":"Сығанақ көшесі","bridge":null,"lanes":"4","oneway":"yes"}},{"type":"Feature","geometry":{"type":"LineString","coordinates":[[71.41709,51.12515],[71.41344,51.12572]]},"properties":{"layer":"road","districtId":"esil","osmType":"way","osmId":1517171634,"highway":"secondary","name":"Сығанақ көшесі","bridge":null,"lanes":"4","oneway":"yes"}},{"type":"Feature","geometry":{"type":"LineString","coordinates":[[71.36341,51.1442],[71.3643,51.14405]]},"properties":{"layer":"road","districtId":"nura","osmType":"way","osmId":1518174335,"highway":"secondary","name":"Қайым Мұхамедханов көшесі","bridge":null,"lanes":null,"oneway":"yes"}},{"type":"Feature","geometry":{"type":"LineString","coordinates":[[71.42791,51.04174],[71.43099,51.0418]]},"properties":{"layer":"road","districtId":"esil","osmType":"way","osmId":1518246459,"highway":"tertiary","name":"Арнасай көшесі","bridge":null,"lanes":null,"oneway":null}},{"type":"Feature","geometry":{"type":"LineString","coordinates":[[71.42539,51.04179],[71.42791,51.04174]]},"properties":{"layer":"road","districtId":"esil","osmType":"way","osmId":1518246460,"highway":"tertiary","name":"Арнасай көшесі","bridge":null,"lanes":null,"oneway":null}},{"type":"Feature","geometry":{"type":"LineString","coordinates":[[71.45539,51.10386],[71.45698,51.10481]]},"properties":{"layer":"road","districtId":"esil","osmType":"way","osmId":1518768542,"highway":"secondary","name":"проспект Аль-Фараби","bridge":null,"lanes":null,"oneway":"yes"}},{"type":"Feature","geometry":{"type":"LineString","coordinates":[[71.45663,51.1049],[71.45518,51.10401]]},"properties":{"layer":"road","districtId":"esil","osmType":"way","osmId":1518768543,"highway":"secondary","name":"проспект Аль-Фараби","bridge":null,"lanes":null,"oneway":"yes"}},{"type":"Feature","geometry":{"type":"LineString","coordinates":[[71.45907,51.16082],[71.45912,51.16088]]},"properties":{"layer":"road","districtId":"baikonur","osmType":"way","osmId":1522599455,"highway":"secondary","name":"Ахмет Жұбанов көшесі","bridge":null,"lanes":null,"oneway":null}},{"type":"Feature","geometry":{"type":"LineString","coordinates":[[71.40716,51.13438],[71.40626,51.13452]]},"properties":{"layer":"road","districtId":"nura","osmType":"way","osmId":1522690815,"highway":"tertiary","name":"Е-308 көшесі","bridge":null,"lanes":"4","oneway":null}},{"type":"Feature","geometry":{"type":"LineString","coordinates":[[71.46067,51.16033],[71.46111,51.16019]]},"properties":{"layer":"road","districtId":"baikonur","osmType":"way","osmId":1522720923,"highway":"secondary","name":"Амангелді Иманов көшесі","bridge":null,"lanes":"4","oneway":null}},{"type":"Feature","geometry":{"type":"LineString","coordinates":[[71.40817,51.1605],[71.40822,51.1605]]},"properties":{"layer":"road","districtId":"saryarka","osmType":"way","osmId":1522723587,"highway":"tertiary","name":"Тарас Шевченко көшесі","bridge":null,"lanes":null,"oneway":null}},{"type":"Feature","geometry":{"type":"LineString","coordinates":[[71.40709,51.16036],[71.40817,51.1605]]},"properties":{"layer":"road","districtId":"saryarka","osmType":"way","osmId":1522723588,"highway":"tertiary","name":"Тарас Шевченко көшесі","bridge":null,"lanes":null,"oneway":null}},{"type":"Feature","geometry":{"type":"LineString","coordinates":[[71.40822,51.1605],[71.41053,51.16079]]},"properties":{"layer":"road","districtId":"saryarka","osmType":"way","osmId":1522723589,"highway":"tertiary","name":"Тарас Шевченко көшесі","bridge":null,"lanes":null,"oneway":null}},{"type":"Feature","geometry":{"type":"LineString","coordinates":[[71.42728,51.16551],[71.42707,51.16549]]},"properties":{"layer":"road","districtId":"saryarka","osmType":"way","osmId":1522806466,"highway":"secondary","name":"Кенесары көшесі","bridge":null,"lanes":null,"oneway":"yes"}},{"type":"Feature","geometry":{"type":"LineString","coordinates":[[71.43429,51.16634],[71.42768,51.16557]]},"properties":{"layer":"road","districtId":"baikonur","osmType":"way","osmId":1522806467,"highway":"secondary","name":"Кенесары көшесі","bridge":null,"lanes":null,"oneway":"yes"}},{"type":"Feature","geometry":{"type":"LineString","coordinates":[[71.50441,51.133],[71.50467,51.13266]]},"properties":{"layer":"road","districtId":"almaty","osmType":"way","osmId":1523583405,"highway":"tertiary","name":"Қордай көшесі","bridge":null,"lanes":null,"oneway":null}},{"type":"Feature","geometry":{"type":"LineString","coordinates":[[71.50389,51.13373],[71.504,51.13358]]},"properties":{"layer":"road","districtId":"almaty","osmType":"way","osmId":1523583406,"highway":"tertiary","name":"Қордай көшесі","bridge":null,"lanes":null,"oneway":null}},{"type":"Feature","geometry":{"type":"LineString","coordinates":[[71.50342,51.13441],[71.5038,51.13386]]},"properties":{"layer":"road","districtId":"almaty","osmType":"way","osmId":1523583408,"highway":"tertiary","name":"Қордай көшесі","bridge":null,"lanes":null,"oneway":null}},{"type":"Feature","geometry":{"type":"LineString","coordinates":[[71.50266,51.1355],[71.50342,51.13441]]},"properties":{"layer":"road","districtId":"almaty","osmType":"way","osmId":1523583409,"highway":"tertiary","name":"Қордай көшесі","bridge":null,"lanes":null,"oneway":null}},{"type":"Feature","geometry":{"type":"LineString","coordinates":[[71.50389,51.13373],[71.50409,51.13379]]},"properties":{"layer":"road","districtId":"almaty","osmType":"way","osmId":1523645308,"highway":"secondary","name":"Айнакөл көшесі","bridge":null,"lanes":null,"oneway":null}},{"type":"Feature","geometry":{"type":"LineString","coordinates":[[71.504,51.13358],[71.50441,51.133]]},"properties":{"layer":"road","districtId":"almaty","osmType":"way","osmId":1523645309,"highway":"tertiary","name":"Қордай көшесі","bridge":null,"lanes":null,"oneway":null}},{"type":"Feature","geometry":{"type":"LineString","coordinates":[[71.5038,51.13386],[71.50389,51.13373]]},"properties":{"layer":"road","districtId":"almaty","osmType":"way","osmId":1523645310,"highway":"tertiary","name":"Қордай көшесі","bridge":null,"lanes":null,"oneway":null}},{"type":"Feature","geometry":{"type":"LineString","coordinates":[[71.50369,51.13368],[71.50389,51.13373]]},"properties":{"layer":"road","districtId":"almaty","osmType":"way","osmId":1523645311,"highway":"secondary","name":"Айнакөл көшесі","bridge":null,"lanes":null,"oneway":null}},{"type":"Feature","geometry":{"type":"LineString","coordinates":[[71.46011,51.16706],[71.46022,51.16702]]},"properties":{"layer":"road","districtId":"baikonur","osmType":"way","osmId":1523677722,"highway":"tertiary","name":"Абай даңғылы","bridge":null,"lanes":null,"oneway":"yes"}},{"type":"Feature","geometry":{"type":"LineString","coordinates":[[71.46036,51.16698],[71.46324,51.16607]]},"properties":{"layer":"road","districtId":"baikonur","osmType":"way","osmId":1523677723,"highway":"tertiary","name":"Абай даңғылы","bridge":null,"lanes":null,"oneway":"yes"}},{"type":"Feature","geometry":{"type":"LineString","coordinates":[[71.45713,51.16799],[71.46011,51.16706]]},"properties":{"layer":"road","districtId":"baikonur","osmType":"way","osmId":1523677724,"highway":"tertiary","name":"Абай даңғылы","bridge":null,"lanes":null,"oneway":"yes"}},{"type":"Feature","geometry":{"type":"LineString","coordinates":[[71.46022,51.16702],[71.46036,51.16698]]},"properties":{"layer":"road","districtId":"baikonur","osmType":"way","osmId":1524309881,"highway":"tertiary","name":"Абай даңғылы","bridge":null,"lanes":null,"oneway":"yes"}},{"type":"Feature","geometry":{"type":"LineString","coordinates":[[71.38597,51.10141],[71.38521,51.10152]]},"properties":{"layer":"road","districtId":"nura","osmType":"way","osmId":1524382366,"highway":"tertiary","name":"Ұлы Дала даңғылы","bridge":null,"lanes":null,"oneway":"yes"}},{"type":"Feature","geometry":{"type":"LineString","coordinates":[[71.38707,51.10125],[71.38597,51.10141]]},"properties":{"layer":"road","districtId":"nura","osmType":"way","osmId":1524382367,"highway":"tertiary","name":"Ұлы Дала даңғылы","bridge":null,"lanes":null,"oneway":"yes"}},{"type":"Feature","geometry":{"type":"LineString","coordinates":[[71.38801,51.10112],[71.38707,51.10125]]},"properties":{"layer":"road","districtId":"nura","osmType":"way","osmId":1524382368,"highway":"tertiary","name":"Ұлы Дала даңғылы","bridge":null,"lanes":null,"oneway":"yes"}},{"type":"Feature","geometry":{"type":"LineString","coordinates":[[71.38521,51.10152],[71.37545,51.10292]]},"properties":{"layer":"road","districtId":"nura","osmType":"way","osmId":1524382369,"highway":"tertiary","name":"Ұлы Дала даңғылы","bridge":null,"lanes":null,"oneway":"yes"}},{"type":"Feature","geometry":{"type":"LineString","coordinates":[[71.43342,51.08998],[71.43353,51.08997]]},"properties":{"layer":"road","districtId":"esil","osmType":"way","osmId":1524615072,"highway":"tertiary","name":"Әбіш Кекілбайұлы көшесі","bridge":null,"lanes":"4","oneway":null}},{"type":"Feature","geometry":{"type":"LineString","coordinates":[[71.43368,51.08995],[71.4369,51.08949]]},"properties":{"layer":"road","districtId":"esil","osmType":"way","osmId":1524615073,"highway":"tertiary","name":"Әбіш Кекілбайұлы көшесі","bridge":null,"lanes":"4","oneway":null}},{"type":"Feature","geometry":{"type":"LineString","coordinates":[[71.43353,51.08997],[71.43368,51.08995]]},"properties":{"layer":"road","districtId":"esil","osmType":"way","osmId":1524615074,"highway":"tertiary","name":"Әбіш Кекілбайұлы көшесі","bridge":null,"lanes":"4","oneway":null}},{"type":"Feature","geometry":{"type":"LineString","coordinates":[[71.43234,51.09012],[71.43342,51.08998]]},"properties":{"layer":"road","districtId":"esil","osmType":"way","osmId":1524615075,"highway":"tertiary","name":"Әбіш Кекілбайұлы көшесі","bridge":null,"lanes":"4","oneway":null}},{"type":"Feature","geometry":{"type":"LineString","coordinates":[[71.42627,51.09099],[71.42938,51.09054]]},"properties":{"layer":"road","districtId":"esil","osmType":"way","osmId":1524615101,"highway":"tertiary","name":"Әбіш Кекілбайұлы көшесі","bridge":null,"lanes":"4","oneway":null}},{"type":"Feature","geometry":{"type":"LineString","coordinates":[[71.43036,51.0904],[71.43234,51.09012]]},"properties":{"layer":"road","districtId":"esil","osmType":"way","osmId":1524615104,"highway":"tertiary","name":"Әбіш Кекілбайұлы көшесі","bridge":null,"lanes":"4","oneway":null}},{"type":"Feature","geometry":{"type":"LineString","coordinates":[[71.42938,51.09054],[71.43036,51.0904]]},"properties":{"layer":"road","districtId":"esil","osmType":"way","osmId":1524615105,"highway":"tertiary","name":"Әбіш Кекілбайұлы көшесі","bridge":null,"lanes":"4","oneway":null}},{"type":"Feature","geometry":{"type":"LineString","coordinates":[[71.4369,51.08949],[71.43802,51.08933]]},"properties":{"layer":"road","districtId":"esil","osmType":"way","osmId":1524615107,"highway":"tertiary","name":"Әбіш Кекілбайұлы көшесі","bridge":null,"lanes":"4","oneway":null}},{"type":"Feature","geometry":{"type":"LineString","coordinates":[[71.43802,51.08933],[71.43894,51.0892]]},"properties":{"layer":"road","districtId":"esil","osmType":"way","osmId":1524615108,"highway":"tertiary","name":"Әбіш Кекілбайұлы көшесі","bridge":null,"lanes":"4","oneway":null}},{"type":"Feature","geometry":{"type":"LineString","coordinates":[[71.43919,51.08916],[71.44035,51.089]]},"properties":{"layer":"road","districtId":"esil","osmType":"way","osmId":1524615110,"highway":"tertiary","name":"Әбіш Кекілбайұлы көшесі","bridge":null,"lanes":"4","oneway":null}},{"type":"Feature","geometry":{"type":"LineString","coordinates":[[71.43894,51.0892],[71.43919,51.08916]]},"properties":{"layer":"road","districtId":"esil","osmType":"way","osmId":1524615111,"highway":"tertiary","name":"Әбіш Кекілбайұлы көшесі","bridge":null,"lanes":"4","oneway":null}},{"type":"Feature","geometry":{"type":"LineString","coordinates":[[71.44035,51.089],[71.44122,51.08888]]},"properties":{"layer":"road","districtId":"esil","osmType":"way","osmId":1524615112,"highway":"tertiary","name":"Әбіш Кекілбайұлы көшесі","bridge":null,"lanes":"4","oneway":null}},{"type":"Feature","geometry":{"type":"LineString","coordinates":[[71.44211,51.08875],[71.44383,51.0885]]},"properties":{"layer":"road","districtId":"esil","osmType":"way","osmId":1524615113,"highway":"tertiary","name":"Әбіш Кекілбайұлы көшесі","bridge":null,"lanes":"4","oneway":null}},{"type":"Feature","geometry":{"type":"LineString","coordinates":[[71.44413,51.08845],[71.44489,51.08834]]},"properties":{"layer":"road","districtId":"esil","osmType":"way","osmId":1524615114,"highway":"tertiary","name":"Әбіш Кекілбайұлы көшесі","bridge":null,"lanes":"4","oneway":null}},{"type":"Feature","geometry":{"type":"LineString","coordinates":[[71.44383,51.0885],[71.44413,51.08845]]},"properties":{"layer":"road","districtId":"esil","osmType":"way","osmId":1524615115,"highway":"tertiary","name":"Әбіш Кекілбайұлы көшесі","bridge":null,"lanes":"4","oneway":null}},{"type":"Feature","geometry":{"type":"LineString","coordinates":[[71.44536,51.08827],[71.44574,51.08822]]},"properties":{"layer":"road","districtId":"esil","osmType":"way","osmId":1524615116,"highway":"tertiary","name":"Әбіш Кекілбайұлы көшесі","bridge":null,"lanes":"4","oneway":null}},{"type":"Feature","geometry":{"type":"LineString","coordinates":[[71.44574,51.08822],[71.4465,51.08811]]},"properties":{"layer":"road","districtId":"esil","osmType":"way","osmId":1524615117,"highway":"tertiary","name":"Әбіш Кекілбайұлы көшесі","bridge":null,"lanes":"4","oneway":null}},{"type":"Feature","geometry":{"type":"LineString","coordinates":[[71.44489,51.08834],[71.44536,51.08827]]},"properties":{"layer":"road","districtId":"esil","osmType":"way","osmId":1524615118,"highway":"tertiary","name":"Әбіш Кекілбайұлы көшесі","bridge":null,"lanes":"4","oneway":null}},{"type":"Feature","geometry":{"type":"LineString","coordinates":[[71.44697,51.08804],[71.44823,51.08785]]},"properties":{"layer":"road","districtId":"esil","osmType":"way","osmId":1524615119,"highway":"tertiary","name":"Әбіш Кекілбайұлы көшесі","bridge":null,"lanes":"4","oneway":null}},{"type":"Feature","geometry":{"type":"LineString","coordinates":[[71.4465,51.08811],[71.44697,51.08804]]},"properties":{"layer":"road","districtId":"esil","osmType":"way","osmId":1524615123,"highway":"tertiary","name":"Әбіш Кекілбайұлы көшесі","bridge":null,"lanes":"4","oneway":null}},{"type":"Feature","geometry":{"type":"LineString","coordinates":[[71.42165,51.08356],[71.42105,51.08364]]},"properties":{"layer":"road","districtId":"esil","osmType":"way","osmId":1525212362,"highway":"tertiary","name":"Тұрар Рысқұлов көшесі","bridge":null,"lanes":"4","oneway":null}},{"type":"Feature","geometry":{"type":"LineString","coordinates":[[71.42019,51.08376],[71.41987,51.08381]]},"properties":{"layer":"road","districtId":"esil","osmType":"way","osmId":1525212363,"highway":"tertiary","name":"Тұрар Рысқұлов көшесі","bridge":null,"lanes":"4","oneway":null}},{"type":"Feature","geometry":{"type":"LineString","coordinates":[[71.41987,51.08381],[71.41958,51.08385]]},"properties":{"layer":"road","districtId":"esil","osmType":"way","osmId":1525212364,"highway":"tertiary","name":"Тұрар Рысқұлов көшесі","bridge":null,"lanes":"4","oneway":null}},{"type":"Feature","geometry":{"type":"LineString","coordinates":[[71.41958,51.08385],[71.41914,51.08392]]},"properties":{"layer":"road","districtId":"esil","osmType":"way","osmId":1525212365,"highway":"tertiary","name":"Тұрар Рысқұлов көшесі","bridge":null,"lanes":"4","oneway":null}},{"type":"Feature","geometry":{"type":"LineString","coordinates":[[71.41914,51.08392],[71.41881,51.08396]]},"properties":{"layer":"road","districtId":"esil","osmType":"way","osmId":1525212366,"highway":"tertiary","name":"Тұрар Рысқұлов көшесі","bridge":null,"lanes":"4","oneway":null}},{"type":"Feature","geometry":{"type":"LineString","coordinates":[[71.41881,51.08396],[71.41824,51.08405]]},"properties":{"layer":"road","districtId":"esil","osmType":"way","osmId":1525212367,"highway":"tertiary","name":"Тұрар Рысқұлов көшесі","bridge":null,"lanes":"4","oneway":null}},{"type":"Feature","geometry":{"type":"LineString","coordinates":[[71.41799,51.08408],[71.41729,51.08419]]},"properties":{"layer":"road","districtId":"esil","osmType":"way","osmId":1525212368,"highway":"tertiary","name":"Тұрар Рысқұлов көшесі","bridge":null,"lanes":"4","oneway":null}},{"type":"Feature","geometry":{"type":"LineString","coordinates":[[71.41824,51.08405],[71.41799,51.08408]]},"properties":{"layer":"road","districtId":"esil","osmType":"way","osmId":1525212369,"highway":"tertiary","name":"Тұрар Рысқұлов көшесі","bridge":null,"lanes":"4","oneway":null}},{"type":"Feature","geometry":{"type":"LineString","coordinates":[[71.41575,51.08441],[71.41484,51.08453]]},"properties":{"layer":"road","districtId":"esil","osmType":"way","osmId":1525212370,"highway":"tertiary","name":"Тұрар Рысқұлов көшесі","bridge":null,"lanes":"2","oneway":"yes"}},{"type":"Feature","geometry":{"type":"LineString","coordinates":[[71.41484,51.08453],[71.41464,51.08456]]},"properties":{"layer":"road","districtId":"esil","osmType":"way","osmId":1525212371,"highway":"tertiary","name":"Тұрар Рысқұлов көшесі","bridge":null,"lanes":"2","oneway":"yes"}},{"type":"Feature","geometry":{"type":"LineString","coordinates":[[71.41464,51.08456],[71.41438,51.08459]]},"properties":{"layer":"road","districtId":"esil","osmType":"way","osmId":1525212372,"highway":"tertiary","name":"Тұрар Рысқұлов көшесі","bridge":null,"lanes":"2","oneway":"yes"}},{"type":"Feature","geometry":{"type":"LineString","coordinates":[[71.41438,51.08459],[71.41386,51.08467]]},"properties":{"layer":"road","districtId":"esil","osmType":"way","osmId":1525212373,"highway":"tertiary","name":"Тұрар Рысқұлов көшесі","bridge":null,"lanes":"2","oneway":"yes"}},{"type":"Feature","geometry":{"type":"LineString","coordinates":[[71.41386,51.08467],[71.41313,51.08477]]},"properties":{"layer":"road","districtId":"esil","osmType":"way","osmId":1525212374,"highway":"tertiary","name":"Тұрар Рысқұлов көшесі","bridge":null,"lanes":"2","oneway":"yes"}},{"type":"Feature","geometry":{"type":"LineString","coordinates":[[71.41313,51.08477],[71.41182,51.08495]]},"properties":{"layer":"road","districtId":"esil","osmType":"way","osmId":1525212375,"highway":"tertiary","name":"Тұрар Рысқұлов көшесі","bridge":null,"lanes":"2","oneway":"yes"}},{"type":"Feature","geometry":{"type":"LineString","coordinates":[[71.41093,51.08509],[71.41006,51.08521]]},"properties":{"layer":"road","districtId":"esil","osmType":"way","osmId":1525212376,"highway":"tertiary","name":"Тұрар Рысқұлов көшесі","bridge":null,"lanes":"4","oneway":null}},{"type":"Feature","geometry":{"type":"LineString","coordinates":[[71.40955,51.08528],[71.40881,51.08538]]},"properties":{"layer":"road","districtId":"esil","osmType":"way","osmId":1525212377,"highway":"tertiary","name":"Тұрар Рысқұлов көшесі","bridge":null,"lanes":"4","oneway":null}},{"type":"Feature","geometry":{"type":"LineString","coordinates":[[71.40881,51.08538],[71.4085,51.08543]]},"properties":{"layer":"road","districtId":"esil","osmType":"way","osmId":1525212378,"highway":"tertiary","name":"Тұрар Рысқұлов көшесі","bridge":null,"lanes":"4","oneway":null}},{"type":"Feature","geometry":{"type":"LineString","coordinates":[[71.4085,51.08543],[71.40802,51.0855]]},"properties":{"layer":"road","districtId":"esil","osmType":"way","osmId":1525212379,"highway":"tertiary","name":"Тұрар Рысқұлов көшесі","bridge":null,"lanes":"4","oneway":null}},{"type":"Feature","geometry":{"type":"LineString","coordinates":[[71.40802,51.0855],[71.40609,51.08577]]},"properties":{"layer":"road","districtId":"esil","osmType":"way","osmId":1525212380,"highway":"tertiary","name":"Тұрар Рысқұлов көшесі","bridge":null,"lanes":"4","oneway":null}},{"type":"Feature","geometry":{"type":"LineString","coordinates":[[71.40609,51.08577],[71.40579,51.08581]]},"properties":{"layer":"road","districtId":"esil","osmType":"way","osmId":1525212381,"highway":"tertiary","name":"Тұрар Рысқұлов көшесі","bridge":null,"lanes":"4","oneway":null}},{"type":"Feature","geometry":{"type":"LineString","coordinates":[[71.40579,51.08581],[71.40528,51.08588]]},"properties":{"layer":"road","districtId":"esil","osmType":"way","osmId":1525212382,"highway":"tertiary","name":"Тұрар Рысқұлов көшесі","bridge":null,"lanes":"4","oneway":null}},{"type":"Feature","geometry":{"type":"LineString","coordinates":[[71.40528,51.08588],[71.4046,51.08598]]},"properties":{"layer":"road","districtId":"esil","osmType":"way","osmId":1525212383,"highway":"tertiary","name":"Тұрар Рысқұлов көшесі","bridge":null,"lanes":"4","oneway":null}},{"type":"Feature","geometry":{"type":"LineString","coordinates":[[71.4046,51.08598],[71.40419,51.08604]]},"properties":{"layer":"road","districtId":"esil","osmType":"way","osmId":1525212384,"highway":"tertiary","name":"Тұрар Рысқұлов көшесі","bridge":null,"lanes":"4","oneway":null}},{"type":"Feature","geometry":{"type":"LineString","coordinates":[[71.40419,51.08604],[71.40361,51.08612]]},"properties":{"layer":"road","districtId":"esil","osmType":"way","osmId":1525212385,"highway":"tertiary","name":"Тұрар Рысқұлов көшесі","bridge":null,"lanes":"4","oneway":null}},{"type":"Feature","geometry":{"type":"LineString","coordinates":[[71.40265,51.08626],[71.40159,51.08642]]},"properties":{"layer":"road","districtId":"esil","osmType":"way","osmId":1525212386,"highway":"tertiary","name":"Тұрар Рысқұлов көшесі","bridge":null,"lanes":"4","oneway":null}},{"type":"Feature","geometry":{"type":"LineString","coordinates":[[71.40286,51.08623],[71.40265,51.08626]]},"properties":{"layer":"road","districtId":"esil","osmType":"way","osmId":1525212387,"highway":"tertiary","name":"Тұрар Рысқұлов көшесі","bridge":null,"lanes":"4","oneway":null}},{"type":"Feature","geometry":{"type":"LineString","coordinates":[[71.40361,51.08612],[71.40286,51.08623]]},"properties":{"layer":"road","districtId":"esil","osmType":"way","osmId":1525212389,"highway":"tertiary","name":"Тұрар Рысқұлов көшесі","bridge":null,"lanes":"4","oneway":null}},{"type":"Feature","geometry":{"type":"LineString","coordinates":[[71.41729,51.08419],[71.41692,51.08424]]},"properties":{"layer":"road","districtId":"esil","osmType":"way","osmId":1525212390,"highway":"tertiary","name":"Тұрар Рысқұлов көшесі","bridge":null,"lanes":"4","oneway":null}},{"type":"Feature","geometry":{"type":"LineString","coordinates":[[71.41692,51.08424],[71.41575,51.08441]]},"properties":{"layer":"road","districtId":"esil","osmType":"way","osmId":1525212391,"highway":"tertiary","name":"Тұрар Рысқұлов көшесі","bridge":null,"lanes":"2","oneway":"yes"}},{"type":"Feature","geometry":{"type":"LineString","coordinates":[[71.41182,51.08495],[71.41692,51.08424]]},"properties":{"layer":"road","districtId":"esil","osmType":"way","osmId":1525212415,"highway":"tertiary","name":"Тұрар Рысқұлов көшесі","bridge":null,"lanes":"2","oneway":"yes"}},{"type":"Feature","geometry":{"type":"LineString","coordinates":[[71.41182,51.08495],[71.41093,51.08509]]},"properties":{"layer":"road","districtId":"esil","osmType":"way","osmId":1525212416,"highway":"tertiary","name":"Тұрар Рысқұлов көшесі","bridge":null,"lanes":"4","oneway":null}},{"type":"Feature","geometry":{"type":"LineString","coordinates":[[71.40372,51.18473],[71.40815,51.18521]]},"properties":{"layer":"road","districtId":"saryarka","osmType":"way","osmId":1525223183,"highway":"tertiary","name":"Әлия Молдағұлова көшесі","bridge":null,"lanes":"2","oneway":null}},{"type":"Feature","geometry":{"type":"LineString","coordinates":[[71.43411,51.1223],[71.43578,51.12205]]},"properties":{"layer":"road","districtId":"esil","osmType":"way","osmId":1525246412,"highway":"secondary","name":"Сығанақ көшесі","bridge":null,"lanes":"4","oneway":"yes"}},{"type":"Feature","geometry":{"type":"LineString","coordinates":[[71.43296,51.12247],[71.43411,51.1223]]},"properties":{"layer":"road","districtId":"esil","osmType":"way","osmId":1525246413,"highway":"secondary","name":"Сығанақ көшесі","bridge":null,"lanes":"4","oneway":"yes"}},{"type":"Feature","geometry":{"type":"LineString","coordinates":[[71.41148,51.08965],[71.41041,51.08965]]},"properties":{"layer":"road","districtId":"esil","osmType":"way","osmId":1525376636,"highway":"tertiary","name":"Нұрлан Балғымбаев көшесі","bridge":null,"lanes":"5","oneway":null}},{"type":"Feature","geometry":{"type":"LineString","coordinates":[[71.41015,51.08966],[71.40921,51.08972]]},"properties":{"layer":"road","districtId":"esil","osmType":"way","osmId":1525376679,"highway":"tertiary","name":"Нұрлан Балғымбаев көшесі","bridge":null,"lanes":"4","oneway":null}},{"type":"Feature","geometry":{"type":"LineString","coordinates":[[71.40891,51.08976],[71.40871,51.08979]]},"properties":{"layer":"road","districtId":"esil","osmType":"way","osmId":1525376681,"highway":"tertiary","name":"Нұрлан Балғымбаев көшесі","bridge":null,"lanes":"4","oneway":null}},{"type":"Feature","geometry":{"type":"LineString","coordinates":[[71.40871,51.08979],[71.40797,51.08988]]},"properties":{"layer":"road","districtId":"esil","osmType":"way","osmId":1525376682,"highway":"tertiary","name":"Нұрлан Балғымбаев көшесі","bridge":null,"lanes":"4","oneway":null}},{"type":"Feature","geometry":{"type":"LineString","coordinates":[[71.40921,51.08972],[71.40891,51.08976]]},"properties":{"layer":"road","districtId":"esil","osmType":"way","osmId":1525376683,"highway":"tertiary","name":"Нұрлан Балғымбаев көшесі","bridge":null,"lanes":"4","oneway":null}},{"type":"Feature","geometry":{"type":"LineString","coordinates":[[71.40797,51.08988],[71.40761,51.08993]]},"properties":{"layer":"road","districtId":"esil","osmType":"way","osmId":1525376684,"highway":"tertiary","name":"Нұрлан Балғымбаев көшесі","bridge":null,"lanes":"4","oneway":null}},{"type":"Feature","geometry":{"type":"LineString","coordinates":[[71.40761,51.08993],[71.40554,51.09024]]},"properties":{"layer":"road","districtId":"esil","osmType":"way","osmId":1525376685,"highway":"tertiary","name":"Нұрлан Балғымбаев көшесі","bridge":null,"lanes":"4","oneway":null}},{"type":"Feature","geometry":{"type":"LineString","coordinates":[[71.40554,51.09024],[71.40528,51.09028]]},"properties":{"layer":"road","districtId":"esil","osmType":"way","osmId":1525376686,"highway":"tertiary","name":"Нұрлан Балғымбаев көшесі","bridge":null,"lanes":"4","oneway":null}},{"type":"Feature","geometry":{"type":"LineString","coordinates":[[71.40528,51.09028],[71.40492,51.09033]]},"properties":{"layer":"road","districtId":"esil","osmType":"way","osmId":1525376687,"highway":"tertiary","name":"Нұрлан Балғымбаев көшесі","bridge":null,"lanes":"4","oneway":null}},{"type":"Feature","geometry":{"type":"LineString","coordinates":[[71.40492,51.09033],[71.40395,51.09048]]},"properties":{"layer":"road","districtId":"esil","osmType":"way","osmId":1525376688,"highway":"tertiary","name":"Нұрлан Балғымбаев көшесі","bridge":null,"lanes":"4","oneway":null}},{"type":"Feature","geometry":{"type":"LineString","coordinates":[[71.40395,51.09048],[71.40305,51.09062]]},"properties":{"layer":"road","districtId":"esil","osmType":"way","osmId":1525376689,"highway":"tertiary","name":"Нұрлан Балғымбаев көшесі","bridge":null,"lanes":"4","oneway":null}},{"type":"Feature","geometry":{"type":"LineString","coordinates":[[71.43048,51.13315],[71.43024,51.13253]]},"properties":{"layer":"road","districtId":"esil","osmType":"way","osmId":1525461674,"highway":"secondary","name":"Ақмешіт көшесі","bridge":null,"lanes":"4","oneway":null}},{"type":"Feature","geometry":{"type":"LineString","coordinates":[[71.43024,51.13253],[71.4302,51.13242]]},"properties":{"layer":"road","districtId":"esil","osmType":"way","osmId":1525461676,"highway":"secondary","name":"Ақмешіт көшесі","bridge":null,"lanes":"4","oneway":null}},{"type":"Feature","geometry":{"type":"LineString","coordinates":[[71.4302,51.13242],[71.42992,51.1317]]},"properties":{"layer":"road","districtId":"esil","osmType":"way","osmId":1525461677,"highway":"secondary","name":"Ақмешіт көшесі","bridge":null,"lanes":"4","oneway":null}},{"type":"Feature","geometry":{"type":"LineString","coordinates":[[71.42992,51.1317],[71.42989,51.13163]]},"properties":{"layer":"road","districtId":"esil","osmType":"way","osmId":1525461681,"highway":"secondary","name":"Ақмешіт көшесі","bridge":null,"lanes":"4","oneway":null}},{"type":"Feature","geometry":{"type":"LineString","coordinates":[[71.42986,51.13156],[71.42965,51.13103]]},"properties":{"layer":"road","districtId":"esil","osmType":"way","osmId":1525461682,"highway":"secondary","name":"Ақмешіт көшесі","bridge":null,"lanes":"4","oneway":null}},{"type":"Feature","geometry":{"type":"LineString","coordinates":[[71.42989,51.13163],[71.42986,51.13156]]},"properties":{"layer":"road","districtId":"esil","osmType":"way","osmId":1525461683,"highway":"secondary","name":"Ақмешіт көшесі","bridge":null,"lanes":"4","oneway":null}},{"type":"Feature","geometry":{"type":"LineString","coordinates":[[71.42887,51.12914],[71.42884,51.12906]]},"properties":{"layer":"road","districtId":"esil","osmType":"way","osmId":1525461686,"highway":"secondary","name":"Ақмешіт көшесі","bridge":null,"lanes":"4","oneway":null}},{"type":"Feature","geometry":{"type":"LineString","coordinates":[[71.42884,51.12906],[71.42843,51.12808]]},"properties":{"layer":"road","districtId":"esil","osmType":"way","osmId":1525461687,"highway":"secondary","name":"Ақмешіт көшесі","bridge":null,"lanes":"4","oneway":null}},{"type":"Feature","geometry":{"type":"LineString","coordinates":[[71.42819,51.12745],[71.42751,51.1257]]},"properties":{"layer":"road","districtId":"esil","osmType":"way","osmId":1525461690,"highway":"secondary","name":"Ақмешіт көшесі","bridge":null,"lanes":"4","oneway":null}},{"type":"Feature","geometry":{"type":"LineString","coordinates":[[71.42751,51.1257],[71.42746,51.12556]]},"properties":{"layer":"road","districtId":"esil","osmType":"way","osmId":1525461691,"highway":"secondary","name":"Ақмешіт көшесі","bridge":null,"lanes":"4","oneway":null}},{"type":"Feature","geometry":{"type":"LineString","coordinates":[[71.42746,51.12556],[71.42733,51.12523]]},"properties":{"layer":"road","districtId":"esil","osmType":"way","osmId":1525461692,"highway":"secondary","name":"Ақмешіт көшесі","bridge":null,"lanes":"4","oneway":null}},{"type":"Feature","geometry":{"type":"LineString","coordinates":[[71.42733,51.12523],[71.42722,51.12493]]},"properties":{"layer":"road","districtId":"esil","osmType":"way","osmId":1525461694,"highway":"secondary","name":"Ақмешіт көшесі","bridge":null,"lanes":"4","oneway":null}},{"type":"Feature","geometry":{"type":"LineString","coordinates":[[71.42722,51.12493],[71.4271,51.12463]]},"properties":{"layer":"road","districtId":"esil","osmType":"way","osmId":1525461695,"highway":"secondary","name":"Ақмешіт көшесі","bridge":null,"lanes":"4","oneway":null}},{"type":"Feature","geometry":{"type":"LineString","coordinates":[[71.42662,51.12343],[71.42683,51.12339]]},"properties":{"layer":"road","districtId":"esil","osmType":"way","osmId":1525461696,"highway":"secondary","name":"Сығанақ көшесі","bridge":null,"lanes":null,"oneway":"yes"}},{"type":"Feature","geometry":{"type":"LineString","coordinates":[[71.42645,51.12301],[71.42617,51.12229]]},"properties":{"layer":"road","districtId":"esil","osmType":"way","osmId":1525461705,"highway":"secondary","name":"Ақмешіт көшесі","bridge":null,"lanes":"4","oneway":null}},{"type":"Feature","geometry":{"type":"LineString","coordinates":[[71.42617,51.12229],[71.42598,51.1218]]},"properties":{"layer":"road","districtId":"esil","osmType":"way","osmId":1525461706,"highway":"secondary","name":"Ақмешіт көшесі","bridge":null,"lanes":"4","oneway":null}},{"type":"Feature","geometry":{"type":"LineString","coordinates":[[71.42598,51.1218],[71.42586,51.12149]]},"properties":{"layer":"road","districtId":"esil","osmType":"way","osmId":1525461707,"highway":"secondary","name":"Ақмешіт көшесі","bridge":null,"lanes":"4","oneway":null}},{"type":"Feature","geometry":{"type":"LineString","coordinates":[[71.42545,51.12044],[71.42519,51.11979]]},"properties":{"layer":"road","districtId":"esil","osmType":"way","osmId":1525461709,"highway":"secondary","name":"Ақмешіт көшесі","bridge":null,"lanes":"4","oneway":null}},{"type":"Feature","geometry":{"type":"LineString","coordinates":[[71.4255,51.12058],[71.42545,51.12044]]},"properties":{"layer":"road","districtId":"esil","osmType":"way","osmId":1525461710,"highway":"secondary","name":"Ақмешіт көшесі","bridge":null,"lanes":"4","oneway":null}},{"type":"Feature","geometry":{"type":"LineString","coordinates":[[71.42519,51.11979],[71.42515,51.11966]]},"properties":{"layer":"road","districtId":"esil","osmType":"way","osmId":1525461717,"highway":"secondary","name":"Ақмешіт көшесі","bridge":null,"lanes":"4","oneway":null}},{"type":"Feature","geometry":{"type":"LineString","coordinates":[[71.42515,51.11966],[71.42499,51.11927]]},"properties":{"layer":"road","districtId":"esil","osmType":"way","osmId":1525461718,"highway":"secondary","name":"Ақмешіт көшесі","bridge":null,"lanes":"4","oneway":null}},{"type":"Feature","geometry":{"type":"LineString","coordinates":[[71.42499,51.11927],[71.42492,51.11909]]},"properties":{"layer":"road","districtId":"esil","osmType":"way","osmId":1525461719,"highway":"secondary","name":"Ақмешіт көшесі","bridge":null,"lanes":"4","oneway":null}},{"type":"Feature","geometry":{"type":"LineString","coordinates":[[71.42492,51.11909],[71.42477,51.11871]]},"properties":{"layer":"road","districtId":"esil","osmType":"way","osmId":1525461720,"highway":"secondary","name":"Ақмешіт көшесі","bridge":null,"lanes":"4","oneway":null}},{"type":"Feature","geometry":{"type":"LineString","coordinates":[[71.42302,51.114],[71.42296,51.11384]]},"properties":{"layer":"road","districtId":"esil","osmType":"way","osmId":1525461724,"highway":"tertiary","name":"Ақмешіт көшесі","bridge":null,"lanes":"4","oneway":null}},{"type":"Feature","geometry":{"type":"LineString","coordinates":[[71.42296,51.11384],[71.4216,51.1101]]},"properties":{"layer":"road","districtId":"esil","osmType":"way","osmId":1525461725,"highway":"tertiary","name":"Ақмешіт көшесі","bridge":null,"lanes":"4","oneway":null}},{"type":"Feature","geometry":{"type":"LineString","coordinates":[[71.42683,51.12339],[71.42703,51.12336]]},"properties":{"layer":"road","districtId":"esil","osmType":"way","osmId":1525461730,"highway":"secondary","name":"Сығанақ көшесі","bridge":null,"lanes":null,"oneway":"yes"}},{"type":"Feature","geometry":{"type":"LineString","coordinates":[[71.44306,51.12878],[71.44286,51.12881]]},"properties":{"layer":"road","districtId":"esil","osmType":"way","osmId":1525700742,"highway":"tertiary","name":"Қонаев көшесі","bridge":null,"lanes":"4","oneway":null}},{"type":"Feature","geometry":{"type":"LineString","coordinates":[[71.44279,51.12882],[71.44221,51.12891]]},"properties":{"layer":"road","districtId":"esil","osmType":"way","osmId":1525700743,"highway":"tertiary","name":"Қонаев көшесі","bridge":null,"lanes":"4","oneway":null}},{"type":"Feature","geometry":{"type":"LineString","coordinates":[[71.44221,51.12891],[71.44162,51.12901]]},"properties":{"layer":"road","districtId":"esil","osmType":"way","osmId":1525700744,"highway":"tertiary","name":"Қонаев көшесі","bridge":null,"lanes":"4","oneway":null}},{"type":"Feature","geometry":{"type":"LineString","coordinates":[[71.44162,51.12901],[71.44156,51.12902]]},"properties":{"layer":"road","districtId":"esil","osmType":"way","osmId":1525700745,"highway":"tertiary","name":"Қонаев көшесі","bridge":null,"lanes":"4","oneway":null}},{"type":"Feature","geometry":{"type":"LineString","coordinates":[[71.44156,51.12902],[71.44068,51.12916]]},"properties":{"layer":"road","districtId":"esil","osmType":"way","osmId":1525700746,"highway":"tertiary","name":"Қонаев көшесі","bridge":null,"lanes":"4","oneway":null}},{"type":"Feature","geometry":{"type":"LineString","coordinates":[[71.44024,51.12923],[71.43948,51.12935]]},"properties":{"layer":"road","districtId":"esil","osmType":"way","osmId":1525700747,"highway":"tertiary","name":"Қонаев көшесі","bridge":null,"lanes":"5","oneway":null}},{"type":"Feature","geometry":{"type":"LineString","coordinates":[[71.43322,51.13032],[71.432,51.1305]]},"properties":{"layer":"road","districtId":"esil","osmType":"way","osmId":1525700751,"highway":"secondary","name":"Қонаев көшесі","bridge":null,"lanes":"5","oneway":null}},{"type":"Feature","geometry":{"type":"LineString","coordinates":[[71.43861,51.12947],[71.43736,51.12967]]},"properties":{"layer":"road","districtId":"esil","osmType":"way","osmId":1525700753,"highway":"secondary","name":"Қонаев көшесі","bridge":null,"lanes":"5","oneway":null}},{"type":"Feature","geometry":{"type":"LineString","coordinates":[[71.43736,51.12967],[71.43656,51.12979]]},"properties":{"layer":"road","districtId":"esil","osmType":"way","osmId":1525700755,"highway":"secondary","name":"Қонаев көшесі","bridge":null,"lanes":"5","oneway":null}},{"type":"Feature","geometry":{"type":"LineString","coordinates":[[71.43656,51.12979],[71.43608,51.12987]]},"properties":{"layer":"road","districtId":"esil","osmType":"way","osmId":1525700757,"highway":"secondary","name":"Қонаев көшесі","bridge":null,"lanes":"5","oneway":null}},{"type":"Feature","geometry":{"type":"LineString","coordinates":[[71.43608,51.12987],[71.43525,51.13]]},"properties":{"layer":"road","districtId":"esil","osmType":"way","osmId":1525700760,"highway":"secondary","name":"Қонаев көшесі","bridge":null,"lanes":"5","oneway":null}},{"type":"Feature","geometry":{"type":"LineString","coordinates":[[71.43525,51.13],[71.43484,51.13006]]},"properties":{"layer":"road","districtId":"esil","osmType":"way","osmId":1525700766,"highway":"secondary","name":"Қонаев көшесі","bridge":null,"lanes":"5","oneway":null}},{"type":"Feature","geometry":{"type":"LineString","coordinates":[[71.43484,51.13006],[71.43322,51.13032]]},"properties":{"layer":"road","districtId":"esil","osmType":"way","osmId":1525700767,"highway":"secondary","name":"Қонаев көшесі","bridge":null,"lanes":"5","oneway":null}},{"type":"Feature","geometry":{"type":"LineString","coordinates":[[71.43077,51.13069],[71.42982,51.13083]]},"properties":{"layer":"road","districtId":"esil","osmType":"way","osmId":1525700782,"highway":"secondary","name":"Қонаев көшесі","bridge":null,"lanes":"5","oneway":null}},{"type":"Feature","geometry":{"type":"LineString","coordinates":[[71.432,51.1305],[71.43077,51.13069]]},"properties":{"layer":"road","districtId":"esil","osmType":"way","osmId":1525700783,"highway":"secondary","name":"Қонаев көшесі","bridge":null,"lanes":"5","oneway":null}},{"type":"Feature","geometry":{"type":"LineString","coordinates":[[71.42862,51.13103],[71.42755,51.1312]]},"properties":{"layer":"road","districtId":"esil","osmType":"way","osmId":1525700796,"highway":"secondary","name":"Қонаев көшесі","bridge":null,"lanes":"4","oneway":null}},{"type":"Feature","geometry":{"type":"LineString","coordinates":[[71.42755,51.1312],[71.42684,51.13131]]},"properties":{"layer":"road","districtId":"esil","osmType":"way","osmId":1525700797,"highway":"secondary","name":"Қонаев көшесі","bridge":null,"lanes":"4","oneway":null}},{"type":"Feature","geometry":{"type":"LineString","coordinates":[[71.42493,51.13161],[71.42151,51.13216]]},"properties":{"layer":"road","districtId":"esil","osmType":"way","osmId":1525700798,"highway":"secondary","name":"Қонаев көшесі","bridge":null,"lanes":"4","oneway":null}},{"type":"Feature","geometry":{"type":"LineString","coordinates":[[71.41294,51.13347],[71.41079,51.13381]]},"properties":{"layer":"road","districtId":"nura","osmType":"way","osmId":1525700811,"highway":"secondary","name":"Қонаев көшесі","bridge":null,"lanes":"6","oneway":null}},{"type":"Feature","geometry":{"type":"LineString","coordinates":[[71.37058,51.17847],[71.37265,51.17997]]},"properties":{"layer":"road","districtId":"saryarka","osmType":"way","osmId":1525812663,"highway":"tertiary","name":"Ақан Сері көшесі","bridge":null,"lanes":null,"oneway":null}},{"type":"Feature","geometry":{"type":"LineString","coordinates":[[71.46704,51.1369],[71.46285,51.13568]]},"properties":{"layer":"road","districtId":"almaty","osmType":"way","osmId":1525864836,"highway":"secondary","name":"Бауыржан Момышұлы даңғылы","bridge":null,"lanes":"2","oneway":"yes"}},{"type":"Feature","geometry":{"type":"LineString","coordinates":[[71.46637,51.1366],[71.46712,51.13681]]},"properties":{"layer":"road","districtId":"almaty","osmType":"way","osmId":1525864837,"highway":"secondary","name":"Бауыржан Момышұлы даңғылы","bridge":null,"lanes":"2","oneway":"yes"}},{"type":"Feature","geometry":{"type":"LineString","coordinates":[[71.46653,51.13692],[71.4668,51.13655]]},"properties":{"layer":"road","districtId":"almaty","osmType":"way","osmId":1525864838,"highway":"secondary","name":"Тәуелсіздік даңғылы","bridge":null,"lanes":"3","oneway":"yes"}},{"type":"Feature","geometry":{"type":"LineString","coordinates":[[71.46575,51.13801],[71.46653,51.13692]]},"properties":{"layer":"road","districtId":"almaty","osmType":"way","osmId":1525864839,"highway":"secondary","name":"Тәуелсіздік даңғылы","bridge":null,"lanes":"3","oneway":"yes"}},{"type":"Feature","geometry":{"type":"LineString","coordinates":[[71.46712,51.13681],[71.47702,51.13962]]},"properties":{"layer":"road","districtId":"almaty","osmType":"way","osmId":1525864840,"highway":"secondary","name":"Бауыржан Момышұлы даңғылы","bridge":null,"lanes":"2","oneway":"yes"}},{"type":"Feature","geometry":{"type":"LineString","coordinates":[[71.48725,51.14259],[71.46982,51.13769]]},"properties":{"layer":"road","districtId":"almaty","osmType":"way","osmId":1525864841,"highway":"secondary","name":"Бауыржан Момышұлы даңғылы","bridge":null,"lanes":"2","oneway":"yes"}},{"type":"Feature","geometry":{"type":"LineString","coordinates":[[71.4007,51.11308],[71.40087,51.11306]]},"properties":{"layer":"road","districtId":"nura","osmType":"way","osmId":1526013160,"highway":"tertiary","name":"Орынбор көшесі","bridge":null,"lanes":"4","oneway":null}},{"type":"Feature","geometry":{"type":"LineString","coordinates":[[71.40062,51.1131],[71.4007,51.11308]]},"properties":{"layer":"road","districtId":"nura","osmType":"way","osmId":1526013161,"highway":"tertiary","name":"Орынбор көшесі","bridge":null,"lanes":"4","oneway":null}},{"type":"Feature","geometry":{"type":"LineString","coordinates":[[71.40114,51.11302],[71.40898,51.11191]]},"properties":{"layer":"road","districtId":"nura","osmType":"way","osmId":1526013162,"highway":"tertiary","name":"Орынбор көшесі","bridge":null,"lanes":"4","oneway":null}},{"type":"Feature","geometry":{"type":"LineString","coordinates":[[71.4275,51.15133],[71.42879,51.15229]]},"properties":{"layer":"road","districtId":"esil","osmType":"way","osmId":1526317849,"highway":"secondary","name":"Қараөткел көпірі","bridge":"yes","lanes":"3","oneway":"yes"}},{"type":"Feature","geometry":{"type":"LineString","coordinates":[[71.42338,51.14834],[71.42314,51.14808]]},"properties":{"layer":"road","districtId":"esil","osmType":"way","osmId":1526317852,"highway":"secondary","name":"Қабанбай Батыр даңғылы","bridge":null,"lanes":"6","oneway":null}},{"type":"Feature","geometry":{"type":"LineString","coordinates":[[71.42314,51.14808],[71.42254,51.14711]]},"properties":{"layer":"road","districtId":"esil","osmType":"way","osmId":1526317853,"highway":"secondary","name":"Қабанбай Батыр даңғылы","bridge":null,"lanes":"6","oneway":null}},{"type":"Feature","geometry":{"type":"LineString","coordinates":[[71.42082,51.14435],[71.41937,51.14215]]},"properties":{"layer":"road","districtId":"nura","osmType":"way","osmId":1526317856,"highway":"secondary","name":"Қабанбай Батыр даңғылы","bridge":null,"lanes":"2","oneway":"yes"}},{"type":"Feature","geometry":{"type":"LineString","coordinates":[[71.41937,51.14215],[71.42082,51.14435]]},"properties":{"layer":"road","districtId":"esil","osmType":"way","osmId":1526317857,"highway":"secondary","name":"Қабанбай Батыр даңғылы","bridge":null,"lanes":"2","oneway":"yes"}},{"type":"Feature","geometry":{"type":"LineString","coordinates":[[71.41737,51.139],[71.41732,51.13893]]},"properties":{"layer":"road","districtId":"nura","osmType":"way","osmId":1526317859,"highway":"secondary","name":"Қабанбай Батыр даңғылы","bridge":null,"lanes":"5","oneway":null}},{"type":"Feature","geometry":{"type":"LineString","coordinates":[[71.41812,51.14016],[71.41749,51.13919]]},"properties":{"layer":"road","districtId":"nura","osmType":"way","osmId":1526317861,"highway":"secondary","name":"Қабанбай Батыр даңғылы","bridge":null,"lanes":"5","oneway":null}},{"type":"Feature","geometry":{"type":"LineString","coordinates":[[71.41749,51.13919],[71.41737,51.139]]},"properties":{"layer":"road","districtId":"nura","osmType":"way","osmId":1526317862,"highway":"secondary","name":"Қабанбай Батыр даңғылы","bridge":null,"lanes":"4","oneway":null}},{"type":"Feature","geometry":{"type":"LineString","coordinates":[[71.41732,51.13893],[71.41653,51.13768]]},"properties":{"layer":"road","districtId":"nura","osmType":"way","osmId":1526317866,"highway":"secondary","name":"Қабанбай Батыр даңғылы","bridge":null,"lanes":"5","oneway":null}},{"type":"Feature","geometry":{"type":"LineString","coordinates":[[71.41653,51.13768],[71.41579,51.13653]]},"properties":{"layer":"road","districtId":"nura","osmType":"way","osmId":1526317869,"highway":"secondary","name":"Қабанбай Батыр даңғылы","bridge":null,"lanes":"5","oneway":null}},{"type":"Feature","geometry":{"type":"LineString","coordinates":[[71.4152,51.13544],[71.41441,51.13324]]},"properties":{"layer":"road","districtId":"nura","osmType":"way","osmId":1526317879,"highway":"secondary","name":"Қабанбай Батыр даңғылы","bridge":null,"lanes":"5","oneway":null}},{"type":"Feature","geometry":{"type":"LineString","coordinates":[[71.41433,51.13267],[71.4143,51.13251]]},"properties":{"layer":"road","districtId":"esil","osmType":"way","osmId":1526317881,"highway":"secondary","name":"Қабанбай Батыр даңғылы","bridge":null,"lanes":"5","oneway":null}},{"type":"Feature","geometry":{"type":"LineString","coordinates":[[71.41329,51.12673],[71.41314,51.12606]]},"properties":{"layer":"road","districtId":"esil","osmType":"way","osmId":1526317882,"highway":"secondary","name":"Қабанбай Батыр даңғылы","bridge":null,"lanes":"5","oneway":null}},{"type":"Feature","geometry":{"type":"LineString","coordinates":[[71.41249,51.12233],[71.41299,51.12535]]},"properties":{"layer":"road","districtId":"esil","osmType":"way","osmId":1526317883,"highway":"secondary","name":"Қабанбай Батыр даңғылы","bridge":null,"lanes":"3","oneway":"yes"}},{"type":"Feature","geometry":{"type":"LineString","coordinates":[[71.41221,51.12067],[71.4121,51.12005]]},"properties":{"layer":"road","districtId":"esil","osmType":"way","osmId":1526317898,"highway":"secondary","name":"Қабанбай Батыр даңғылы","bridge":null,"lanes":"5","oneway":null}},{"type":"Feature","geometry":{"type":"LineString","coordinates":[[71.41158,51.11703],[71.41142,51.11616]]},"properties":{"layer":"road","districtId":"esil","osmType":"way","osmId":1526317907,"highway":"secondary","name":"Қабанбай Батыр даңғылы","bridge":null,"lanes":"6","oneway":null}},{"type":"Feature","geometry":{"type":"LineString","coordinates":[[71.41165,51.11747],[71.41158,51.11703]]},"properties":{"layer":"road","districtId":"esil","osmType":"way","osmId":1526317909,"highway":"secondary","name":"Қабанбай Батыр даңғылы","bridge":null,"lanes":"5","oneway":null}},{"type":"Feature","geometry":{"type":"LineString","coordinates":[[71.4114,51.11603],[71.41123,51.11512]]},"properties":{"layer":"road","districtId":"esil","osmType":"way","osmId":1526317910,"highway":"secondary","name":"Қабанбай Батыр даңғылы","bridge":null,"lanes":"6","oneway":null}},{"type":"Feature","geometry":{"type":"LineString","coordinates":[[71.40687,51.10129],[71.4074,51.1027]]},"properties":{"layer":"road","districtId":"esil","osmType":"way","osmId":1526317947,"highway":"secondary","name":"Қабанбай Батыр даңғылы","bridge":null,"lanes":"3","oneway":"yes"}},{"type":"Feature","geometry":{"type":"LineString","coordinates":[[71.40687,51.10129],[71.40638,51.0999]]},"properties":{"layer":"road","districtId":"esil","osmType":"way","osmId":1526317948,"highway":"secondary","name":"Қабанбай Батыр даңғылы","bridge":null,"lanes":"5","oneway":null}},{"type":"Feature","geometry":{"type":"LineString","coordinates":[[71.41008,51.11021],[71.41061,51.11169]]},"properties":{"layer":"road","districtId":"esil","osmType":"way","osmId":1526317949,"highway":"secondary","name":"Қабанбай Батыр даңғылы","bridge":null,"lanes":"3","oneway":"yes"}},{"type":"Feature","geometry":{"type":"LineString","coordinates":[[71.41047,51.11153],[71.41008,51.11021]]},"properties":{"layer":"road","districtId":"nura","osmType":"way","osmId":1526317950,"highway":"secondary","name":"Қабанбай Батыр даңғылы","bridge":null,"lanes":"3","oneway":"yes"}},{"type":"Feature","geometry":{"type":"LineString","coordinates":[[71.40675,51.10279],[71.4064,51.10285]]},"properties":{"layer":"road","districtId":"nura","osmType":"way","osmId":1526317952,"highway":"tertiary","name":"Бұқар Жырау көшесі","bridge":null,"lanes":null,"oneway":"no"}},{"type":"Feature","geometry":{"type":"LineString","coordinates":[[71.41209,51.10202],[71.41155,51.1021]]},"properties":{"layer":"road","districtId":"esil","osmType":"way","osmId":1526317954,"highway":"tertiary","name":"Бұқар Жырау көшесі","bridge":null,"lanes":null,"oneway":"no"}},{"type":"Feature","geometry":{"type":"LineString","coordinates":[[71.41078,51.10221],[71.41069,51.10222]]},"properties":{"layer":"road","districtId":"esil","osmType":"way","osmId":1526317955,"highway":"tertiary","name":"Бұқар Жырау көшесі","bridge":null,"lanes":null,"oneway":"no"}},{"type":"Feature","geometry":{"type":"LineString","coordinates":[[71.41069,51.10222],[71.40967,51.10237]]},"properties":{"layer":"road","districtId":"esil","osmType":"way","osmId":1526317956,"highway":"tertiary","name":"Бұқар Жырау көшесі","bridge":null,"lanes":null,"oneway":"no"}},{"type":"Feature","geometry":{"type":"LineString","coordinates":[[71.40756,51.10319],[71.4074,51.1027]]},"properties":{"layer":"road","districtId":"esil","osmType":"way","osmId":1526317981,"highway":"secondary","name":"Қабанбай Батыр даңғылы","bridge":null,"lanes":"6","oneway":null}},{"type":"Feature","geometry":{"type":"LineString","coordinates":[[71.40899,51.10721],[71.40859,51.10608]]},"properties":{"layer":"road","districtId":"esil","osmType":"way","osmId":1526318007,"highway":"secondary","name":"Қабанбай Батыр даңғылы","bridge":null,"lanes":"6","oneway":null}},{"type":"Feature","geometry":{"type":"LineString","coordinates":[[71.40859,51.10608],[71.40854,51.10594]]},"properties":{"layer":"road","districtId":"esil","osmType":"way","osmId":1526318008,"highway":"secondary","name":"Қабанбай Батыр даңғылы","bridge":null,"lanes":"6","oneway":null}},{"type":"Feature","geometry":{"type":"LineString","coordinates":[[71.40854,51.10594],[71.4083,51.10527]]},"properties":{"layer":"road","districtId":"esil","osmType":"way","osmId":1526318009,"highway":"secondary","name":"Қабанбай Батыр даңғылы","bridge":null,"lanes":"6","oneway":null}},{"type":"Feature","geometry":{"type":"LineString","coordinates":[[71.4083,51.10527],[71.40756,51.10319]]},"properties":{"layer":"road","districtId":"esil","osmType":"way","osmId":1526318012,"highway":"secondary","name":"Қабанбай Батыр даңғылы","bridge":null,"lanes":"6","oneway":null}},{"type":"Feature","geometry":{"type":"LineString","coordinates":[[71.4074,51.1027],[71.40687,51.10129]]},"properties":{"layer":"road","districtId":"nura","osmType":"way","osmId":1526318015,"highway":"secondary","name":"Қабанбай Батыр даңғылы","bridge":null,"lanes":"2","oneway":"yes"}},{"type":"Feature","geometry":{"type":"LineString","coordinates":[[71.40615,51.09923],[71.40596,51.0987]]},"properties":{"layer":"road","districtId":"esil","osmType":"way","osmId":1526318019,"highway":"secondary","name":"Қабанбай Батыр даңғылы","bridge":null,"lanes":"6","oneway":null}},{"type":"Feature","geometry":{"type":"LineString","coordinates":[[71.40638,51.0999],[71.40615,51.09923]]},"properties":{"layer":"road","districtId":"nura","osmType":"way","osmId":1526318025,"highway":"secondary","name":"Қабанбай Батыр даңғылы","bridge":null,"lanes":"5","oneway":null}},{"type":"Feature","geometry":{"type":"LineString","coordinates":[[71.40554,51.09754],[71.40445,51.09455]]},"properties":{"layer":"road","districtId":"esil","osmType":"way","osmId":1526318046,"highway":"secondary","name":"Қабанбай Батыр даңғылы","bridge":null,"lanes":"6","oneway":null}},{"type":"Feature","geometry":{"type":"LineString","coordinates":[[71.40263,51.08946],[71.40239,51.08879]]},"properties":{"layer":"road","districtId":"nura","osmType":"way","osmId":1526318063,"highway":"secondary","name":"Қабанбай Батыр даңғылы","bridge":null,"lanes":"5","oneway":null}},{"type":"Feature","geometry":{"type":"LineString","coordinates":[[71.40239,51.08879],[71.40234,51.08865]]},"properties":{"layer":"road","districtId":"nura","osmType":"way","osmId":1526318064,"highway":"secondary","name":"Қабанбай Батыр даңғылы","bridge":null,"lanes":"5","oneway":null}},{"type":"Feature","geometry":{"type":"LineString","coordinates":[[71.40234,51.08865],[71.40212,51.08804]]},"properties":{"layer":"road","districtId":"nura","osmType":"way","osmId":1526318065,"highway":"secondary","name":"Қабанбай Батыр даңғылы","bridge":null,"lanes":"5","oneway":null}},{"type":"Feature","geometry":{"type":"LineString","coordinates":[[71.40212,51.08804],[71.40205,51.08782]]},"properties":{"layer":"road","districtId":"esil","osmType":"way","osmId":1526318069,"highway":"secondary","name":"Қабанбай Батыр даңғылы","bridge":null,"lanes":"6","oneway":null}},{"type":"Feature","geometry":{"type":"LineString","coordinates":[[71.40205,51.08782],[71.40164,51.08655]]},"properties":{"layer":"road","districtId":"esil","osmType":"way","osmId":1526318070,"highway":"secondary","name":"Қабанбай Батыр даңғылы","bridge":null,"lanes":"6","oneway":null}},{"type":"Feature","geometry":{"type":"LineString","coordinates":[[71.39893,51.07902],[71.39731,51.07449]]},"properties":{"layer":"road","districtId":"esil","osmType":"way","osmId":1526318089,"highway":"secondary","name":"Қабанбай Батыр даңғылы","bridge":null,"lanes":"5","oneway":null}},{"type":"Feature","geometry":{"type":"LineString","coordinates":[[71.39731,51.07449],[71.39621,51.07145]]},"properties":{"layer":"road","districtId":"esil","osmType":"way","osmId":1526318090,"highway":"secondary","name":"Қабанбай Батыр даңғылы","bridge":null,"lanes":"5","oneway":null}},{"type":"Feature","geometry":{"type":"LineString","coordinates":[[71.47735,51.12656],[71.47617,51.12674]]},"properties":{"layer":"road","districtId":"almaty","osmType":"way","osmId":1526375248,"highway":"secondary","name":"Рақымжан Қошқарбаев даңғылы","bridge":null,"lanes":"2","oneway":"yes"}},{"type":"Feature","geometry":{"type":"LineString","coordinates":[[71.47617,51.12674],[71.47086,51.12758]]},"properties":{"layer":"road","districtId":"almaty","osmType":"way","osmId":1526375249,"highway":"secondary","name":"Рақымжан Қошқарбаев даңғылы","bridge":null,"lanes":"2","oneway":"yes"}},{"type":"Feature","geometry":{"type":"LineString","coordinates":[[71.372,51.13107],[71.38173,51.12982]]},"properties":{"layer":"road","districtId":"nura","osmType":"way","osmId":1526900339,"highway":"secondary","name":"Сығанақ көшесі","bridge":null,"lanes":null,"oneway":"yes"}},{"type":"Feature","geometry":{"type":"LineString","coordinates":[[71.41006,51.08521],[71.40955,51.08528]]},"properties":{"layer":"road","districtId":"esil","osmType":"way","osmId":1527479391,"highway":"tertiary","name":"Тұрар Рысқұлов көшесі","bridge":null,"lanes":"4","oneway":null}},{"type":"Feature","geometry":{"type":"LineString","coordinates":[[71.42105,51.08364],[71.42019,51.08376]]},"properties":{"layer":"road","districtId":"esil","osmType":"way","osmId":1527479407,"highway":"tertiary","name":"Тұрар Рысқұлов көшесі","bridge":null,"lanes":"4","oneway":null}},{"type":"Feature","geometry":{"type":"LineString","coordinates":[[71.41717,51.08493],[71.41724,51.08514]]},"properties":{"layer":"road","districtId":"esil","osmType":"way","osmId":1527479409,"highway":"tertiary","name":null,"bridge":null,"lanes":null,"oneway":null}},{"type":"Feature","geometry":{"type":"LineString","coordinates":[[71.41724,51.08514],[71.41765,51.08627]]},"properties":{"layer":"road","districtId":"esil","osmType":"way","osmId":1527479411,"highway":"tertiary","name":null,"bridge":null,"lanes":null,"oneway":null}},{"type":"Feature","geometry":{"type":"LineString","coordinates":[[71.41765,51.08627],[71.41762,51.08659]]},"properties":{"layer":"road","districtId":"esil","osmType":"way","osmId":1527479412,"highway":"tertiary","name":null,"bridge":null,"lanes":null,"oneway":null}},{"type":"Feature","geometry":{"type":"LineString","coordinates":[[71.43882,51.08208],[71.43851,51.08117]]},"properties":{"layer":"road","districtId":"esil","osmType":"way","osmId":1527479429,"highway":"tertiary","name":null,"bridge":null,"lanes":null,"oneway":null}},{"type":"Feature","geometry":{"type":"LineString","coordinates":[[71.41105,51.0936],[71.40912,51.09388]]},"properties":{"layer":"road","districtId":"esil","osmType":"way","osmId":1527581071,"highway":"tertiary","name":"Анадолы көшесі","bridge":null,"lanes":null,"oneway":"no"}},{"type":"Feature","geometry":{"type":"LineString","coordinates":[[71.41124,51.09358],[71.41105,51.0936]]},"properties":{"layer":"road","districtId":"esil","osmType":"way","osmId":1527581072,"highway":"tertiary","name":"Анадолы көшесі","bridge":null,"lanes":null,"oneway":"no"}},{"type":"Feature","geometry":{"type":"LineString","coordinates":[[71.40883,51.09392],[71.40538,51.09442]]},"properties":{"layer":"road","districtId":"esil","osmType":"way","osmId":1527581073,"highway":"tertiary","name":"Анадолы көшесі","bridge":null,"lanes":null,"oneway":"no"}},{"type":"Feature","geometry":{"type":"LineString","coordinates":[[71.40912,51.09388],[71.40883,51.09392]]},"properties":{"layer":"road","districtId":"esil","osmType":"way","osmId":1527581074,"highway":"tertiary","name":"Анадолы көшесі","bridge":null,"lanes":null,"oneway":"no"}},{"type":"Feature","geometry":{"type":"LineString","coordinates":[[71.40538,51.09442],[71.40445,51.09455]]},"properties":{"layer":"road","districtId":"esil","osmType":"way","osmId":1527581075,"highway":"tertiary","name":"Анадолы көшесі","bridge":null,"lanes":null,"oneway":"no"}},{"type":"Feature","geometry":{"type":"LineString","coordinates":[[71.43338,51.11323],[71.43365,51.114]]},"properties":{"layer":"road","districtId":"esil","osmType":"way","osmId":1527833773,"highway":"secondary","name":"Мәңгілік Ел даңғылы","bridge":null,"lanes":"3","oneway":"yes"}},{"type":"Feature","geometry":{"type":"LineString","coordinates":[[71.43468,51.13384],[71.43447,51.13333]]},"properties":{"layer":"road","districtId":"esil","osmType":"way","osmId":1527868422,"highway":"tertiary","name":"Арай көшесі","bridge":null,"lanes":"4","oneway":null}},{"type":"Feature","geometry":{"type":"LineString","coordinates":[[71.43438,51.13311],[71.43412,51.13249]]},"properties":{"layer":"road","districtId":"esil","osmType":"way","osmId":1527868439,"highway":"secondary","name":"Түркістан көшесі","bridge":null,"lanes":"6","oneway":null}},{"type":"Feature","geometry":{"type":"LineString","coordinates":[[71.43444,51.13325],[71.43438,51.13311]]},"properties":{"layer":"road","districtId":"esil","osmType":"way","osmId":1527868441,"highway":"secondary","name":"Түркістан көшесі","bridge":null,"lanes":"5","oneway":null}},{"type":"Feature","geometry":{"type":"LineString","coordinates":[[71.43402,51.13225],[71.434,51.13221]]},"properties":{"layer":"road","districtId":"esil","osmType":"way","osmId":1527868444,"highway":"secondary","name":"Түркістан көшесі","bridge":null,"lanes":"4","oneway":null}},{"type":"Feature","geometry":{"type":"LineString","coordinates":[[71.43365,51.13135],[71.4336,51.13124]]},"properties":{"layer":"road","districtId":"esil","osmType":"way","osmId":1527868447,"highway":"secondary","name":"Түркістан көшесі","bridge":null,"lanes":"4","oneway":null}},{"type":"Feature","geometry":{"type":"LineString","coordinates":[[71.4335,51.131],[71.43322,51.13032]]},"properties":{"layer":"road","districtId":"esil","osmType":"way","osmId":1527868448,"highway":"secondary","name":"Түркістан көшесі","bridge":null,"lanes":"5","oneway":null}},{"type":"Feature","geometry":{"type":"LineString","coordinates":[[71.434,51.13221],[71.4339,51.13195]]},"properties":{"layer":"road","districtId":"esil","osmType":"way","osmId":1527868449,"highway":"secondary","name":"Түркістан көшесі","bridge":null,"lanes":"4","oneway":null}},{"type":"Feature","geometry":{"type":"LineString","coordinates":[[71.4339,51.13195],[71.43365,51.13135]]},"properties":{"layer":"road","districtId":"esil","osmType":"way","osmId":1527868450,"highway":"secondary","name":"Түркістан көшесі","bridge":null,"lanes":"4","oneway":null}},{"type":"Feature","geometry":{"type":"LineString","coordinates":[[71.4336,51.13124],[71.4335,51.131]]},"properties":{"layer":"road","districtId":"esil","osmType":"way","osmId":1527868463,"highway":"secondary","name":"Түркістан көшесі","bridge":null,"lanes":"4","oneway":null}},{"type":"Feature","geometry":{"type":"LineString","coordinates":[[71.43322,51.13032],[71.43279,51.12922]]},"properties":{"layer":"road","districtId":"esil","osmType":"way","osmId":1527868465,"highway":"secondary","name":"Түркістан көшесі","bridge":null,"lanes":"5","oneway":null}},{"type":"Feature","geometry":{"type":"LineString","coordinates":[[71.43279,51.12922],[71.43207,51.12744]]},"properties":{"layer":"road","districtId":"esil","osmType":"way","osmId":1527868466,"highway":"secondary","name":"Түркістан көшесі","bridge":null,"lanes":"4","oneway":null}},{"type":"Feature","geometry":{"type":"LineString","coordinates":[[71.43175,51.12664],[71.43156,51.12612]]},"properties":{"layer":"road","districtId":"esil","osmType":"way","osmId":1527868467,"highway":"secondary","name":"Түркістан көшесі","bridge":null,"lanes":"5","oneway":null}},{"type":"Feature","geometry":{"type":"LineString","coordinates":[[71.43156,51.12612],[71.4314,51.12573]]},"properties":{"layer":"road","districtId":"esil","osmType":"way","osmId":1527868469,"highway":"secondary","name":"Түркістан көшесі","bridge":null,"lanes":"5","oneway":null}},{"type":"Feature","geometry":{"type":"LineString","coordinates":[[71.43195,51.12713],[71.43175,51.12664]]},"properties":{"layer":"road","districtId":"esil","osmType":"way","osmId":1527868470,"highway":"secondary","name":"Түркістан көшесі","bridge":null,"lanes":"4","oneway":null}},{"type":"Feature","geometry":{"type":"LineString","coordinates":[[71.43207,51.12744],[71.43195,51.12713]]},"properties":{"layer":"road","districtId":"esil","osmType":"way","osmId":1527868471,"highway":"secondary","name":"Түркістан көшесі","bridge":null,"lanes":"4","oneway":null}},{"type":"Feature","geometry":{"type":"LineString","coordinates":[[71.43074,51.12403],[71.43067,51.12383]]},"properties":{"layer":"road","districtId":"esil","osmType":"way","osmId":1527868483,"highway":"secondary","name":"Түркістан көшесі","bridge":null,"lanes":"5","oneway":null}},{"type":"Feature","geometry":{"type":"LineString","coordinates":[[71.43118,51.12516],[71.43114,51.12505]]},"properties":{"layer":"road","districtId":"esil","osmType":"way","osmId":1527868485,"highway":"secondary","name":"Түркістан көшесі","bridge":null,"lanes":"5","oneway":null}},{"type":"Feature","geometry":{"type":"LineString","coordinates":[[71.43111,51.12498],[71.43082,51.12422]]},"properties":{"layer":"road","districtId":"esil","osmType":"way","osmId":1527868486,"highway":"secondary","name":"Түркістан көшесі","bridge":null,"lanes":"5","oneway":null}},{"type":"Feature","geometry":{"type":"LineString","coordinates":[[71.43114,51.12505],[71.43111,51.12498]]},"properties":{"layer":"road","districtId":"esil","osmType":"way","osmId":1527868487,"highway":"secondary","name":"Түркістан көшесі","bridge":null,"lanes":"5","oneway":null}},{"type":"Feature","geometry":{"type":"LineString","coordinates":[[71.43082,51.12422],[71.43074,51.12403]]},"properties":{"layer":"road","districtId":"esil","osmType":"way","osmId":1527868489,"highway":"secondary","name":"Түркістан көшесі","bridge":null,"lanes":"5","oneway":null}},{"type":"Feature","geometry":{"type":"LineString","coordinates":[[71.43067,51.12383],[71.43049,51.12339]]},"properties":{"layer":"road","districtId":"esil","osmType":"way","osmId":1527868491,"highway":"secondary","name":"Түркістан көшесі","bridge":null,"lanes":"5","oneway":null}},{"type":"Feature","geometry":{"type":"LineString","coordinates":[[71.43049,51.12339],[71.43037,51.12307]]},"properties":{"layer":"road","districtId":"esil","osmType":"way","osmId":1527868492,"highway":"secondary","name":"Түркістан көшесі","bridge":null,"lanes":"5","oneway":null}},{"type":"Feature","geometry":{"type":"LineString","coordinates":[[71.42961,51.12115],[71.42951,51.12089]]},"properties":{"layer":"road","districtId":"esil","osmType":"way","osmId":1527868520,"highway":"secondary","name":"Түркістан көшесі","bridge":null,"lanes":"4","oneway":null}},{"type":"Feature","geometry":{"type":"LineString","coordinates":[[71.42951,51.12089],[71.42943,51.1207]]},"properties":{"layer":"road","districtId":"esil","osmType":"way","osmId":1527868521,"highway":"secondary","name":"Түркістан көшесі","bridge":null,"lanes":"4","oneway":null}},{"type":"Feature","geometry":{"type":"LineString","coordinates":[[71.42965,51.12125],[71.42961,51.12115]]},"properties":{"layer":"road","districtId":"esil","osmType":"way","osmId":1527868522,"highway":"secondary","name":"Түркістан көшесі","bridge":null,"lanes":"4","oneway":null}},{"type":"Feature","geometry":{"type":"LineString","coordinates":[[71.42943,51.1207],[71.42936,51.12053]]},"properties":{"layer":"road","districtId":"esil","osmType":"way","osmId":1527868523,"highway":"secondary","name":"Түркістан көшесі","bridge":null,"lanes":"4","oneway":null}},{"type":"Feature","geometry":{"type":"LineString","coordinates":[[71.42708,51.1146],[71.42686,51.11398]]},"properties":{"layer":"road","districtId":"esil","osmType":"way","osmId":1527868541,"highway":"secondary","name":"Түркістан көшесі","bridge":null,"lanes":"4","oneway":null}},{"type":"Feature","geometry":{"type":"LineString","coordinates":[[71.42725,51.11509],[71.42716,51.11484]]},"properties":{"layer":"road","districtId":"esil","osmType":"way","osmId":1527868545,"highway":"secondary","name":"Түркістан көшесі","bridge":null,"lanes":"4","oneway":null}},{"type":"Feature","geometry":{"type":"LineString","coordinates":[[71.42716,51.11484],[71.42708,51.1146]]},"properties":{"layer":"road","districtId":"esil","osmType":"way","osmId":1527868546,"highway":"secondary","name":"Түркістан көшесі","bridge":null,"lanes":"4","oneway":null}},{"type":"Feature","geometry":{"type":"LineString","coordinates":[[71.42737,51.11543],[71.42725,51.11509]]},"properties":{"layer":"road","districtId":"esil","osmType":"way","osmId":1527868547,"highway":"secondary","name":"Түркістан көшесі","bridge":null,"lanes":"4","oneway":null}},{"type":"Feature","geometry":{"type":"LineString","coordinates":[[71.42743,51.11558],[71.42737,51.11543]]},"properties":{"layer":"road","districtId":"esil","osmType":"way","osmId":1527868548,"highway":"secondary","name":"Түркістан көшесі","bridge":null,"lanes":"4","oneway":null}},{"type":"Feature","geometry":{"type":"LineString","coordinates":[[71.42037,51.09566],[71.42078,51.09669]]},"properties":{"layer":"road","districtId":"esil","osmType":"way","osmId":1527868557,"highway":"tertiary","name":"Түркістан көшесі","bridge":null,"lanes":"4","oneway":"yes"}},{"type":"Feature","geometry":{"type":"LineString","coordinates":[[71.41504,51.08638],[71.41648,51.08631],[71.41769,51.08647],[71.41949,51.0873]]},"properties":{"layer":"road","districtId":"esil","osmType":"way","osmId":1527868558,"highway":"tertiary","name":"Түркістан көшесі","bridge":null,"lanes":"2","oneway":"yes"}},{"type":"Feature","geometry":{"type":"LineString","coordinates":[[71.41949,51.0873],[71.41746,51.08655],[71.41516,51.08648]]},"properties":{"layer":"road","districtId":"esil","osmType":"way","osmId":1527868559,"highway":"tertiary","name":"Түркістан көшесі","bridge":null,"lanes":"2","oneway":"yes"}},{"type":"Feature","geometry":{"type":"LineString","coordinates":[[71.4201,51.08778],[71.41949,51.0873]]},"properties":{"layer":"road","districtId":"esil","osmType":"way","osmId":1527868560,"highway":"tertiary","name":"Түркістан көшесі","bridge":null,"lanes":"4","oneway":null}},{"type":"Feature","geometry":{"type":"LineString","coordinates":[[71.42518,51.1096],[71.42475,51.1084]]},"properties":{"layer":"road","districtId":"esil","osmType":"way","osmId":1527868578,"highway":"secondary","name":"Түркістан көшесі","bridge":null,"lanes":"2","oneway":"yes"}},{"type":"Feature","geometry":{"type":"LineString","coordinates":[[71.42475,51.1084],[71.42448,51.10764]]},"properties":{"layer":"road","districtId":"esil","osmType":"way","osmId":1527868579,"highway":"secondary","name":"Түркістан көшесі","bridge":null,"lanes":"4","oneway":"yes"}},{"type":"Feature","geometry":{"type":"LineString","coordinates":[[71.42493,51.10816],[71.42543,51.10956]]},"properties":{"layer":"road","districtId":"esil","osmType":"way","osmId":1527868580,"highway":"secondary","name":"Түркістан көшесі","bridge":null,"lanes":"4","oneway":"yes"}},{"type":"Feature","geometry":{"type":"LineString","coordinates":[[71.42466,51.10743],[71.42471,51.10757]]},"properties":{"layer":"road","districtId":"esil","osmType":"way","osmId":1527868581,"highway":"secondary","name":"Түркістан көшесі","bridge":null,"lanes":"3","oneway":"yes"}},{"type":"Feature","geometry":{"type":"LineString","coordinates":[[71.42621,51.11184],[71.42686,51.11398]]},"properties":{"layer":"road","districtId":"esil","osmType":"way","osmId":1527868586,"highway":"secondary","name":"Түркістан көшесі","bridge":null,"lanes":"4","oneway":"yes"}},{"type":"Feature","geometry":{"type":"LineString","coordinates":[[71.42606,51.11138],[71.42621,51.11184]]},"properties":{"layer":"road","districtId":"esil","osmType":"way","osmId":1527868587,"highway":"secondary","name":"Түркістан көшесі","bridge":null,"lanes":"4","oneway":"yes"}},{"type":"Feature","geometry":{"type":"LineString","coordinates":[[71.42586,51.11146],[71.42518,51.1096]]},"properties":{"layer":"road","districtId":"esil","osmType":"way","osmId":1527868588,"highway":"secondary","name":"Түркістан көшесі","bridge":null,"lanes":"4","oneway":"yes"}},{"type":"Feature","geometry":{"type":"LineString","coordinates":[[71.42448,51.10764],[71.42412,51.10663]]},"properties":{"layer":"road","districtId":"esil","osmType":"way","osmId":1527868602,"highway":"secondary","name":"Түркістан көшесі","bridge":null,"lanes":"3","oneway":"yes"}},{"type":"Feature","geometry":{"type":"LineString","coordinates":[[71.42424,51.10627],[71.42461,51.10728]]},"properties":{"layer":"road","districtId":"esil","osmType":"way","osmId":1527868603,"highway":"secondary","name":"Түркістан көшесі","bridge":null,"lanes":"4","oneway":"yes"}},{"type":"Feature","geometry":{"type":"LineString","coordinates":[[71.42227,51.10079],[71.42281,51.10231]]},"properties":{"layer":"road","districtId":"esil","osmType":"way","osmId":1527868604,"highway":"secondary","name":"Түркістан көшесі","bridge":null,"lanes":"3","oneway":"yes"}},{"type":"Feature","geometry":{"type":"LineString","coordinates":[[71.42259,51.10236],[71.42228,51.10148]]},"properties":{"layer":"road","districtId":"esil","osmType":"way","osmId":1527868605,"highway":"secondary","name":"Түркістан көшесі","bridge":null,"lanes":"3","oneway":"yes"}},{"type":"Feature","geometry":{"type":"LineString","coordinates":[[71.42228,51.10148],[71.42204,51.10081]]},"properties":{"layer":"road","districtId":"esil","osmType":"way","osmId":1527868606,"highway":"secondary","name":"Түркістан көшесі","bridge":null,"lanes":"4","oneway":"yes"}},{"type":"Feature","geometry":{"type":"LineString","coordinates":[[71.41692,51.09709],[71.41681,51.09701]]},"properties":{"layer":"road","districtId":"esil","osmType":"way","osmId":1528403888,"highway":"tertiary","name":"Ақмешіт көшесі","bridge":null,"lanes":null,"oneway":"yes"}},{"type":"Feature","geometry":{"type":"LineString","coordinates":[[71.418,51.10008],[71.41712,51.09766]]},"properties":{"layer":"road","districtId":"esil","osmType":"way","osmId":1528403897,"highway":"tertiary","name":"Ақмешіт көшесі","bridge":null,"lanes":"4","oneway":null}},{"type":"Feature","geometry":{"type":"LineString","coordinates":[[71.41712,51.09766],[71.41692,51.09709]]},"properties":{"layer":"road","districtId":"esil","osmType":"way","osmId":1528403910,"highway":"tertiary","name":"Ақмешіт көшесі","bridge":null,"lanes":"4","oneway":null}},{"type":"Feature","geometry":{"type":"LineString","coordinates":[[71.4181,51.10034],[71.418,51.10008]]},"properties":{"layer":"road","districtId":"esil","osmType":"way","osmId":1528403917,"highway":"tertiary","name":"Ақмешіт көшесі","bridge":null,"lanes":"4","oneway":null}},{"type":"Feature","geometry":{"type":"LineString","coordinates":[[71.4137,51.14633],[71.41206,51.14616]]},"properties":{"layer":"road","districtId":"nura","osmType":"way","osmId":1528761276,"highway":"secondary","name":"Қорғалжын тас жолы","bridge":null,"lanes":"4","oneway":"yes"}},{"type":"Feature","geometry":{"type":"LineString","coordinates":[[71.40377,51.13001],[71.40546,51.12976]]},"properties":{"layer":"road","districtId":"nura","osmType":"way","osmId":1529419946,"highway":"tertiary","name":"Е-308 көшесі","bridge":null,"lanes":"4","oneway":null}},{"type":"Feature","geometry":{"type":"LineString","coordinates":[[71.4001,51.13151],[71.40034,51.13122]]},"properties":{"layer":"road","districtId":"nura","osmType":"way","osmId":1529419962,"highway":"tertiary","name":"Е-308 көшесі","bridge":null,"lanes":"4","oneway":null}},{"type":"Feature","geometry":{"type":"LineString","coordinates":[[71.3999,51.13186],[71.4001,51.13151]]},"properties":{"layer":"road","districtId":"nura","osmType":"way","osmId":1529419963,"highway":"tertiary","name":"Е-308 көшесі","bridge":null,"lanes":"4","oneway":null}},{"type":"Feature","geometry":{"type":"LineString","coordinates":[[71.3998,51.13278],[71.3999,51.13186]]},"properties":{"layer":"road","districtId":"nura","osmType":"way","osmId":1529419971,"highway":"tertiary","name":"Е-308 көшесі","bridge":null,"lanes":"4","oneway":null}},{"type":"Feature","geometry":{"type":"LineString","coordinates":[[71.39986,51.13301],[71.3998,51.13278]]},"properties":{"layer":"road","districtId":"nura","osmType":"way","osmId":1529419972,"highway":"tertiary","name":"Е-308 көшесі","bridge":null,"lanes":"4","oneway":null}},{"type":"Feature","geometry":{"type":"LineString","coordinates":[[71.40626,51.13452],[71.40337,51.13487]]},"properties":{"layer":"road","districtId":"nura","osmType":"way","osmId":1529419996,"highway":"tertiary","name":"Е-308 көшесі","bridge":null,"lanes":"4","oneway":null}},{"type":"Feature","geometry":{"type":"LineString","coordinates":[[71.40201,51.13467],[71.40171,51.13457]]},"properties":{"layer":"road","districtId":"nura","osmType":"way","osmId":1529420000,"highway":"tertiary","name":"Е-308 көшесі","bridge":null,"lanes":"4","oneway":null}},{"type":"Feature","geometry":{"type":"LineString","coordinates":[[71.40171,51.13457],[71.4016,51.13454]]},"properties":{"layer":"road","districtId":"nura","osmType":"way","osmId":1529420001,"highway":"tertiary","name":"Е-308 көшесі","bridge":null,"lanes":"4","oneway":null}},{"type":"Feature","geometry":{"type":"LineString","coordinates":[[71.4028,51.13482],[71.40243,51.13477]]},"properties":{"layer":"road","districtId":"nura","osmType":"way","osmId":1529420002,"highway":"tertiary","name":"Е-308 көшесі","bridge":null,"lanes":"4","oneway":null}},{"type":"Feature","geometry":{"type":"LineString","coordinates":[[71.4016,51.13454],[71.40018,51.13358]]},"properties":{"layer":"road","districtId":"nura","osmType":"way","osmId":1529420003,"highway":"tertiary","name":"Е-308 көшесі","bridge":null,"lanes":"4","oneway":null}},{"type":"Feature","geometry":{"type":"LineString","coordinates":[[71.40018,51.13358],[71.3999,51.13313]]},"properties":{"layer":"road","districtId":"nura","osmType":"way","osmId":1529420005,"highway":"tertiary","name":"Е-308 көшесі","bridge":null,"lanes":"4","oneway":null}},{"type":"Feature","geometry":{"type":"LineString","coordinates":[[71.40295,51.13013],[71.40377,51.13001]]},"properties":{"layer":"road","districtId":"nura","osmType":"way","osmId":1529420008,"highway":"tertiary","name":"Е-308 көшесі","bridge":null,"lanes":"4","oneway":null}},{"type":"Feature","geometry":{"type":"LineString","coordinates":[[71.40052,51.13106],[71.40154,51.13047],[71.40271,51.13017]]},"properties":{"layer":"road","districtId":"nura","osmType":"way","osmId":1529420009,"highway":"tertiary","name":"Е-308 көшесі","bridge":null,"lanes":"4","oneway":null}},{"type":"Feature","geometry":{"type":"LineString","coordinates":[[71.40034,51.13122],[71.40052,51.13106]]},"properties":{"layer":"road","districtId":"nura","osmType":"way","osmId":1529420010,"highway":"tertiary","name":"Е-308 көшесі","bridge":null,"lanes":"4","oneway":null}},{"type":"Feature","geometry":{"type":"LineString","coordinates":[[71.44111,51.16299],[71.44161,51.16127]]},"properties":{"layer":"road","districtId":"baikonur","osmType":"way","osmId":1530967035,"highway":"secondary","name":"Шоқан Уәлиханов көшесі","bridge":null,"lanes":"4","oneway":null}},{"type":"Feature","geometry":{"type":"LineString","coordinates":[[71.44088,51.16373],[71.4409,51.16366]]},"properties":{"layer":"road","districtId":"baikonur","osmType":"way","osmId":1530967036,"highway":"secondary","name":"Шоқан Уәлиханов көшесі","bridge":null,"lanes":"4","oneway":null}},{"type":"Feature","geometry":{"type":"LineString","coordinates":[[71.44094,51.16355],[71.44111,51.16299]]},"properties":{"layer":"road","districtId":"baikonur","osmType":"way","osmId":1530967037,"highway":"secondary","name":"Шоқан Уәлиханов көшесі","bridge":null,"lanes":"4","oneway":null}},{"type":"Feature","geometry":{"type":"LineString","coordinates":[[71.44092,51.1636],[71.44094,51.16355]]},"properties":{"layer":"road","districtId":"baikonur","osmType":"way","osmId":1530967038,"highway":"secondary","name":"Шоқан Уәлиханов көшесі","bridge":null,"lanes":"4","oneway":null}},{"type":"Feature","geometry":{"type":"LineString","coordinates":[[71.4409,51.16366],[71.44092,51.1636]]},"properties":{"layer":"road","districtId":"baikonur","osmType":"way","osmId":1530967039,"highway":"secondary","name":"Шоқан Уәлиханов көшесі","bridge":null,"lanes":"4","oneway":null}},{"type":"Feature","geometry":{"type":"LineString","coordinates":[[71.4406,51.16467],[71.44063,51.16456]]},"properties":{"layer":"road","districtId":"baikonur","osmType":"way","osmId":1530967040,"highway":"secondary","name":"Шоқан Уәлиханов көшесі","bridge":null,"lanes":"4","oneway":null}},{"type":"Feature","geometry":{"type":"LineString","coordinates":[[71.44063,51.16456],[71.44074,51.16421]]},"properties":{"layer":"road","districtId":"baikonur","osmType":"way","osmId":1530967041,"highway":"secondary","name":"Шоқан Уәлиханов көшесі","bridge":null,"lanes":"4","oneway":null}},{"type":"Feature","geometry":{"type":"LineString","coordinates":[[71.43998,51.16676],[71.44018,51.16609]]},"properties":{"layer":"road","districtId":"baikonur","osmType":"way","osmId":1530967050,"highway":"secondary","name":"Шоқан Уәлиханов көшесі","bridge":null,"lanes":"4","oneway":null}},{"type":"Feature","geometry":{"type":"LineString","coordinates":[[71.43992,51.16698],[71.43998,51.16676]]},"properties":{"layer":"road","districtId":"baikonur","osmType":"way","osmId":1530967052,"highway":"secondary","name":"Шоқан Уәлиханов көшесі","bridge":null,"lanes":"4","oneway":null}},{"type":"Feature","geometry":{"type":"LineString","coordinates":[[71.43992,51.16698],[71.43429,51.16634]]},"properties":{"layer":"road","districtId":"baikonur","osmType":"way","osmId":1530967053,"highway":"secondary","name":"Кенесары көшесі","bridge":null,"lanes":null,"oneway":"yes"}},{"type":"Feature","geometry":{"type":"LineString","coordinates":[[71.4656,51.14607],[71.46514,51.14607]]},"properties":{"layer":"road","districtId":"almaty","osmType":"way","osmId":1531431701,"highway":"tertiary","name":"Күйші Дина көшесі","bridge":null,"lanes":null,"oneway":null}},{"type":"Feature","geometry":{"type":"LineString","coordinates":[[71.46785,51.14592],[71.46575,51.14607]]},"properties":{"layer":"road","districtId":"almaty","osmType":"way","osmId":1531431702,"highway":"tertiary","name":"Күйші Дина көшесі","bridge":null,"lanes":null,"oneway":null}},{"type":"Feature","geometry":{"type":"LineString","coordinates":[[71.48419,51.14775],[71.49297,51.15026],[71.4941,51.15126]]},"properties":{"layer":"road","districtId":"almaty","osmType":"way","osmId":1531431703,"highway":"tertiary","name":"Бейімбет Майлин көшесі","bridge":null,"lanes":"6","oneway":null}},{"type":"Feature","geometry":{"type":"LineString","coordinates":[[71.47364,51.14475],[71.47475,51.14506]]},"properties":{"layer":"road","districtId":"almaty","osmType":"way","osmId":1531431704,"highway":"tertiary","name":"Бейімбет Майлин көшесі","bridge":null,"lanes":"6","oneway":null}},{"type":"Feature","geometry":{"type":"LineString","coordinates":[[71.46519,51.14229],[71.47364,51.14475]]},"properties":{"layer":"road","districtId":"almaty","osmType":"way","osmId":1531431705,"highway":"tertiary","name":"Бейімбет Майлин көшесі","bridge":null,"lanes":"6","oneway":null}},{"type":"Feature","geometry":{"type":"LineString","coordinates":[[71.46345,51.14176],[71.46519,51.14229]]},"properties":{"layer":"road","districtId":"almaty","osmType":"way","osmId":1531431706,"highway":"tertiary","name":"Бейімбет Майлин көшесі","bridge":null,"lanes":"6","oneway":null}},{"type":"Feature","geometry":{"type":"LineString","coordinates":[[71.4633,51.14171],[71.46345,51.14176]]},"properties":{"layer":"road","districtId":"almaty","osmType":"way","osmId":1531431707,"highway":"tertiary","name":"Бейімбет Майлин көшесі","bridge":null,"lanes":"6","oneway":null}},{"type":"Feature","geometry":{"type":"LineString","coordinates":[[71.42528,51.09113],[71.4225,51.08344]]},"properties":{"layer":"road","districtId":"esil","osmType":"way","osmId":1531638142,"highway":"secondary","name":"Мәңгілік Ел даңғылы","bridge":null,"lanes":null,"oneway":"yes"}},{"type":"Feature","geometry":{"type":"LineString","coordinates":[[71.42547,51.0911],[71.42627,51.09099]]},"properties":{"layer":"road","districtId":"esil","osmType":"way","osmId":1531638143,"highway":"tertiary","name":"Әбіш Кекілбайұлы көшесі","bridge":null,"lanes":"4","oneway":null}},{"type":"Feature","geometry":{"type":"LineString","coordinates":[[71.42547,51.0911],[71.42702,51.09545]]},"properties":{"layer":"road","districtId":"esil","osmType":"way","osmId":1531638144,"highway":"secondary","name":"Мәңгілік Ел даңғылы","bridge":null,"lanes":"6","oneway":"yes"}},{"type":"Feature","geometry":{"type":"LineString","coordinates":[[71.44133,51.08886],[71.44211,51.08875]]},"properties":{"layer":"road","districtId":"esil","osmType":"way","osmId":1531643134,"highway":"tertiary","name":"Әбіш Кекілбайұлы көшесі","bridge":null,"lanes":"4","oneway":null}},{"type":"Feature","geometry":{"type":"LineString","coordinates":[[71.44133,51.08886],[71.44291,51.09333]]},"properties":{"layer":"road","districtId":"esil","osmType":"way","osmId":1531643135,"highway":"tertiary","name":"Қасым Қайсенов көшесі","bridge":null,"lanes":null,"oneway":"yes"}},{"type":"Feature","geometry":{"type":"LineString","coordinates":[[71.39798,51.17142],[71.39715,51.17438]]},"properties":{"layer":"road","districtId":"saryarka","osmType":"way","osmId":1531672489,"highway":"tertiary","name":"Кенжебек Күмісбеков көшесі","bridge":null,"lanes":"6","oneway":null}},{"type":"Feature","geometry":{"type":"LineString","coordinates":[[71.3984,51.1699],[71.39817,51.17073]]},"properties":{"layer":"road","districtId":"saryarka","osmType":"way","osmId":1531673090,"highway":"tertiary","name":"Кенжебек Күмісбеков көшесі","bridge":null,"lanes":"6","oneway":null}},{"type":"Feature","geometry":{"type":"LineString","coordinates":[[71.25338,51.10978],[71.25328,51.10988]]},"properties":{"layer":"road","districtId":"nura","osmType":"way","osmId":1532998981,"highway":"primary","name":"Исатай Батыр көшесі","bridge":null,"lanes":null,"oneway":null}},{"type":"Feature","geometry":{"type":"LineString","coordinates":[[71.3923,51.14813],[71.39226,51.14801]]},"properties":{"layer":"road","districtId":"nura","osmType":"way","osmId":1533000109,"highway":"primary","name":null,"bridge":null,"lanes":null,"oneway":null}},{"type":"Feature","geometry":{"type":"LineString","coordinates":[[71.40658,51.14597],[71.40656,51.14586]]},"properties":{"layer":"road","districtId":"nura","osmType":"way","osmId":1533000110,"highway":"primary","name":"Аягөз көшесі","bridge":null,"lanes":null,"oneway":null}},{"type":"Feature","geometry":{"type":"LineString","coordinates":[[71.39885,51.16827],[71.3984,51.1699]]},"properties":{"layer":"road","districtId":"saryarka","osmType":"way","osmId":1533007332,"highway":"tertiary","name":"Кенжебек Күмісбеков көшесі","bridge":null,"lanes":"6","oneway":null}},{"type":"Feature","geometry":{"type":"LineString","coordinates":[[71.39887,51.16818],[71.39885,51.16827]]},"properties":{"layer":"road","districtId":"saryarka","osmType":"way","osmId":1533007333,"highway":"secondary","name":"Кенжебек Күмісбеков көшесі","bridge":null,"lanes":"6","oneway":null}},{"type":"Feature","geometry":{"type":"LineString","coordinates":[[71.39817,51.17073],[71.39798,51.17142]]},"properties":{"layer":"road","districtId":"saryarka","osmType":"way","osmId":1533007334,"highway":"tertiary","name":"Кенжебек Күмісбеков көшесі","bridge":null,"lanes":"6","oneway":null}},{"type":"Feature","geometry":{"type":"LineString","coordinates":[[71.39646,51.17609],[71.39649,51.1759]]},"properties":{"layer":"road","districtId":"saryarka","osmType":"way","osmId":1533008131,"highway":"primary","name":"Бекетай көшесі","bridge":null,"lanes":"2","oneway":null}},{"type":"Feature","geometry":{"type":"LineString","coordinates":[[71.39357,51.17664],[71.39349,51.17649]]},"properties":{"layer":"road","districtId":"saryarka","osmType":"way","osmId":1533008133,"highway":"primary","name":"Сарыбұлақ көшесі","bridge":null,"lanes":null,"oneway":null}},{"type":"Feature","geometry":{"type":"LineString","coordinates":[[71.38967,51.17756],[71.38957,51.17741]]},"properties":{"layer":"road","districtId":"saryarka","osmType":"way","osmId":1533008134,"highway":"primary","name":"Мәскеу көшесі","bridge":null,"lanes":"2","oneway":"no"}},{"type":"Feature","geometry":{"type":"LineString","coordinates":[[71.38581,51.18252],[71.38503,51.18174]]},"properties":{"layer":"road","districtId":"saryarka","osmType":"way","osmId":1533012099,"highway":"secondary","name":"Шабал Бейсекова көшесі","bridge":null,"lanes":null,"oneway":null}},{"type":"Feature","geometry":{"type":"LineString","coordinates":[[71.45296,51.16289],[71.45291,51.16283]]},"properties":{"layer":"road","districtId":"baikonur","osmType":"way","osmId":1533021972,"highway":"tertiary","name":"Бейсекбаев көшесі","bridge":null,"lanes":null,"oneway":null}},{"type":"Feature","geometry":{"type":"LineString","coordinates":[[71.45291,51.16283],[71.45287,51.16278]]},"properties":{"layer":"road","districtId":"baikonur","osmType":"way","osmId":1533021973,"highway":"secondary","name":"Бейсекбаев көшесі","bridge":null,"lanes":null,"oneway":null}},{"type":"Feature","geometry":{"type":"LineString","coordinates":[[71.48399,51.14769],[71.48419,51.14775]]},"properties":{"layer":"road","districtId":"almaty","osmType":"way","osmId":1533025856,"highway":"tertiary","name":"Бейімбет Майлин көшесі","bridge":null,"lanes":"6","oneway":null}},{"type":"Feature","geometry":{"type":"LineString","coordinates":[[71.48386,51.14765],[71.48399,51.14769]]},"properties":{"layer":"road","districtId":"almaty","osmType":"way","osmId":1533025857,"highway":"secondary","name":"Бейімбет Майлин көшесі","bridge":null,"lanes":"6","oneway":null}},{"type":"Feature","geometry":{"type":"LineString","coordinates":[[71.52209,51.05267],[71.52212,51.05256]]},"properties":{"layer":"road","districtId":"esil","osmType":"way","osmId":1533036123,"highway":"trunk","name":null,"bridge":null,"lanes":"4","oneway":null}},{"type":"Feature","geometry":{"type":"LineString","coordinates":[[71.51259,51.05164],[71.5126,51.05153]]},"properties":{"layer":"road","districtId":"esil","osmType":"way","osmId":1533036125,"highway":"trunk","name":null,"bridge":null,"lanes":null,"oneway":null}},{"type":"Feature","geometry":{"type":"LineString","coordinates":[[71.48551,51.04702],[71.48541,51.04711]]},"properties":{"layer":"road","districtId":"esil","osmType":"way","osmId":1533036126,"highway":"trunk","name":null,"bridge":null,"lanes":null,"oneway":null}},{"type":"Feature","geometry":{"type":"LineString","coordinates":[[71.49011,51.20455],[71.49024,51.20444]]},"properties":{"layer":"road","districtId":"baikonur","osmType":"way","osmId":1533048181,"highway":"primary","name":"69-шы көше","bridge":null,"lanes":null,"oneway":"no"}},{"type":"Feature","geometry":{"type":"LineString","coordinates":[[71.34297,51.24998],[71.34289,51.25005]]},"properties":{"layer":"road","districtId":"baikonur","osmType":"way","osmId":1533051197,"highway":"trunk","name":null,"bridge":null,"lanes":null,"oneway":null}},{"type":"Feature","geometry":{"type":"LineString","coordinates":[[71.45815,51.15177],[71.45724,51.1515]]},"properties":{"layer":"road","districtId":"almaty","osmType":"way","osmId":1537666806,"highway":"secondary","name":"Қажымұқан көшесі","bridge":null,"lanes":"6","oneway":null}},{"type":"Feature","geometry":{"type":"LineString","coordinates":[[71.45724,51.1515],[71.45644,51.15124]]},"properties":{"layer":"road","districtId":"almaty","osmType":"way","osmId":1537666807,"highway":"secondary","name":"Қажымұқан көшесі","bridge":null,"lanes":"6","oneway":null}},{"type":"Feature","geometry":{"type":"LineString","coordinates":[[71.45923,51.15207],[71.45889,51.15197]]},"properties":{"layer":"road","districtId":"almaty","osmType":"way","osmId":1537666808,"highway":"secondary","name":"Қажымұқан көшесі","bridge":null,"lanes":"6","oneway":null}},{"type":"Feature","geometry":{"type":"LineString","coordinates":[[71.45889,51.15197],[71.45861,51.1519]]},"properties":{"layer":"road","districtId":"almaty","osmType":"way","osmId":1537666813,"highway":"secondary","name":"Қажымұқан көшесі","bridge":null,"lanes":"6","oneway":null}},{"type":"Feature","geometry":{"type":"LineString","coordinates":[[71.45861,51.1519],[71.45815,51.15177]]},"properties":{"layer":"road","districtId":"almaty","osmType":"way","osmId":1537666814,"highway":"secondary","name":"Қажымұқан көшесі","bridge":null,"lanes":"6","oneway":null}},{"type":"Feature","geometry":{"type":"LineString","coordinates":[[71.46008,51.15231],[71.45991,51.15226]]},"properties":{"layer":"road","districtId":"almaty","osmType":"way","osmId":1537666815,"highway":"secondary","name":"Қажымұқан көшесі","bridge":null,"lanes":"6","oneway":null}},{"type":"Feature","geometry":{"type":"LineString","coordinates":[[71.46041,51.1524],[71.46008,51.15231]]},"properties":{"layer":"road","districtId":"almaty","osmType":"way","osmId":1537666816,"highway":"secondary","name":"Қажымұқан көшесі","bridge":null,"lanes":"6","oneway":null}},{"type":"Feature","geometry":{"type":"LineString","coordinates":[[71.45991,51.15226],[71.45923,51.15207]]},"properties":{"layer":"road","districtId":"almaty","osmType":"way","osmId":1537666826,"highway":"secondary","name":"Қажымұқан көшесі","bridge":null,"lanes":"6","oneway":null}},{"type":"Feature","geometry":{"type":"LineString","coordinates":[[71.47579,51.15668],[71.47558,51.15662]]},"properties":{"layer":"road","districtId":"almaty","osmType":"way","osmId":1537666842,"highway":"secondary","name":"Қажымұқан көшесі","bridge":null,"lanes":"6","oneway":null}},{"type":"Feature","geometry":{"type":"LineString","coordinates":[[71.47558,51.15662],[71.47449,51.15631]]},"properties":{"layer":"road","districtId":"almaty","osmType":"way","osmId":1537666844,"highway":"secondary","name":"Қажымұқан көшесі","bridge":null,"lanes":"6","oneway":null}},{"type":"Feature","geometry":{"type":"LineString","coordinates":[[71.47399,51.15616],[71.47282,51.15584]]},"properties":{"layer":"road","districtId":"almaty","osmType":"way","osmId":1537666846,"highway":"secondary","name":"Қажымұқан көшесі","bridge":null,"lanes":"6","oneway":null}},{"type":"Feature","geometry":{"type":"LineString","coordinates":[[71.47692,51.15656],[71.47624,51.15676]]},"properties":{"layer":"road","districtId":"almaty","osmType":"way","osmId":1537666889,"highway":"secondary","name":null,"bridge":null,"lanes":null,"oneway":null}},{"type":"Feature","geometry":{"type":"LineString","coordinates":[[71.47449,51.15631],[71.47399,51.15616]]},"properties":{"layer":"road","districtId":"almaty","osmType":"way","osmId":1537666892,"highway":"secondary","name":"Қажымұқан көшесі","bridge":null,"lanes":null,"oneway":null}},{"type":"Feature","geometry":{"type":"LineString","coordinates":[[71.47282,51.15584],[71.47237,51.15572]]},"properties":{"layer":"road","districtId":"almaty","osmType":"way","osmId":1537666897,"highway":"secondary","name":"Қажымұқан көшесі","bridge":null,"lanes":null,"oneway":null}},{"type":"Feature","geometry":{"type":"LineString","coordinates":[[71.47177,51.15556],[71.47104,51.15536]]},"properties":{"layer":"road","districtId":"almaty","osmType":"way","osmId":1537666898,"highway":"secondary","name":"Қажымұқан көшесі","bridge":null,"lanes":"6","oneway":null}},{"type":"Feature","geometry":{"type":"LineString","coordinates":[[71.4722,51.15568],[71.47177,51.15556]]},"properties":{"layer":"road","districtId":"almaty","osmType":"way","osmId":1537666899,"highway":"secondary","name":"Қажымұқан көшесі","bridge":null,"lanes":"6","oneway":null}},{"type":"Feature","geometry":{"type":"LineString","coordinates":[[71.47237,51.15572],[71.4722,51.15568]]},"properties":{"layer":"road","districtId":"almaty","osmType":"way","osmId":1537666900,"highway":"secondary","name":"Қажымұқан көшесі","bridge":null,"lanes":"6","oneway":null}},{"type":"Feature","geometry":{"type":"LineString","coordinates":[[71.46813,51.15454],[71.46802,51.15451]]},"properties":{"layer":"road","districtId":"almaty","osmType":"way","osmId":1537666906,"highway":"secondary","name":"Қажымұқан көшесі","bridge":null,"lanes":"6","oneway":null}},{"type":"Feature","geometry":{"type":"LineString","coordinates":[[71.46779,51.15444],[71.46676,51.15414]]},"properties":{"layer":"road","districtId":"almaty","osmType":"way","osmId":1537666907,"highway":"secondary","name":"Қажымұқан көшесі","bridge":null,"lanes":"6","oneway":null}},{"type":"Feature","geometry":{"type":"LineString","coordinates":[[71.46802,51.15451],[71.46779,51.15444]]},"properties":{"layer":"road","districtId":"almaty","osmType":"way","osmId":1537666908,"highway":"secondary","name":"Қажымұқан көшесі","bridge":null,"lanes":"6","oneway":null}},{"type":"Feature","geometry":{"type":"LineString","coordinates":[[71.46827,51.15458],[71.46813,51.15454]]},"properties":{"layer":"road","districtId":"almaty","osmType":"way","osmId":1537666910,"highway":"secondary","name":"Қажымұқан көшесі","bridge":null,"lanes":"6","oneway":null}},{"type":"Feature","geometry":{"type":"LineString","coordinates":[[71.46933,51.15489],[71.46884,51.15474]]},"properties":{"layer":"road","districtId":"almaty","osmType":"way","osmId":1537666911,"highway":"secondary","name":"Қажымұқан көшесі","bridge":null,"lanes":"6","oneway":null}},{"type":"Feature","geometry":{"type":"LineString","coordinates":[[71.46394,51.15337],[71.46244,51.15296]]},"properties":{"layer":"road","districtId":"almaty","osmType":"way","osmId":1537666912,"highway":"secondary","name":"Қажымұқан көшесі","bridge":null,"lanes":"6","oneway":null}},{"type":"Feature","geometry":{"type":"LineString","coordinates":[[71.46509,51.15367],[71.46394,51.15337]]},"properties":{"layer":"road","districtId":"almaty","osmType":"way","osmId":1537666913,"highway":"secondary","name":"Қажымұқан көшесі","bridge":null,"lanes":"6","oneway":null}},{"type":"Feature","geometry":{"type":"LineString","coordinates":[[71.46532,51.15374],[71.46509,51.15367]]},"properties":{"layer":"road","districtId":"almaty","osmType":"way","osmId":1537666914,"highway":"secondary","name":"Қажымұқан көшесі","bridge":null,"lanes":"6","oneway":null}},{"type":"Feature","geometry":{"type":"LineString","coordinates":[[71.46244,51.15296],[71.46116,51.15261]]},"properties":{"layer":"road","districtId":"almaty","osmType":"way","osmId":1537666916,"highway":"secondary","name":"Қажымұқан көшесі","bridge":null,"lanes":"6","oneway":null}},{"type":"Feature","geometry":{"type":"LineString","coordinates":[[71.46116,51.15261],[71.46098,51.15256]]},"properties":{"layer":"road","districtId":"almaty","osmType":"way","osmId":1537666918,"highway":"secondary","name":"Қажымұқан көшесі","bridge":null,"lanes":"6","oneway":null}},{"type":"Feature","geometry":{"type":"LineString","coordinates":[[71.46098,51.15256],[71.46041,51.1524]]},"properties":{"layer":"road","districtId":"almaty","osmType":"way","osmId":1537666919,"highway":"secondary","name":"Қажымұқан көшесі","bridge":null,"lanes":"6","oneway":null}},{"type":"Feature","geometry":{"type":"LineString","coordinates":[[71.47104,51.15536],[71.47074,51.15528]]},"properties":{"layer":"road","districtId":"almaty","osmType":"way","osmId":1537666929,"highway":"secondary","name":"Қажымұқан көшесі","bridge":null,"lanes":"6","oneway":null}},{"type":"Feature","geometry":{"type":"LineString","coordinates":[[71.47074,51.15528],[71.46933,51.15489]]},"properties":{"layer":"road","districtId":"almaty","osmType":"way","osmId":1537666930,"highway":"secondary","name":"Қажымұқан көшесі","bridge":null,"lanes":"6","oneway":null}},{"type":"Feature","geometry":{"type":"LineString","coordinates":[[71.46884,51.15474],[71.46827,51.15458]]},"properties":{"layer":"road","districtId":"almaty","osmType":"way","osmId":1537666931,"highway":"secondary","name":"Қажымұқан көшесі","bridge":null,"lanes":"6","oneway":null}},{"type":"Feature","geometry":{"type":"LineString","coordinates":[[71.4281,51.16323],[71.42664,51.1684]]},"properties":{"layer":"road","districtId":"baikonur","osmType":"way","osmId":1537666934,"highway":"primary","name":"Республика даңғылы","bridge":null,"lanes":"3","oneway":"yes"}},{"type":"Feature","geometry":{"type":"LineString","coordinates":[[71.43989,51.16411],[71.44074,51.16421]]},"properties":{"layer":"road","districtId":"baikonur","osmType":"way","osmId":1537666972,"highway":"secondary","name":"Амангелді Иманов көшесі","bridge":null,"lanes":"4","oneway":null}},{"type":"Feature","geometry":{"type":"LineString","coordinates":[[71.4395,51.16406],[71.43989,51.16411]]},"properties":{"layer":"road","districtId":"baikonur","osmType":"way","osmId":1537666973,"highway":"secondary","name":"Амангелді Иманов көшесі","bridge":null,"lanes":"4","oneway":null}},{"type":"Feature","geometry":{"type":"LineString","coordinates":[[71.43631,51.16369],[71.43664,51.16372]]},"properties":{"layer":"road","districtId":"baikonur","osmType":"way","osmId":1537666980,"highway":"secondary","name":"Амангелді Иманов көшесі","bridge":null,"lanes":"4","oneway":null}},{"type":"Feature","geometry":{"type":"LineString","coordinates":[[71.43664,51.16372],[71.4395,51.16406]]},"properties":{"layer":"road","districtId":"baikonur","osmType":"way","osmId":1537666981,"highway":"secondary","name":"Амангелді Иманов көшесі","bridge":null,"lanes":"4","oneway":null}},{"type":"Feature","geometry":{"type":"LineString","coordinates":[[71.44074,51.16421],[71.44097,51.16423]]},"properties":{"layer":"road","districtId":"baikonur","osmType":"way","osmId":1537666997,"highway":"secondary","name":"Амангелді Иманов көшесі","bridge":null,"lanes":"4","oneway":null}},{"type":"Feature","geometry":{"type":"LineString","coordinates":[[71.44201,51.16434],[71.44476,51.16464]]},"properties":{"layer":"road","districtId":"baikonur","osmType":"way","osmId":1537667000,"highway":"secondary","name":"Амангелді Иманов көшесі","bridge":null,"lanes":"4","oneway":null}},{"type":"Feature","geometry":{"type":"LineString","coordinates":[[71.42938,51.16292],[71.42955,51.16294]]},"properties":{"layer":"road","districtId":"baikonur","osmType":"way","osmId":1537667005,"highway":"secondary","name":"Амангелді Иманов көшесі","bridge":null,"lanes":"4","oneway":null}},{"type":"Feature","geometry":{"type":"LineString","coordinates":[[71.42955,51.16294],[71.43098,51.16309]]},"properties":{"layer":"road","districtId":"baikonur","osmType":"way","osmId":1537667006,"highway":"secondary","name":"Амангелді Иманов көшесі","bridge":null,"lanes":"4","oneway":null}},{"type":"Feature","geometry":{"type":"LineString","coordinates":[[71.42916,51.16289],[71.42938,51.16292]]},"properties":{"layer":"road","districtId":"baikonur","osmType":"way","osmId":1537667007,"highway":"secondary","name":"Амангелді Иманов көшесі","bridge":null,"lanes":"4","oneway":null}},{"type":"Feature","geometry":{"type":"LineString","coordinates":[[71.43098,51.16309],[71.433,51.16332]]},"properties":{"layer":"road","districtId":"baikonur","osmType":"way","osmId":1537667008,"highway":"secondary","name":"Амангелді Иманов көшесі","bridge":null,"lanes":"4","oneway":null}},{"type":"Feature","geometry":{"type":"LineString","coordinates":[[71.433,51.16332],[71.43354,51.16338]]},"properties":{"layer":"road","districtId":"baikonur","osmType":"way","osmId":1537667011,"highway":"secondary","name":"Амангелді Иманов көшесі","bridge":null,"lanes":"4","oneway":null}},{"type":"Feature","geometry":{"type":"LineString","coordinates":[[71.43354,51.16338],[71.43361,51.16339]]},"properties":{"layer":"road","districtId":"baikonur","osmType":"way","osmId":1537667012,"highway":"secondary","name":"Амангелді Иманов көшесі","bridge":null,"lanes":"4","oneway":null}},{"type":"Feature","geometry":{"type":"LineString","coordinates":[[71.43361,51.16339],[71.43432,51.16347]]},"properties":{"layer":"road","districtId":"baikonur","osmType":"way","osmId":1537667013,"highway":"secondary","name":"Амангелді Иманов көшесі","bridge":null,"lanes":"4","oneway":null}},{"type":"Feature","geometry":{"type":"LineString","coordinates":[[71.43432,51.16347],[71.43631,51.16369]]},"properties":{"layer":"road","districtId":"baikonur","osmType":"way","osmId":1537667014,"highway":"secondary","name":"Амангелді Иманов көшесі","bridge":null,"lanes":"4","oneway":null}},{"type":"Feature","geometry":{"type":"LineString","coordinates":[[71.44476,51.16464],[71.44635,51.16482]]},"properties":{"layer":"road","districtId":"baikonur","osmType":"way","osmId":1537667015,"highway":"secondary","name":"Амангелді Иманов көшесі","bridge":null,"lanes":"4","oneway":null}},{"type":"Feature","geometry":{"type":"LineString","coordinates":[[71.44719,51.16458],[71.44751,51.16448]]},"properties":{"layer":"road","districtId":"baikonur","osmType":"way","osmId":1537667017,"highway":"secondary","name":"Амангелді Иманов көшесі","bridge":null,"lanes":"4","oneway":null}},{"type":"Feature","geometry":{"type":"LineString","coordinates":[[71.44751,51.16448],[71.44969,51.16378]]},"properties":{"layer":"road","districtId":"baikonur","osmType":"way","osmId":1537667024,"highway":"secondary","name":"Амангелді Иманов көшесі","bridge":null,"lanes":"4","oneway":null}},{"type":"Feature","geometry":{"type":"LineString","coordinates":[[71.45166,51.16316],[71.45379,51.16249]]},"properties":{"layer":"road","districtId":"baikonur","osmType":"way","osmId":1537667028,"highway":"secondary","name":"Амангелді Иманов көшесі","bridge":null,"lanes":"4","oneway":null}},{"type":"Feature","geometry":{"type":"LineString","coordinates":[[71.45142,51.16324],[71.45166,51.16316]]},"properties":{"layer":"road","districtId":"baikonur","osmType":"way","osmId":1537667029,"highway":"secondary","name":"Амангелді Иманов көшесі","bridge":null,"lanes":"4","oneway":null}},{"type":"Feature","geometry":{"type":"LineString","coordinates":[[71.45379,51.16249],[71.45393,51.16245]]},"properties":{"layer":"road","districtId":"baikonur","osmType":"way","osmId":1537667035,"highway":"secondary","name":"Амангелді Иманов көшесі","bridge":null,"lanes":"4","oneway":null}},{"type":"Feature","geometry":{"type":"LineString","coordinates":[[71.45393,51.16245],[71.45608,51.16177]]},"properties":{"layer":"road","districtId":"baikonur","osmType":"way","osmId":1537667036,"highway":"secondary","name":"Амангелді Иманов көшесі","bridge":null,"lanes":"4","oneway":null}},{"type":"Feature","geometry":{"type":"LineString","coordinates":[[71.46014,51.16049],[71.46067,51.16033]]},"properties":{"layer":"road","districtId":"baikonur","osmType":"way","osmId":1537667042,"highway":"secondary","name":"Амангелді Иманов көшесі","bridge":null,"lanes":"4","oneway":null}},{"type":"Feature","geometry":{"type":"LineString","coordinates":[[71.46111,51.16019],[71.46169,51.16]]},"properties":{"layer":"road","districtId":"baikonur","osmType":"way","osmId":1537667043,"highway":"secondary","name":"Амангелді Иманов көшесі","bridge":null,"lanes":"4","oneway":null}},{"type":"Feature","geometry":{"type":"LineString","coordinates":[[71.46135,51.15886],[71.4606,51.15781]]},"properties":{"layer":"road","districtId":"baikonur","osmType":"way","osmId":1537667044,"highway":"tertiary","name":"Адольф Янушкевич көшесі","bridge":null,"lanes":null,"oneway":"yes"}},{"type":"Feature","geometry":{"type":"LineString","coordinates":[[71.46144,51.15861],[71.46166,51.15816]]},"properties":{"layer":"road","districtId":"baikonur","osmType":"way","osmId":1537667046,"highway":"tertiary","name":null,"bridge":null,"lanes":"5","oneway":null}},{"type":"Feature","geometry":{"type":"LineString","coordinates":[[71.46672,51.15688],[71.46545,51.15845],[71.4641,51.15923],[71.46236,51.15979]]},"properties":{"layer":"road","districtId":"baikonur","osmType":"way","osmId":1537667048,"highway":"secondary","name":"Беласар көпірі","bridge":"yes","lanes":"2","oneway":"yes"}},{"type":"Feature","geometry":{"type":"LineString","coordinates":[[71.46169,51.16],[71.46214,51.15986]]},"properties":{"layer":"road","districtId":"baikonur","osmType":"way","osmId":1537667052,"highway":"secondary","name":"Амангелді Иманов көшесі","bridge":null,"lanes":"4","oneway":null}},{"type":"Feature","geometry":{"type":"LineString","coordinates":[[71.43042,51.15488],[71.4312,51.1542]]},"properties":{"layer":"road","districtId":"saryarka","osmType":"way","osmId":1537667073,"highway":"primary","name":"Республика даңғылы","bridge":null,"lanes":"3","oneway":"yes"}},{"type":"Feature","geometry":{"type":"LineString","coordinates":[[71.43044,51.15506],[71.43006,51.15608]]},"properties":{"layer":"road","districtId":"baikonur","osmType":"way","osmId":1537667081,"highway":"primary","name":"Республика даңғылы","bridge":null,"lanes":"3","oneway":"yes"}},{"type":"Feature","geometry":{"type":"LineString","coordinates":[[71.43167,51.15394],[71.43342,51.15305]]},"properties":{"layer":"road","districtId":"baikonur","osmType":"way","osmId":1537667094,"highway":"primary","name":"Жұмабек Тәшенов көшесі","bridge":null,"lanes":"3","oneway":"yes"}},{"type":"Feature","geometry":{"type":"LineString","coordinates":[[71.43342,51.15305],[71.4318,51.15403]]},"properties":{"layer":"road","districtId":"baikonur","osmType":"way","osmId":1537667096,"highway":"primary","name":"Жұмабек Тәшенов көшесі","bridge":null,"lanes":"3","oneway":"yes"}},{"type":"Feature","geometry":{"type":"LineString","coordinates":[[71.43403,51.1527],[71.43342,51.15305]]},"properties":{"layer":"road","districtId":"baikonur","osmType":"way","osmId":1537667097,"highway":"primary","name":"Жұмабек Тәшенов көшесі","bridge":null,"lanes":"6","oneway":null}},{"type":"Feature","geometry":{"type":"LineString","coordinates":[[71.43478,51.15236],[71.4346,51.15242]]},"properties":{"layer":"road","districtId":"baikonur","osmType":"way","osmId":1537667098,"highway":"primary","name":"Жұмабек Тәшенов көшесі","bridge":null,"lanes":"6","oneway":null}},{"type":"Feature","geometry":{"type":"LineString","coordinates":[[71.4346,51.15242],[71.43403,51.1527]]},"properties":{"layer":"road","districtId":"baikonur","osmType":"way","osmId":1537667099,"highway":"primary","name":"Жұмабек Тәшенов көшесі","bridge":null,"lanes":"6","oneway":null}},{"type":"Feature","geometry":{"type":"LineString","coordinates":[[71.47462,51.16497],[71.47368,51.1644]]},"properties":{"layer":"road","districtId":"baikonur","osmType":"way","osmId":1537667111,"highway":"secondary","name":"Пушкин көшесі","bridge":null,"lanes":"5","oneway":null}},{"type":"Feature","geometry":{"type":"LineString","coordinates":[[71.47368,51.1644],[71.47302,51.16404]]},"properties":{"layer":"road","districtId":"baikonur","osmType":"way","osmId":1537667113,"highway":"secondary","name":"Пушкин көшесі","bridge":null,"lanes":"5","oneway":null}},{"type":"Feature","geometry":{"type":"LineString","coordinates":[[71.47846,51.16859],[71.48005,51.16995]]},"properties":{"layer":"road","districtId":"baikonur","osmType":"way","osmId":1537667120,"highway":"secondary","name":null,"bridge":null,"lanes":null,"oneway":"yes"}},{"type":"Feature","geometry":{"type":"LineString","coordinates":[[71.47746,51.16767],[71.47727,51.16748]]},"properties":{"layer":"road","districtId":"baikonur","osmType":"way","osmId":1537667139,"highway":"secondary","name":"Пушкин көшесі","bridge":null,"lanes":null,"oneway":null}},{"type":"Feature","geometry":{"type":"LineString","coordinates":[[71.47705,51.16726],[71.47658,51.16677]]},"properties":{"layer":"road","districtId":"baikonur","osmType":"way","osmId":1537667140,"highway":"secondary","name":"Пушкин көшесі","bridge":null,"lanes":null,"oneway":null}},{"type":"Feature","geometry":{"type":"LineString","coordinates":[[71.47804,51.16821],[71.47746,51.16767]]},"properties":{"layer":"road","districtId":"baikonur","osmType":"way","osmId":1537667141,"highway":"secondary","name":"Пушкин көшесі","bridge":null,"lanes":null,"oneway":null}},{"type":"Feature","geometry":{"type":"LineString","coordinates":[[71.47811,51.16827],[71.47804,51.16821]]},"properties":{"layer":"road","districtId":"baikonur","osmType":"way","osmId":1537667142,"highway":"secondary","name":"Пушкин көшесі","bridge":null,"lanes":null,"oneway":null}},{"type":"Feature","geometry":{"type":"LineString","coordinates":[[71.47649,51.16668],[71.47591,51.16608]]},"properties":{"layer":"road","districtId":"baikonur","osmType":"way","osmId":1537667148,"highway":"secondary","name":"Пушкин көшесі","bridge":null,"lanes":null,"oneway":null}},{"type":"Feature","geometry":{"type":"LineString","coordinates":[[71.47658,51.16677],[71.47649,51.16668]]},"properties":{"layer":"road","districtId":"baikonur","osmType":"way","osmId":1537667149,"highway":"secondary","name":"Пушкин көшесі","bridge":null,"lanes":null,"oneway":null}},{"type":"Feature","geometry":{"type":"LineString","coordinates":[[71.47619,51.16678],[71.47129,51.16837]]},"properties":{"layer":"road","districtId":"baikonur","osmType":"way","osmId":1537667150,"highway":"tertiary","name":null,"bridge":null,"lanes":null,"oneway":null}},{"type":"Feature","geometry":{"type":"LineString","coordinates":[[71.47302,51.16404],[71.47234,51.16368]]},"properties":{"layer":"road","districtId":"baikonur","osmType":"way","osmId":1537667151,"highway":"secondary","name":"Пушкин көшесі","bridge":null,"lanes":"5","oneway":null}},{"type":"Feature","geometry":{"type":"LineString","coordinates":[[71.47234,51.16368],[71.47228,51.16365]]},"properties":{"layer":"road","districtId":"baikonur","osmType":"way","osmId":1537667152,"highway":"secondary","name":"Пушкин көшесі","bridge":null,"lanes":"5","oneway":null}},{"type":"Feature","geometry":{"type":"LineString","coordinates":[[71.47228,51.16365],[71.47177,51.16337]]},"properties":{"layer":"road","districtId":"baikonur","osmType":"way","osmId":1537667153,"highway":"secondary","name":"Пушкин көшесі","bridge":null,"lanes":"5","oneway":null}},{"type":"Feature","geometry":{"type":"LineString","coordinates":[[71.4704,51.16259],[71.47001,51.16237]]},"properties":{"layer":"road","districtId":"baikonur","osmType":"way","osmId":1537667154,"highway":"secondary","name":"Пушкин көшесі","bridge":null,"lanes":"5","oneway":null}},{"type":"Feature","geometry":{"type":"LineString","coordinates":[[71.47001,51.16237],[71.4693,51.16197]]},"properties":{"layer":"road","districtId":"baikonur","osmType":"way","osmId":1537667155,"highway":"secondary","name":"Пушкин көшесі","bridge":null,"lanes":"5","oneway":null}},{"type":"Feature","geometry":{"type":"LineString","coordinates":[[71.4693,51.16197],[71.46861,51.16158]]},"properties":{"layer":"road","districtId":"baikonur","osmType":"way","osmId":1537667160,"highway":"secondary","name":"Пушкин көшесі","bridge":null,"lanes":"5","oneway":null}},{"type":"Feature","geometry":{"type":"LineString","coordinates":[[71.46861,51.16158],[71.4683,51.16126]]},"properties":{"layer":"road","districtId":"baikonur","osmType":"way","osmId":1537667161,"highway":"secondary","name":"Пушкин көшесі","bridge":null,"lanes":"5","oneway":null}},{"type":"Feature","geometry":{"type":"LineString","coordinates":[[71.46812,51.16118],[71.46647,51.15982]]},"properties":{"layer":"road","districtId":"baikonur","osmType":"way","osmId":1537667174,"highway":"primary","name":"Пушкин көшесі","bridge":null,"lanes":"2","oneway":"yes"}},{"type":"Feature","geometry":{"type":"LineString","coordinates":[[71.4606,51.15781],[71.46031,51.1577]]},"properties":{"layer":"road","districtId":"baikonur","osmType":"way","osmId":1537667179,"highway":"primary","name":"Пушкин көшесі","bridge":null,"lanes":"4","oneway":null}},{"type":"Feature","geometry":{"type":"LineString","coordinates":[[71.46031,51.1577],[71.45533,51.15593]]},"properties":{"layer":"road","districtId":"baikonur","osmType":"way","osmId":1537667180,"highway":"primary","name":"Пушкин көшесі","bridge":null,"lanes":"4","oneway":null}},{"type":"Feature","geometry":{"type":"LineString","coordinates":[[71.44977,51.1535],[71.44893,51.15317]]},"properties":{"layer":"road","districtId":"baikonur","osmType":"way","osmId":1537667187,"highway":"primary","name":"Жұмабек Тәшенов көшесі","bridge":null,"lanes":"3","oneway":null}},{"type":"Feature","geometry":{"type":"LineString","coordinates":[[71.45022,51.15368],[71.44977,51.1535]]},"properties":{"layer":"road","districtId":"baikonur","osmType":"way","osmId":1537667190,"highway":"primary","name":"Жұмабек Тәшенов көшесі","bridge":null,"lanes":"3","oneway":null}},{"type":"Feature","geometry":{"type":"LineString","coordinates":[[71.44893,51.15317],[71.44822,51.15288]]},"properties":{"layer":"road","districtId":"baikonur","osmType":"way","osmId":1537667191,"highway":"primary","name":"Жұмабек Тәшенов көшесі","bridge":null,"lanes":"3","oneway":null}},{"type":"Feature","geometry":{"type":"LineString","coordinates":[[71.44822,51.15288],[71.44725,51.1525]]},"properties":{"layer":"road","districtId":"baikonur","osmType":"way","osmId":1537667192,"highway":"primary","name":"Жұмабек Тәшенов көшесі","bridge":null,"lanes":"3","oneway":null}},{"type":"Feature","geometry":{"type":"LineString","coordinates":[[71.44725,51.1525],[71.44615,51.15213]]},"properties":{"layer":"road","districtId":"baikonur","osmType":"way","osmId":1537667193,"highway":"primary","name":"Жұмабек Тәшенов көшесі","bridge":null,"lanes":"6","oneway":null}},{"type":"Feature","geometry":{"type":"LineString","coordinates":[[71.44582,51.15206],[71.4453,51.15199]]},"properties":{"layer":"road","districtId":"baikonur","osmType":"way","osmId":1537667202,"highway":"primary","name":"Жұмабек Тәшенов көшесі","bridge":null,"lanes":"6","oneway":null}},{"type":"Feature","geometry":{"type":"LineString","coordinates":[[71.44615,51.15213],[71.44582,51.15206]]},"properties":{"layer":"road","districtId":"baikonur","osmType":"way","osmId":1537667203,"highway":"primary","name":"Жұмабек Тәшенов көшесі","bridge":null,"lanes":"6","oneway":null}},{"type":"Feature","geometry":{"type":"LineString","coordinates":[[71.4431,51.15193],[71.44154,51.15195]]},"properties":{"layer":"road","districtId":"baikonur","osmType":"way","osmId":1537667204,"highway":"primary","name":"Жұмабек Тәшенов көшесі","bridge":null,"lanes":"6","oneway":null}},{"type":"Feature","geometry":{"type":"LineString","coordinates":[[71.43921,51.15202],[71.43784,51.15208]]},"properties":{"layer":"road","districtId":"baikonur","osmType":"way","osmId":1537667206,"highway":"primary","name":"Жұмабек Тәшенов көшесі","bridge":null,"lanes":"6","oneway":null}},{"type":"Feature","geometry":{"type":"LineString","coordinates":[[71.46725,51.15326],[71.46728,51.15323]]},"properties":{"layer":"road","districtId":"almaty","osmType":"way","osmId":1537667212,"highway":"secondary","name":"Қаныш Сәтбаев көшесі","bridge":null,"lanes":null,"oneway":null}},{"type":"Feature","geometry":{"type":"LineString","coordinates":[[71.46728,51.15323],[71.46995,51.14949]]},"properties":{"layer":"road","districtId":"almaty","osmType":"way","osmId":1537667213,"highway":"secondary","name":"Қаныш Сәтбаев көшесі","bridge":null,"lanes":null,"oneway":null}},{"type":"Feature","geometry":{"type":"LineString","coordinates":[[71.46718,51.15334],[71.46725,51.15326]]},"properties":{"layer":"road","districtId":"almaty","osmType":"way","osmId":1537667214,"highway":"secondary","name":"Қаныш Сәтбаев көшесі","bridge":null,"lanes":null,"oneway":null}},{"type":"Feature","geometry":{"type":"LineString","coordinates":[[71.47655,51.14032],[71.47698,51.13974]]},"properties":{"layer":"road","districtId":"almaty","osmType":"way","osmId":1537667217,"highway":"secondary","name":"Қаныш Сәтбаев көшесі","bridge":null,"lanes":null,"oneway":null}},{"type":"Feature","geometry":{"type":"LineString","coordinates":[[71.47644,51.14046],[71.47655,51.14032]]},"properties":{"layer":"road","districtId":"almaty","osmType":"way","osmId":1537667218,"highway":"secondary","name":"Қаныш Сәтбаев көшесі","bridge":null,"lanes":null,"oneway":null}},{"type":"Feature","geometry":{"type":"LineString","coordinates":[[71.47567,51.14153],[71.47582,51.14134]]},"properties":{"layer":"road","districtId":"almaty","osmType":"way","osmId":1537667219,"highway":"secondary","name":"Қаныш Сәтбаев көшесі","bridge":null,"lanes":null,"oneway":null}},{"type":"Feature","geometry":{"type":"LineString","coordinates":[[71.47582,51.14134],[71.47644,51.14046]]},"properties":{"layer":"road","districtId":"almaty","osmType":"way","osmId":1537667220,"highway":"secondary","name":"Қаныш Сәтбаев көшесі","bridge":null,"lanes":null,"oneway":null}},{"type":"Feature","geometry":{"type":"LineString","coordinates":[[71.47564,51.14157],[71.47567,51.14153]]},"properties":{"layer":"road","districtId":"almaty","osmType":"way","osmId":1537667221,"highway":"secondary","name":"Қаныш Сәтбаев көшесі","bridge":null,"lanes":null,"oneway":null}},{"type":"Feature","geometry":{"type":"LineString","coordinates":[[71.47521,51.14214],[71.47529,51.14203]]},"properties":{"layer":"road","districtId":"almaty","osmType":"way","osmId":1537667222,"highway":"secondary","name":"Қаныш Сәтбаев көшесі","bridge":null,"lanes":null,"oneway":null}},{"type":"Feature","geometry":{"type":"LineString","coordinates":[[71.47529,51.14203],[71.47564,51.14157]]},"properties":{"layer":"road","districtId":"almaty","osmType":"way","osmId":1537667223,"highway":"secondary","name":"Қаныш Сәтбаев көшесі","bridge":null,"lanes":null,"oneway":null}},{"type":"Feature","geometry":{"type":"LineString","coordinates":[[71.47503,51.1424],[71.47521,51.14214]]},"properties":{"layer":"road","districtId":"almaty","osmType":"way","osmId":1537667224,"highway":"secondary","name":"Қаныш Сәтбаев көшесі","bridge":null,"lanes":null,"oneway":null}},{"type":"Feature","geometry":{"type":"LineString","coordinates":[[71.47501,51.14243],[71.47503,51.1424]]},"properties":{"layer":"road","districtId":"almaty","osmType":"way","osmId":1537667225,"highway":"secondary","name":"Қаныш Сәтбаев көшесі","bridge":null,"lanes":null,"oneway":null}},{"type":"Feature","geometry":{"type":"LineString","coordinates":[[71.47422,51.14357],[71.47501,51.14243]]},"properties":{"layer":"road","districtId":"almaty","osmType":"way","osmId":1537667228,"highway":"secondary","name":"Қаныш Сәтбаев көшесі","bridge":null,"lanes":null,"oneway":null}},{"type":"Feature","geometry":{"type":"LineString","coordinates":[[71.4719,51.14678],[71.47207,51.14654]]},"properties":{"layer":"road","districtId":"almaty","osmType":"way","osmId":1537667235,"highway":"secondary","name":"Қаныш Сәтбаев көшесі","bridge":null,"lanes":null,"oneway":null}},{"type":"Feature","geometry":{"type":"LineString","coordinates":[[71.47094,51.14811],[71.47113,51.14784]]},"properties":{"layer":"road","districtId":"almaty","osmType":"way","osmId":1537667236,"highway":"secondary","name":"Қаныш Сәтбаев көшесі","bridge":null,"lanes":null,"oneway":null}},{"type":"Feature","geometry":{"type":"LineString","coordinates":[[71.47113,51.14784],[71.47125,51.14768]]},"properties":{"layer":"road","districtId":"almaty","osmType":"way","osmId":1537667237,"highway":"secondary","name":"Қаныш Сәтбаев көшесі","bridge":null,"lanes":null,"oneway":null}},{"type":"Feature","geometry":{"type":"LineString","coordinates":[[71.47125,51.14768],[71.4719,51.14678]]},"properties":{"layer":"road","districtId":"almaty","osmType":"way","osmId":1537667238,"highway":"secondary","name":"Қаныш Сәтбаев көшесі","bridge":null,"lanes":null,"oneway":null}},{"type":"Feature","geometry":{"type":"LineString","coordinates":[[71.47068,51.14846],[71.47094,51.14811]]},"properties":{"layer":"road","districtId":"almaty","osmType":"way","osmId":1537667240,"highway":"secondary","name":"Қаныш Сәтбаев көшесі","bridge":null,"lanes":null,"oneway":null}},{"type":"Feature","geometry":{"type":"LineString","coordinates":[[71.46995,51.14949],[71.47005,51.14936]]},"properties":{"layer":"road","districtId":"almaty","osmType":"way","osmId":1537667253,"highway":"secondary","name":"Қаныш Сәтбаев көшесі","bridge":null,"lanes":null,"oneway":null}},{"type":"Feature","geometry":{"type":"LineString","coordinates":[[71.47005,51.14936],[71.47029,51.149]]},"properties":{"layer":"road","districtId":"almaty","osmType":"way","osmId":1537667254,"highway":"secondary","name":"Қаныш Сәтбаев көшесі","bridge":null,"lanes":null,"oneway":null}},{"type":"Feature","geometry":{"type":"LineString","coordinates":[[71.50559,51.19712],[71.5051,51.19661]]},"properties":{"layer":"road","districtId":"baikonur","osmType":"way","osmId":1537737413,"highway":"secondary","name":"Пушкин көшесі","bridge":null,"lanes":"4","oneway":"no"}},{"type":"Feature","geometry":{"type":"LineString","coordinates":[[71.505,51.1965],[71.50448,51.19595]]},"properties":{"layer":"road","districtId":"baikonur","osmType":"way","osmId":1537737414,"highway":"secondary","name":"Пушкин көшесі","bridge":null,"lanes":"4","oneway":"no"}},{"type":"Feature","geometry":{"type":"LineString","coordinates":[[71.5051,51.19661],[71.505,51.1965]]},"properties":{"layer":"road","districtId":"baikonur","osmType":"way","osmId":1537737415,"highway":"secondary","name":"Пушкин көшесі","bridge":null,"lanes":"4","oneway":"no"}},{"type":"Feature","geometry":{"type":"LineString","coordinates":[[71.50448,51.19595],[71.5034,51.19479]]},"properties":{"layer":"road","districtId":"baikonur","osmType":"way","osmId":1537737416,"highway":"secondary","name":"Пушкин көшесі","bridge":null,"lanes":"4","oneway":"no"}},{"type":"Feature","geometry":{"type":"LineString","coordinates":[[71.5034,51.19479],[71.50298,51.19434]]},"properties":{"layer":"road","districtId":"baikonur","osmType":"way","osmId":1537737417,"highway":"secondary","name":"Пушкин көшесі","bridge":null,"lanes":"4","oneway":"no"}},{"type":"Feature","geometry":{"type":"LineString","coordinates":[[71.50286,51.1942],[71.50092,51.19211]]},"properties":{"layer":"road","districtId":"baikonur","osmType":"way","osmId":1537737418,"highway":"secondary","name":"Пушкин көшесі","bridge":null,"lanes":"4","oneway":"no"}},{"type":"Feature","geometry":{"type":"LineString","coordinates":[[71.50298,51.19434],[71.50286,51.1942]]},"properties":{"layer":"road","districtId":"baikonur","osmType":"way","osmId":1537737419,"highway":"secondary","name":"Пушкин көшесі","bridge":null,"lanes":"4","oneway":"no"}},{"type":"Feature","geometry":{"type":"LineString","coordinates":[[71.50092,51.19211],[71.49932,51.1904]]},"properties":{"layer":"road","districtId":"baikonur","osmType":"way","osmId":1537737422,"highway":"secondary","name":"Пушкин көшесі","bridge":null,"lanes":"4","oneway":"no"}},{"type":"Feature","geometry":{"type":"LineString","coordinates":[[71.49932,51.1904],[71.49828,51.1893]]},"properties":{"layer":"road","districtId":"baikonur","osmType":"way","osmId":1537737423,"highway":"secondary","name":"Пушкин көшесі","bridge":null,"lanes":"4","oneway":"no"}},{"type":"Feature","geometry":{"type":"LineString","coordinates":[[71.49815,51.18916],[71.49808,51.18909]]},"properties":{"layer":"road","districtId":"baikonur","osmType":"way","osmId":1537737433,"highway":"secondary","name":"Пушкин көшесі","bridge":null,"lanes":"4","oneway":"no"}},{"type":"Feature","geometry":{"type":"LineString","coordinates":[[71.49808,51.18909],[71.49542,51.18628]]},"properties":{"layer":"road","districtId":"baikonur","osmType":"way","osmId":1537737434,"highway":"secondary","name":"Пушкин көшесі","bridge":null,"lanes":"4","oneway":"no"}},{"type":"Feature","geometry":{"type":"LineString","coordinates":[[71.49828,51.1893],[71.49815,51.18916]]},"properties":{"layer":"road","districtId":"baikonur","osmType":"way","osmId":1537737435,"highway":"secondary","name":"Пушкин көшесі","bridge":null,"lanes":"4","oneway":"no"}},{"type":"Feature","geometry":{"type":"LineString","coordinates":[[71.49524,51.18609],[71.49495,51.1858]]},"properties":{"layer":"road","districtId":"baikonur","osmType":"way","osmId":1537737445,"highway":"secondary","name":"Пушкин көшесі","bridge":null,"lanes":"4","oneway":"no"}},{"type":"Feature","geometry":{"type":"LineString","coordinates":[[71.49537,51.18624],[71.49524,51.18609]]},"properties":{"layer":"road","districtId":"baikonur","osmType":"way","osmId":1537737446,"highway":"secondary","name":"Пушкин көшесі","bridge":null,"lanes":"4","oneway":"no"}},{"type":"Feature","geometry":{"type":"LineString","coordinates":[[71.49542,51.18628],[71.49537,51.18624]]},"properties":{"layer":"road","districtId":"baikonur","osmType":"way","osmId":1537737447,"highway":"secondary","name":"Пушкин көшесі","bridge":null,"lanes":"4","oneway":"no"}},{"type":"Feature","geometry":{"type":"LineString","coordinates":[[71.49485,51.18569],[71.4947,51.18554]]},"properties":{"layer":"road","districtId":"baikonur","osmType":"way","osmId":1537737448,"highway":"secondary","name":"Пушкин көшесі","bridge":null,"lanes":"4","oneway":"no"}},{"type":"Feature","geometry":{"type":"LineString","coordinates":[[71.4947,51.18554],[71.4942,51.18503]]},"properties":{"layer":"road","districtId":"baikonur","osmType":"way","osmId":1537737449,"highway":"secondary","name":"Пушкин көшесі","bridge":null,"lanes":"4","oneway":"no"}},{"type":"Feature","geometry":{"type":"LineString","coordinates":[[71.49495,51.1858],[71.49485,51.18569]]},"properties":{"layer":"road","districtId":"baikonur","osmType":"way","osmId":1537737450,"highway":"secondary","name":"Пушкин көшесі","bridge":null,"lanes":"4","oneway":"no"}},{"type":"Feature","geometry":{"type":"LineString","coordinates":[[71.4942,51.18503],[71.49398,51.1848]]},"properties":{"layer":"road","districtId":"baikonur","osmType":"way","osmId":1537737451,"highway":"secondary","name":"Пушкин көшесі","bridge":null,"lanes":"4","oneway":"no"}},{"type":"Feature","geometry":{"type":"LineString","coordinates":[[71.49398,51.1848],[71.49194,51.1827]]},"properties":{"layer":"road","districtId":"baikonur","osmType":"way","osmId":1537737452,"highway":"secondary","name":"Пушкин көшесі","bridge":null,"lanes":"4","oneway":"no"}},{"type":"Feature","geometry":{"type":"LineString","coordinates":[[71.49149,51.18224],[71.49141,51.18215]]},"properties":{"layer":"road","districtId":"baikonur","osmType":"way","osmId":1537737455,"highway":"secondary","name":"Пушкин көшесі","bridge":null,"lanes":"4","oneway":"no"}},{"type":"Feature","geometry":{"type":"LineString","coordinates":[[71.49141,51.18215],[71.49126,51.182]]},"properties":{"layer":"road","districtId":"baikonur","osmType":"way","osmId":1537737456,"highway":"secondary","name":"Пушкин көшесі","bridge":null,"lanes":"4","oneway":"no"}},{"type":"Feature","geometry":{"type":"LineString","coordinates":[[71.49194,51.1827],[71.49149,51.18224]]},"properties":{"layer":"road","districtId":"baikonur","osmType":"way","osmId":1537737457,"highway":"secondary","name":"Пушкин көшесі","bridge":null,"lanes":"4","oneway":"no"}},{"type":"Feature","geometry":{"type":"LineString","coordinates":[[71.49126,51.182],[71.49081,51.18154]]},"properties":{"layer":"road","districtId":"baikonur","osmType":"way","osmId":1537737458,"highway":"secondary","name":"Пушкин көшесі","bridge":null,"lanes":"4","oneway":"no"}},{"type":"Feature","geometry":{"type":"LineString","coordinates":[[71.49073,51.18146],[71.49057,51.18131]]},"properties":{"layer":"road","districtId":"baikonur","osmType":"way","osmId":1537737459,"highway":"secondary","name":"Пушкин көшесі","bridge":null,"lanes":"4","oneway":"no"}},{"type":"Feature","geometry":{"type":"LineString","coordinates":[[71.49057,51.18131],[71.48884,51.17951]]},"properties":{"layer":"road","districtId":"baikonur","osmType":"way","osmId":1537737460,"highway":"secondary","name":"Пушкин көшесі","bridge":null,"lanes":"4","oneway":"no"}},{"type":"Feature","geometry":{"type":"LineString","coordinates":[[71.49081,51.18154],[71.49073,51.18146]]},"properties":{"layer":"road","districtId":"baikonur","osmType":"way","osmId":1537737461,"highway":"secondary","name":"Пушкин көшесі","bridge":null,"lanes":"4","oneway":"no"}},{"type":"Feature","geometry":{"type":"LineString","coordinates":[[71.48884,51.17951],[71.48866,51.17932]]},"properties":{"layer":"road","districtId":"baikonur","osmType":"way","osmId":1537737465,"highway":"secondary","name":"Пушкин көшесі","bridge":null,"lanes":"4","oneway":"no"}},{"type":"Feature","geometry":{"type":"LineString","coordinates":[[71.48866,51.17932],[71.48796,51.17854]]},"properties":{"layer":"road","districtId":"baikonur","osmType":"way","osmId":1537737466,"highway":"secondary","name":"Пушкин көшесі","bridge":null,"lanes":"4","oneway":"no"}},{"type":"Feature","geometry":{"type":"LineString","coordinates":[[71.48788,51.1793],[71.48761,51.17942]]},"properties":{"layer":"road","districtId":"baikonur","osmType":"way","osmId":1537737467,"highway":"tertiary","name":"Жетіген көшесі","bridge":null,"lanes":"2","oneway":null}},{"type":"Feature","geometry":{"type":"LineString","coordinates":[[71.48761,51.17942],[71.47753,51.1832],[71.47474,51.18446]]},"properties":{"layer":"road","districtId":"baikonur","osmType":"way","osmId":1537737468,"highway":"tertiary","name":"Жетіген көшесі","bridge":null,"lanes":"2","oneway":null}},{"type":"Feature","geometry":{"type":"LineString","coordinates":[[71.48786,51.17842],[71.48774,51.17828]]},"properties":{"layer":"road","districtId":"baikonur","osmType":"way","osmId":1537737471,"highway":"secondary","name":"Пушкин көшесі","bridge":null,"lanes":"4","oneway":"no"}},{"type":"Feature","geometry":{"type":"LineString","coordinates":[[71.48774,51.17828],[71.48756,51.17808]]},"properties":{"layer":"road","districtId":"baikonur","osmType":"way","osmId":1537737472,"highway":"secondary","name":"Пушкин көшесі","bridge":null,"lanes":"4","oneway":"no"}},{"type":"Feature","geometry":{"type":"LineString","coordinates":[[71.48796,51.17854],[71.48786,51.17842]]},"properties":{"layer":"road","districtId":"baikonur","osmType":"way","osmId":1537737473,"highway":"secondary","name":"Пушкин көшесі","bridge":null,"lanes":"4","oneway":"no"}},{"type":"Feature","geometry":{"type":"LineString","coordinates":[[71.48756,51.17808],[71.48742,51.17793]]},"properties":{"layer":"road","districtId":"baikonur","osmType":"way","osmId":1537737474,"highway":"secondary","name":"Пушкин көшесі","bridge":null,"lanes":"4","oneway":"no"}},{"type":"Feature","geometry":{"type":"LineString","coordinates":[[71.48742,51.17793],[71.4871,51.17759]]},"properties":{"layer":"road","districtId":"baikonur","osmType":"way","osmId":1537737475,"highway":"secondary","name":"Пушкин көшесі","bridge":null,"lanes":"4","oneway":"no"}},{"type":"Feature","geometry":{"type":"LineString","coordinates":[[71.4871,51.17759],[71.48623,51.17663]]},"properties":{"layer":"road","districtId":"baikonur","osmType":"way","osmId":1537737476,"highway":"secondary","name":"Пушкин көшесі","bridge":null,"lanes":"4","oneway":"no"}},{"type":"Feature","geometry":{"type":"LineString","coordinates":[[71.51033,51.15211],[71.50848,51.15287]]},"properties":{"layer":"road","districtId":"almaty","osmType":"way","osmId":1537905927,"highway":"secondary","name":"Шәкәрім Құдайбердіұлы даңғылы","bridge":null,"lanes":"6","oneway":null}},{"type":"Feature","geometry":{"type":"LineString","coordinates":[[71.51821,51.14909],[71.51593,51.14997]]},"properties":{"layer":"road","districtId":"almaty","osmType":"way","osmId":1537905966,"highway":"secondary","name":"Шәкәрім Құдайбердіұлы даңғылы","bridge":null,"lanes":"6","oneway":null}},{"type":"Feature","geometry":{"type":"LineString","coordinates":[[71.50205,51.15532],[71.50181,51.15541]]},"properties":{"layer":"road","districtId":"almaty","osmType":"way","osmId":1537906034,"highway":"secondary","name":"Шәкәрім Құдайбердіұлы даңғылы","bridge":null,"lanes":"4","oneway":null}},{"type":"Feature","geometry":{"type":"LineString","coordinates":[[71.50181,51.15541],[71.49472,51.15811]]},"properties":{"layer":"road","districtId":"almaty","osmType":"way","osmId":1537906035,"highway":"secondary","name":"Шәкәрім Құдайбердіұлы даңғылы","bridge":null,"lanes":"4","oneway":null}},{"type":"Feature","geometry":{"type":"LineString","coordinates":[[71.50264,51.15434],[71.50586,51.15758]]},"properties":{"layer":"road","districtId":"almaty","osmType":"way","osmId":1537906036,"highway":"tertiary","name":"Ғабит Мүсірепов көшесі","bridge":null,"lanes":null,"oneway":null}},{"type":"Feature","geometry":{"type":"LineString","coordinates":[[71.48567,51.16157],[71.48554,51.16161]]},"properties":{"layer":"road","districtId":"almaty","osmType":"way","osmId":1537906037,"highway":"secondary","name":"Шәкәрім Құдайбердіұлы даңғылы","bridge":null,"lanes":"4","oneway":null}},{"type":"Feature","geometry":{"type":"LineString","coordinates":[[71.48554,51.16161],[71.48387,51.16225]]},"properties":{"layer":"road","districtId":"almaty","osmType":"way","osmId":1537906038,"highway":"secondary","name":"Шәкәрім Құдайбердіұлы даңғылы","bridge":null,"lanes":"4","oneway":null}},{"type":"Feature","geometry":{"type":"LineString","coordinates":[[71.48387,51.16225],[71.48332,51.16246]]},"properties":{"layer":"road","districtId":"almaty","osmType":"way","osmId":1537906040,"highway":"secondary","name":"Шәкәрім Құдайбердіұлы даңғылы","bridge":null,"lanes":"4","oneway":null}},{"type":"Feature","geometry":{"type":"LineString","coordinates":[[71.47722,51.16463],[71.47773,51.16448]]},"properties":{"layer":"road","districtId":"baikonur","osmType":"way","osmId":1537906041,"highway":"secondary","name":"Шәкәрім Құдайбердіұлы даңғылы","bridge":null,"lanes":"6","oneway":null}},{"type":"Feature","geometry":{"type":"LineString","coordinates":[[71.47591,51.16608],[71.47582,51.16599]]},"properties":{"layer":"road","districtId":"baikonur","osmType":"way","osmId":1537906042,"highway":"secondary","name":"Пушкин көшесі","bridge":null,"lanes":null,"oneway":null}},{"type":"Feature","geometry":{"type":"LineString","coordinates":[[71.47582,51.16599],[71.47512,51.16526]]},"properties":{"layer":"road","districtId":"baikonur","osmType":"way","osmId":1537906043,"highway":"secondary","name":"Пушкин көшесі","bridge":null,"lanes":null,"oneway":null}},{"type":"Feature","geometry":{"type":"LineString","coordinates":[[71.53505,51.15463],[71.53441,51.15397]]},"properties":{"layer":"road","districtId":"almaty","osmType":"way","osmId":1539303584,"highway":"tertiary","name":"Буйрат көшесі","bridge":"yes","lanes":"4","oneway":"yes"}},{"type":"Feature","geometry":{"type":"LineString","coordinates":[[71.5336,51.15313],[71.53256,51.15205]]},"properties":{"layer":"road","districtId":"almaty","osmType":"way","osmId":1539303586,"highway":"secondary","name":"Рақымжан Қошқарбаев даңғылы","bridge":"yes","lanes":"4","oneway":"yes"}},{"type":"Feature","geometry":{"type":"LineString","coordinates":[[71.52004,51.13768],[71.52052,51.13752]]},"properties":{"layer":"road","districtId":"almaty","osmType":"way","osmId":1539303692,"highway":"secondary","name":"Төлебаев көшесі","bridge":null,"lanes":null,"oneway":null}},{"type":"Feature","geometry":{"type":"LineString","coordinates":[[71.50846,51.13227],[71.50731,51.13195]]},"properties":{"layer":"road","districtId":"almaty","osmType":"way","osmId":1539303753,"highway":"secondary","name":"Рақымжан Қошқарбаев даңғылы","bridge":null,"lanes":"3","oneway":"yes"}},{"type":"Feature","geometry":{"type":"LineString","coordinates":[[71.5247,51.1695],[71.52428,51.16907]]},"properties":{"layer":"road","districtId":"almaty","osmType":"way","osmId":1539330333,"highway":"tertiary","name":"Қарашығанақ көшесі","bridge":null,"lanes":"6","oneway":null}},{"type":"Feature","geometry":{"type":"LineString","coordinates":[[71.52473,51.16952],[71.5247,51.1695]]},"properties":{"layer":"road","districtId":"almaty","osmType":"way","osmId":1539330334,"highway":"tertiary","name":"Қарашығанақ көшесі","bridge":null,"lanes":"6","oneway":null}},{"type":"Feature","geometry":{"type":"LineString","coordinates":[[71.52428,51.16907],[71.52268,51.16739]]},"properties":{"layer":"road","districtId":"almaty","osmType":"way","osmId":1539330335,"highway":"tertiary","name":"Қарашығанақ көшесі","bridge":null,"lanes":"6","oneway":null}},{"type":"Feature","geometry":{"type":"LineString","coordinates":[[71.52631,51.17123],[71.52583,51.17072]]},"properties":{"layer":"road","districtId":"almaty","osmType":"way","osmId":1539330344,"highway":"tertiary","name":"Қарашығанақ көшесі","bridge":null,"lanes":"6","oneway":null}},{"type":"Feature","geometry":{"type":"LineString","coordinates":[[71.52583,51.17072],[71.52522,51.17008]]},"properties":{"layer":"road","districtId":"almaty","osmType":"way","osmId":1539330345,"highway":"tertiary","name":"Қарашығанақ көшесі","bridge":null,"lanes":"6","oneway":null}},{"type":"Feature","geometry":{"type":"LineString","coordinates":[[71.52509,51.16993],[71.52473,51.16952]]},"properties":{"layer":"road","districtId":"almaty","osmType":"way","osmId":1539330348,"highway":"tertiary","name":"Қарашығанақ көшесі","bridge":null,"lanes":"6","oneway":null}},{"type":"Feature","geometry":{"type":"LineString","coordinates":[[71.52522,51.17008],[71.52509,51.16993]]},"properties":{"layer":"road","districtId":"almaty","osmType":"way","osmId":1539330349,"highway":"tertiary","name":"Қарашығанақ көшесі","bridge":null,"lanes":"6","oneway":null}},{"type":"Feature","geometry":{"type":"LineString","coordinates":[[71.52268,51.16739],[71.52117,51.16573]]},"properties":{"layer":"road","districtId":"almaty","osmType":"way","osmId":1539330353,"highway":"tertiary","name":"Қарашығанақ көшесі","bridge":null,"lanes":"6","oneway":null}},{"type":"Feature","geometry":{"type":"LineString","coordinates":[[71.46914,51.1608],[71.46851,51.16104]]},"properties":{"layer":"road","districtId":"baikonur","osmType":"way","osmId":1539729833,"highway":"primary","name":"Абылай Хан даңғылы","bridge":null,"lanes":"6","oneway":null}},{"type":"Feature","geometry":{"type":"LineString","coordinates":[[71.53511,51.13645],[71.53144,51.13732]]},"properties":{"layer":"road","districtId":"almaty","osmType":"way","osmId":1539729863,"highway":"primary","name":"Астана-Қарағанды тас жолы","bridge":null,"lanes":"2","oneway":"yes"}},{"type":"Feature","geometry":{"type":"LineString","coordinates":[[71.53963,51.13584],[71.53798,51.13602]]},"properties":{"layer":"road","districtId":"almaty","osmType":"way","osmId":1539729870,"highway":"primary","name":"Астана-Қарағанды тас жолы","bridge":null,"lanes":"2","oneway":"yes"}},{"type":"Feature","geometry":{"type":"LineString","coordinates":[[71.51667,51.14283],[71.51445,51.14366]]},"properties":{"layer":"road","districtId":"almaty","osmType":"way","osmId":1539729896,"highway":"primary","name":"Абылай Хан даңғылы","bridge":null,"lanes":"4","oneway":null}},{"type":"Feature","geometry":{"type":"LineString","coordinates":[[71.5218,51.14085],[71.52157,51.14093]]},"properties":{"layer":"road","districtId":"almaty","osmType":"way","osmId":1539729897,"highway":"primary","name":"Абылай Хан даңғылы","bridge":null,"lanes":"4","oneway":null}},{"type":"Feature","geometry":{"type":"LineString","coordinates":[[71.51667,51.14283],[71.51823,51.14223]]},"properties":{"layer":"road","districtId":"almaty","osmType":"way","osmId":1539729905,"highway":"primary","name":"Абылай Хан даңғылы","bridge":null,"lanes":"2","oneway":"yes"}},{"type":"Feature","geometry":{"type":"LineString","coordinates":[[71.52157,51.14093],[71.51823,51.14223]]},"properties":{"layer":"road","districtId":"almaty","osmType":"way","osmId":1539729906,"highway":"primary","name":"Абылай Хан даңғылы","bridge":null,"lanes":"4","oneway":null}},{"type":"Feature","geometry":{"type":"LineString","coordinates":[[71.51823,51.14223],[71.51667,51.14283]]},"properties":{"layer":"road","districtId":"almaty","osmType":"way","osmId":1539729907,"highway":"primary","name":"Абылай Хан даңғылы","bridge":null,"lanes":"2","oneway":"yes"}},{"type":"Feature","geometry":{"type":"LineString","coordinates":[[71.50628,51.14678],[71.50557,51.14705]]},"properties":{"layer":"road","districtId":"almaty","osmType":"way","osmId":1539729909,"highway":"primary","name":"Абылай Хан даңғылы","bridge":null,"lanes":"4","oneway":null}},{"type":"Feature","geometry":{"type":"LineString","coordinates":[[71.50754,51.14631],[71.50628,51.14678]]},"properties":{"layer":"road","districtId":"almaty","osmType":"way","osmId":1539729911,"highway":"primary","name":"Абылай Хан даңғылы","bridge":null,"lanes":"4","oneway":null}},{"type":"Feature","geometry":{"type":"LineString","coordinates":[[71.508,51.14613],[71.50754,51.14631]]},"properties":{"layer":"road","districtId":"almaty","osmType":"way","osmId":1539729912,"highway":"primary","name":"Абылай Хан даңғылы","bridge":null,"lanes":"4","oneway":null}},{"type":"Feature","geometry":{"type":"LineString","coordinates":[[71.50968,51.14549],[71.508,51.14613]]},"properties":{"layer":"road","districtId":"almaty","osmType":"way","osmId":1539729916,"highway":"primary","name":"Абылай Хан даңғылы","bridge":null,"lanes":"4","oneway":null}},{"type":"Feature","geometry":{"type":"LineString","coordinates":[[71.51258,51.14438],[71.50968,51.14549]]},"properties":{"layer":"road","districtId":"almaty","osmType":"way","osmId":1539729917,"highway":"primary","name":"Абылай Хан даңғылы","bridge":null,"lanes":"4","oneway":null}},{"type":"Feature","geometry":{"type":"LineString","coordinates":[[71.51286,51.14427],[71.51258,51.14438]]},"properties":{"layer":"road","districtId":"almaty","osmType":"way","osmId":1539729918,"highway":"primary","name":"Абылай Хан даңғылы","bridge":null,"lanes":"4","oneway":null}},{"type":"Feature","geometry":{"type":"LineString","coordinates":[[71.51385,51.1439],[71.51286,51.14427]]},"properties":{"layer":"road","districtId":"almaty","osmType":"way","osmId":1539729919,"highway":"primary","name":"Абылай Хан даңғылы","bridge":null,"lanes":"4","oneway":null}},{"type":"Feature","geometry":{"type":"LineString","coordinates":[[71.51445,51.14366],[71.51385,51.1439]]},"properties":{"layer":"road","districtId":"almaty","osmType":"way","osmId":1539729920,"highway":"primary","name":"Абылай Хан даңғылы","bridge":null,"lanes":"4","oneway":null}},{"type":"Feature","geometry":{"type":"LineString","coordinates":[[71.52236,51.14064],[71.5218,51.14085]]},"properties":{"layer":"road","districtId":"almaty","osmType":"way","osmId":1539729926,"highway":"primary","name":"Абылай Хан даңғылы","bridge":null,"lanes":"4","oneway":null}},{"type":"Feature","geometry":{"type":"LineString","coordinates":[[71.5226,51.14054],[71.52236,51.14064]]},"properties":{"layer":"road","districtId":"almaty","osmType":"way","osmId":1539729927,"highway":"primary","name":"Абылай Хан даңғылы","bridge":null,"lanes":"4","oneway":null}},{"type":"Feature","geometry":{"type":"LineString","coordinates":[[71.47523,51.15861],[71.47508,51.15867]]},"properties":{"layer":"road","districtId":"almaty","osmType":"way","osmId":1539730014,"highway":"primary","name":"Абылай Хан даңғылы","bridge":null,"lanes":"6","oneway":null}},{"type":"Feature","geometry":{"type":"LineString","coordinates":[[71.47508,51.15867],[71.47175,51.15987]]},"properties":{"layer":"road","districtId":"almaty","osmType":"way","osmId":1539730015,"highway":"primary","name":"Абылай Хан даңғылы","bridge":null,"lanes":"6","oneway":null}},{"type":"Feature","geometry":{"type":"LineString","coordinates":[[71.47175,51.15987],[71.47105,51.16012]]},"properties":{"layer":"road","districtId":"almaty","osmType":"way","osmId":1539730019,"highway":"primary","name":"Абылай Хан даңғылы","bridge":null,"lanes":"6","oneway":null}},{"type":"Feature","geometry":{"type":"LineString","coordinates":[[71.47105,51.16012],[71.47094,51.16016]]},"properties":{"layer":"road","districtId":"almaty","osmType":"way","osmId":1539730020,"highway":"primary","name":"Абылай Хан даңғылы","bridge":null,"lanes":"6","oneway":null}},{"type":"Feature","geometry":{"type":"LineString","coordinates":[[71.47094,51.16016],[71.47021,51.16042]]},"properties":{"layer":"road","districtId":"almaty","osmType":"way","osmId":1539730021,"highway":"primary","name":"Абылай Хан даңғылы","bridge":null,"lanes":"6","oneway":null}},{"type":"Feature","geometry":{"type":"LineString","coordinates":[[71.47654,51.15814],[71.47523,51.15861]]},"properties":{"layer":"road","districtId":"almaty","osmType":"way","osmId":1539730024,"highway":"primary","name":"Абылай Хан даңғылы","bridge":null,"lanes":"6","oneway":null}},{"type":"Feature","geometry":{"type":"LineString","coordinates":[[71.47733,51.15785],[71.47654,51.15814]]},"properties":{"layer":"road","districtId":"almaty","osmType":"way","osmId":1539730025,"highway":"primary","name":"Абылай Хан даңғылы","bridge":null,"lanes":"6","oneway":null}},{"type":"Feature","geometry":{"type":"LineString","coordinates":[[71.4794,51.15709],[71.47851,51.15743]]},"properties":{"layer":"road","districtId":"almaty","osmType":"way","osmId":1539730026,"highway":"primary","name":"Абылай Хан даңғылы","bridge":null,"lanes":"6","oneway":null}},{"type":"Feature","geometry":{"type":"LineString","coordinates":[[71.48014,51.15681],[71.4794,51.15709]]},"properties":{"layer":"road","districtId":"almaty","osmType":"way","osmId":1539730027,"highway":"primary","name":"Абылай Хан даңғылы","bridge":null,"lanes":"6","oneway":null}},{"type":"Feature","geometry":{"type":"LineString","coordinates":[[71.48141,51.15632],[71.48014,51.15681]]},"properties":{"layer":"road","districtId":"almaty","osmType":"way","osmId":1539730029,"highway":"primary","name":"Абылай Хан даңғылы","bridge":null,"lanes":"6","oneway":null}},{"type":"Feature","geometry":{"type":"LineString","coordinates":[[71.4817,51.15621],[71.48141,51.15632]]},"properties":{"layer":"road","districtId":"almaty","osmType":"way","osmId":1539730030,"highway":"primary","name":"Абылай Хан даңғылы","bridge":null,"lanes":"6","oneway":null}},{"type":"Feature","geometry":{"type":"LineString","coordinates":[[71.48242,51.15594],[71.4817,51.15621]]},"properties":{"layer":"road","districtId":"almaty","osmType":"way","osmId":1539730032,"highway":"primary","name":"Абылай Хан даңғылы","bridge":null,"lanes":"6","oneway":null}},{"type":"Feature","geometry":{"type":"LineString","coordinates":[[71.48283,51.15578],[71.48242,51.15594]]},"properties":{"layer":"road","districtId":"almaty","osmType":"way","osmId":1539730034,"highway":"primary","name":"Абылай Хан даңғылы","bridge":null,"lanes":"6","oneway":null}},{"type":"Feature","geometry":{"type":"LineString","coordinates":[[71.48358,51.15549],[71.48283,51.15578]]},"properties":{"layer":"road","districtId":"almaty","osmType":"way","osmId":1539730035,"highway":"primary","name":"Абылай Хан даңғылы","bridge":null,"lanes":"6","oneway":null}},{"type":"Feature","geometry":{"type":"LineString","coordinates":[[71.48451,51.15514],[71.48358,51.15549]]},"properties":{"layer":"road","districtId":"almaty","osmType":"way","osmId":1539730036,"highway":"primary","name":"Абылай Хан даңғылы","bridge":null,"lanes":"6","oneway":null}},{"type":"Feature","geometry":{"type":"LineString","coordinates":[[71.48549,51.15476],[71.48451,51.15514]]},"properties":{"layer":"road","districtId":"almaty","osmType":"way","osmId":1539730037,"highway":"primary","name":"Абылай Хан даңғылы","bridge":null,"lanes":"6","oneway":null}},{"type":"Feature","geometry":{"type":"LineString","coordinates":[[71.48778,51.15389],[71.48549,51.15476]]},"properties":{"layer":"road","districtId":"almaty","osmType":"way","osmId":1539730040,"highway":"primary","name":"Абылай Хан даңғылы","bridge":null,"lanes":"6","oneway":null}},{"type":"Feature","geometry":{"type":"LineString","coordinates":[[71.48841,51.15365],[71.48778,51.15389]]},"properties":{"layer":"road","districtId":"almaty","osmType":"way","osmId":1539730041,"highway":"primary","name":"Абылай Хан даңғылы","bridge":null,"lanes":"6","oneway":null}},{"type":"Feature","geometry":{"type":"LineString","coordinates":[[71.48929,51.15331],[71.48841,51.15365]]},"properties":{"layer":"road","districtId":"almaty","osmType":"way","osmId":1539730042,"highway":"primary","name":"Абылай Хан даңғылы","bridge":null,"lanes":"6","oneway":null}},{"type":"Feature","geometry":{"type":"LineString","coordinates":[[71.49579,51.15081],[71.49423,51.15142]]},"properties":{"layer":"road","districtId":"almaty","osmType":"way","osmId":1539730060,"highway":"primary","name":"Абылай Хан даңғылы","bridge":null,"lanes":"6","oneway":null}},{"type":"Feature","geometry":{"type":"LineString","coordinates":[[71.49653,51.15052],[71.49579,51.15081]]},"properties":{"layer":"road","districtId":"almaty","osmType":"way","osmId":1539730061,"highway":"primary","name":"Абылай Хан даңғылы","bridge":null,"lanes":"6","oneway":null}},{"type":"Feature","geometry":{"type":"LineString","coordinates":[[71.49671,51.15045],[71.49653,51.15052]]},"properties":{"layer":"road","districtId":"almaty","osmType":"way","osmId":1539730062,"highway":"primary","name":"Абылай Хан даңғылы","bridge":null,"lanes":"6","oneway":null}},{"type":"Feature","geometry":{"type":"LineString","coordinates":[[71.49916,51.14952],[71.49831,51.14983]]},"properties":{"layer":"road","districtId":"almaty","osmType":"way","osmId":1539730072,"highway":"primary","name":"Абылай Хан даңғылы","bridge":null,"lanes":"6","oneway":null}},{"type":"Feature","geometry":{"type":"LineString","coordinates":[[71.50008,51.14916],[71.49916,51.14952]]},"properties":{"layer":"road","districtId":"almaty","osmType":"way","osmId":1539730073,"highway":"primary","name":"Абылай Хан даңғылы","bridge":null,"lanes":"6","oneway":null}},{"type":"Feature","geometry":{"type":"LineString","coordinates":[[71.50131,51.14869],[71.50008,51.14916]]},"properties":{"layer":"road","districtId":"almaty","osmType":"way","osmId":1539730074,"highway":"primary","name":"Абылай Хан даңғылы","bridge":null,"lanes":"6","oneway":null}},{"type":"Feature","geometry":{"type":"LineString","coordinates":[[71.5026,51.1482],[71.50234,51.1483]]},"properties":{"layer":"road","districtId":"almaty","osmType":"way","osmId":1539730075,"highway":"primary","name":"Абылай Хан даңғылы","bridge":null,"lanes":"6","oneway":null}},{"type":"Feature","geometry":{"type":"LineString","coordinates":[[71.50234,51.1483],[71.50131,51.14869]]},"properties":{"layer":"road","districtId":"almaty","osmType":"way","osmId":1539730076,"highway":"primary","name":"Абылай Хан даңғылы","bridge":null,"lanes":"6","oneway":null}},{"type":"Feature","geometry":{"type":"LineString","coordinates":[[71.5031,51.148],[71.5026,51.1482]]},"properties":{"layer":"road","districtId":"almaty","osmType":"way","osmId":1539730077,"highway":"primary","name":"Абылай Хан даңғылы","bridge":null,"lanes":"6","oneway":null}},{"type":"Feature","geometry":{"type":"LineString","coordinates":[[71.50505,51.14726],[71.50414,51.1476]]},"properties":{"layer":"road","districtId":"almaty","osmType":"way","osmId":1539730080,"highway":"primary","name":"Абылай Хан даңғылы","bridge":null,"lanes":"4","oneway":null}},{"type":"Feature","geometry":{"type":"LineString","coordinates":[[71.51224,51.15635],[71.51291,51.15697]]},"properties":{"layer":"road","districtId":"almaty","osmType":"way","osmId":1539960291,"highway":"tertiary","name":"Ғабиден Мұстафин көшесі","bridge":null,"lanes":null,"oneway":"yes"}},{"type":"Feature","geometry":{"type":"LineString","coordinates":[[71.51291,51.15697],[71.51224,51.15635]]},"properties":{"layer":"road","districtId":"almaty","osmType":"way","osmId":1539960292,"highway":"tertiary","name":"Ғабиден Мұстафин көшесі","bridge":null,"lanes":null,"oneway":"yes"}},{"type":"Feature","geometry":{"type":"LineString","coordinates":[[71.50951,51.1535],[71.50917,51.15316]]},"properties":{"layer":"road","districtId":"almaty","osmType":"way","osmId":1539960310,"highway":"tertiary","name":"Ғабиден Мұстафин көшесі","bridge":null,"lanes":"6","oneway":null}},{"type":"Feature","geometry":{"type":"LineString","coordinates":[[71.5096,51.15358],[71.50951,51.1535]]},"properties":{"layer":"road","districtId":"almaty","osmType":"way","osmId":1539960311,"highway":"tertiary","name":"Ғабиден Мұстафин көшесі","bridge":null,"lanes":"6","oneway":null}},{"type":"Feature","geometry":{"type":"LineString","coordinates":[[71.51075,51.1548],[71.51035,51.15437]]},"properties":{"layer":"road","districtId":"almaty","osmType":"way","osmId":1539960313,"highway":"tertiary","name":"Ғабиден Мұстафин көшесі","bridge":null,"lanes":"6","oneway":null}},{"type":"Feature","geometry":{"type":"LineString","coordinates":[[71.51035,51.15437],[71.51024,51.15425]]},"properties":{"layer":"road","districtId":"almaty","osmType":"way","osmId":1539960314,"highway":"tertiary","name":"Ғабиден Мұстафин көшесі","bridge":null,"lanes":"6","oneway":null}},{"type":"Feature","geometry":{"type":"LineString","coordinates":[[71.51017,51.15418],[71.5101,51.15411]]},"properties":{"layer":"road","districtId":"almaty","osmType":"way","osmId":1539960315,"highway":"tertiary","name":"Ғабиден Мұстафин көшесі","bridge":null,"lanes":"6","oneway":null}},{"type":"Feature","geometry":{"type":"LineString","coordinates":[[71.51024,51.15425],[71.51017,51.15418]]},"properties":{"layer":"road","districtId":"almaty","osmType":"way","osmId":1539960316,"highway":"tertiary","name":"Ғабиден Мұстафин көшесі","bridge":null,"lanes":"6","oneway":null}},{"type":"Feature","geometry":{"type":"LineString","coordinates":[[71.5101,51.15411],[71.50996,51.15397]]},"properties":{"layer":"road","districtId":"almaty","osmType":"way","osmId":1539960320,"highway":"tertiary","name":"Ғабиден Мұстафин көшесі","bridge":null,"lanes":"6","oneway":null}},{"type":"Feature","geometry":{"type":"LineString","coordinates":[[71.50996,51.15397],[71.5096,51.15358]]},"properties":{"layer":"road","districtId":"almaty","osmType":"way","osmId":1539960321,"highway":"tertiary","name":"Ғабиден Мұстафин көшесі","bridge":null,"lanes":"6","oneway":null}},{"type":"Feature","geometry":{"type":"LineString","coordinates":[[71.50917,51.15316],[71.50879,51.15275]]},"properties":{"layer":"road","districtId":"almaty","osmType":"way","osmId":1539960323,"highway":"tertiary","name":"Ғабиден Мұстафин көшесі","bridge":null,"lanes":"6","oneway":null}},{"type":"Feature","geometry":{"type":"LineString","coordinates":[[71.50811,51.15301],[71.50796,51.15307]]},"properties":{"layer":"road","districtId":"almaty","osmType":"way","osmId":1539960324,"highway":"secondary","name":"Шәкәрім Құдайбердіұлы даңғылы","bridge":null,"lanes":"4","oneway":null}},{"type":"Feature","geometry":{"type":"LineString","coordinates":[[71.50796,51.15307],[71.50205,51.15532]]},"properties":{"layer":"road","districtId":"almaty","osmType":"way","osmId":1539960325,"highway":"secondary","name":"Шәкәрім Құдайбердіұлы даңғылы","bridge":null,"lanes":"4","oneway":null}},{"type":"Feature","geometry":{"type":"LineString","coordinates":[[71.52117,51.16573],[71.51669,51.161]]},"properties":{"layer":"road","districtId":"almaty","osmType":"way","osmId":1539960351,"highway":"tertiary","name":"Қарашығанақ көшесі","bridge":null,"lanes":"6","oneway":null}},{"type":"Feature","geometry":{"type":"LineString","coordinates":[[71.50171,51.14664],[71.50302,51.14699]]},"properties":{"layer":"road","districtId":"almaty","osmType":"way","osmId":1540010669,"highway":"secondary","name":"Бауыржан Момышұлы даңғылы","bridge":null,"lanes":"3","oneway":"yes"}},{"type":"Feature","geometry":{"type":"LineString","coordinates":[[71.50302,51.14699],[71.5038,51.14751]]},"properties":{"layer":"road","districtId":"almaty","osmType":"way","osmId":1540010670,"highway":"secondary","name":"Бауыржан Момышұлы даңғылы","bridge":null,"lanes":"3","oneway":"yes"}},{"type":"Feature","geometry":{"type":"LineString","coordinates":[[71.49588,51.14496],[71.49767,51.14547]]},"properties":{"layer":"road","districtId":"almaty","osmType":"way","osmId":1540010671,"highway":"secondary","name":"Бауыржан Момышұлы даңғылы","bridge":null,"lanes":"3","oneway":"yes"}},{"type":"Feature","geometry":{"type":"LineString","coordinates":[[71.49324,51.14421],[71.49588,51.14496]]},"properties":{"layer":"road","districtId":"almaty","osmType":"way","osmId":1540010672,"highway":"secondary","name":"Бауыржан Момышұлы даңғылы","bridge":null,"lanes":"3","oneway":"yes"}},{"type":"Feature","geometry":{"type":"LineString","coordinates":[[71.49767,51.14547],[71.50043,51.14627]]},"properties":{"layer":"road","districtId":"almaty","osmType":"way","osmId":1540010702,"highway":"secondary","name":"Бауыржан Момышұлы даңғылы","bridge":null,"lanes":"3","oneway":"yes"}},{"type":"Feature","geometry":{"type":"LineString","coordinates":[[71.50043,51.14627],[71.50097,51.14643]]},"properties":{"layer":"road","districtId":"almaty","osmType":"way","osmId":1540010704,"highway":"secondary","name":"Бауыржан Момышұлы даңғылы","bridge":null,"lanes":"3","oneway":"yes"}},{"type":"Feature","geometry":{"type":"LineString","coordinates":[[71.50097,51.14643],[71.50171,51.14664]]},"properties":{"layer":"road","districtId":"almaty","osmType":"way","osmId":1540010705,"highway":"secondary","name":"Бауыржан Момышұлы даңғылы","bridge":null,"lanes":"3","oneway":"yes"}},{"type":"Feature","geometry":{"type":"LineString","coordinates":[[71.48762,51.1426],[71.49112,51.1436]]},"properties":{"layer":"road","districtId":"almaty","osmType":"way","osmId":1540010738,"highway":"secondary","name":"Бауыржан Момышұлы даңғылы","bridge":null,"lanes":"3","oneway":"yes"}},{"type":"Feature","geometry":{"type":"LineString","coordinates":[[71.4683,51.16126],[71.46812,51.16118]]},"properties":{"layer":"road","districtId":"baikonur","osmType":"way","osmId":1540024320,"highway":"secondary","name":"Пушкин көшесі","bridge":null,"lanes":"5","oneway":"yes"}},{"type":"Feature","geometry":{"type":"LineString","coordinates":[[71.41314,51.12606],[71.41304,51.12562]]},"properties":{"layer":"road","districtId":"nura","osmType":"way","osmId":1549054974,"highway":"secondary","name":"Қабанбай Батыр даңғылы","bridge":null,"lanes":"5","oneway":null}},{"type":"Feature","geometry":{"type":"LineString","coordinates":[[71.45329,51.20659],[71.46014,51.20352],[71.47368,51.19903]]},"properties":{"layer":"road","districtId":"baikonur","osmType":"way","osmId":1552919713,"highway":"secondary","name":"191-ші көше","bridge":null,"lanes":"3","oneway":"yes"}},{"type":"Feature","geometry":{"type":"LineString","coordinates":[[71.42471,51.10757],[71.42493,51.10816]]},"properties":{"layer":"road","districtId":"esil","osmType":"way","osmId":1553223447,"highway":"secondary","name":"Түркістан көшесі","bridge":null,"lanes":"3","oneway":"yes"}},{"type":"Feature","geometry":{"type":"LineString","coordinates":[[71.42461,51.10728],[71.42466,51.10743]]},"properties":{"layer":"road","districtId":"esil","osmType":"way","osmId":1553223448,"highway":"secondary","name":"Түркістан көшесі","bridge":null,"lanes":"3","oneway":"yes"}},{"type":"Feature","geometry":{"type":"LineString","coordinates":[[71.46144,51.1519],[71.46108,51.1524]]},"properties":{"layer":"road","districtId":"almaty","osmType":"way","osmId":1554506364,"highway":"tertiary","name":"Алексей Петров көшесі","bridge":null,"lanes":null,"oneway":null}},{"type":"Feature","geometry":{"type":"LineString","coordinates":[[71.47029,51.149],[71.46397,51.14906],[71.46339,51.14937],[71.46144,51.1519]]},"properties":{"layer":"road","districtId":"almaty","osmType":"way","osmId":1554506365,"highway":"tertiary","name":"Алексей Петров көшесі","bridge":null,"lanes":null,"oneway":null}},{"type":"Feature","geometry":{"type":"LineString","coordinates":[[71.34621,51.17708],[71.34422,51.17754]]},"properties":{"layer":"road","districtId":"saryarka","osmType":"way","osmId":1554695301,"highway":"tertiary","name":null,"bridge":null,"lanes":null,"oneway":"no"}},{"type":"Feature","geometry":{"type":"LineString","coordinates":[[71.38212,51.14083],[71.38219,51.14102]]},"properties":{"layer":"road","districtId":"nura","osmType":"way","osmId":1554831346,"highway":"tertiary","name":"Әйтеке Би көшесі","bridge":null,"lanes":null,"oneway":"yes"}},{"type":"Feature","geometry":{"type":"LineString","coordinates":[[71.38065,51.1372],[71.38115,51.13836]]},"properties":{"layer":"road","districtId":"nura","osmType":"way","osmId":1554831347,"highway":"tertiary","name":"Әйтеке Би көшесі","bridge":null,"lanes":null,"oneway":"yes"}},{"type":"Feature","geometry":{"type":"LineString","coordinates":[[71.38115,51.13836],[71.38212,51.14083]]},"properties":{"layer":"road","districtId":"nura","osmType":"way","osmId":1554831352,"highway":"tertiary","name":"Әйтеке Би көшесі","bridge":null,"lanes":null,"oneway":"yes"}},{"type":"Feature","geometry":{"type":"LineString","coordinates":[[71.38159,51.14092],[71.38063,51.13842]]},"properties":{"layer":"road","districtId":"nura","osmType":"way","osmId":1554831353,"highway":"tertiary","name":"Әйтеке Би көшесі","bridge":null,"lanes":null,"oneway":"yes"}},{"type":"Feature","geometry":{"type":"LineString","coordinates":[[71.38167,51.1411],[71.38159,51.14092]]},"properties":{"layer":"road","districtId":"nura","osmType":"way","osmId":1554831354,"highway":"tertiary","name":"Әйтеке Би көшесі","bridge":null,"lanes":null,"oneway":"yes"}},{"type":"Feature","geometry":{"type":"LineString","coordinates":[[71.51052,51.14081],[71.51381,51.13972]]},"properties":{"layer":"road","districtId":"almaty","osmType":"way","osmId":1556587592,"highway":"tertiary","name":"Төлебаев көшесі","bridge":null,"lanes":"2","oneway":null}},{"type":"Feature","geometry":{"type":"LineString","coordinates":[[71.51698,51.13867],[71.51741,51.13853]]},"properties":{"layer":"road","districtId":"almaty","osmType":"way","osmId":1556587606,"highway":"tertiary","name":"Төлебаев көшесі","bridge":null,"lanes":"4","oneway":null}},{"type":"Feature","geometry":{"type":"LineString","coordinates":[[71.52463,51.14033],[71.52775,51.14356]]},"properties":{"layer":"road","districtId":"almaty","osmType":"way","osmId":1556602746,"highway":"secondary","name":"Рақымжан Қошқарбаев даңғылы","bridge":null,"lanes":"3","oneway":"yes"}},{"type":"Feature","geometry":{"type":"LineString","coordinates":[[71.52937,51.17439],[71.52945,51.17448]]},"properties":{"layer":"road","districtId":"almaty","osmType":"way","osmId":1556602752,"highway":"tertiary","name":null,"bridge":null,"lanes":null,"oneway":null}},{"type":"Feature","geometry":{"type":"LineString","coordinates":[[71.53379,51.17151],[71.52945,51.17448]]},"properties":{"layer":"road","districtId":"almaty","osmType":"way","osmId":1556602758,"highway":"tertiary","name":"Буйрат көшесі","bridge":null,"lanes":"3","oneway":"yes"}},{"type":"Feature","geometry":{"type":"LineString","coordinates":[[71.53479,51.17082],[71.53379,51.17151]]},"properties":{"layer":"road","districtId":"almaty","osmType":"way","osmId":1556602761,"highway":"tertiary","name":"Буйрат көшесі","bridge":null,"lanes":"3","oneway":"yes"}},{"type":"Feature","geometry":{"type":"LineString","coordinates":[[71.53724,51.16917],[71.53479,51.17082]]},"properties":{"layer":"road","districtId":"almaty","osmType":"way","osmId":1556602769,"highway":"tertiary","name":"Буйрат көшесі","bridge":null,"lanes":"3","oneway":"yes"}},{"type":"Feature","geometry":{"type":"LineString","coordinates":[[71.54086,51.16578],[71.53975,51.16721],[71.53724,51.16917]]},"properties":{"layer":"road","districtId":"almaty","osmType":"way","osmId":1556602771,"highway":"tertiary","name":"Буйрат көшесі","bridge":null,"lanes":"3","oneway":"yes"}},{"type":"Feature","geometry":{"type":"LineString","coordinates":[[71.54123,51.165],[71.54086,51.16578]]},"properties":{"layer":"road","districtId":"almaty","osmType":"way","osmId":1556602773,"highway":"tertiary","name":"Буйрат көшесі","bridge":null,"lanes":"3","oneway":"yes"}},{"type":"Feature","geometry":{"type":"LineString","coordinates":[[71.5415,51.16262],[71.54152,51.1628]]},"properties":{"layer":"road","districtId":"almaty","osmType":"way","osmId":1556602778,"highway":"tertiary","name":"Буйрат көшесі","bridge":null,"lanes":"3","oneway":"yes"}},{"type":"Feature","geometry":{"type":"LineString","coordinates":[[71.54152,51.1628],[71.54123,51.165]]},"properties":{"layer":"road","districtId":"almaty","osmType":"way","osmId":1556602780,"highway":"tertiary","name":"Буйрат көшесі","bridge":null,"lanes":"3","oneway":"yes"}},{"type":"Feature","geometry":{"type":"LineString","coordinates":[[71.54121,51.16155],[71.5415,51.16262]]},"properties":{"layer":"road","districtId":"almaty","osmType":"way","osmId":1556602783,"highway":"tertiary","name":"Буйрат көшесі","bridge":null,"lanes":"3","oneway":"yes"}},{"type":"Feature","geometry":{"type":"LineString","coordinates":[[71.54091,51.16086],[71.54121,51.16155]]},"properties":{"layer":"road","districtId":"almaty","osmType":"way","osmId":1556602785,"highway":"tertiary","name":"Буйрат көшесі","bridge":null,"lanes":"3","oneway":"yes"}},{"type":"Feature","geometry":{"type":"LineString","coordinates":[[71.5381,51.15779],[71.53732,51.15698]]},"properties":{"layer":"road","districtId":"almaty","osmType":"way","osmId":1556602786,"highway":"tertiary","name":"Буйрат көшесі","bridge":null,"lanes":"4","oneway":"yes"}},{"type":"Feature","geometry":{"type":"LineString","coordinates":[[71.53824,51.15775],[71.54091,51.16086]]},"properties":{"layer":"road","districtId":"almaty","osmType":"way","osmId":1556602787,"highway":"tertiary","name":"Буйрат көшесі","bridge":null,"lanes":"3","oneway":"yes"}},{"type":"Feature","geometry":{"type":"LineString","coordinates":[[71.53451,51.15389],[71.53518,51.15458]]},"properties":{"layer":"road","districtId":"almaty","osmType":"way","osmId":1556602788,"highway":"tertiary","name":"Буйрат көшесі","bridge":"yes","lanes":"4","oneway":"yes"}},{"type":"Feature","geometry":{"type":"LineString","coordinates":[[71.53518,51.15458],[71.53611,51.15555]]},"properties":{"layer":"road","districtId":"almaty","osmType":"way","osmId":1556602789,"highway":"tertiary","name":"Буйрат көшесі","bridge":null,"lanes":"4","oneway":"yes"}},{"type":"Feature","geometry":{"type":"LineString","coordinates":[[71.53611,51.15555],[71.53736,51.15684]]},"properties":{"layer":"road","districtId":"almaty","osmType":"way","osmId":1556602790,"highway":"tertiary","name":"Буйрат көшесі","bridge":null,"lanes":"3","oneway":"yes"}},{"type":"Feature","geometry":{"type":"LineString","coordinates":[[71.53736,51.15684],[71.53824,51.15775]]},"properties":{"layer":"road","districtId":"almaty","osmType":"way","osmId":1556602791,"highway":"tertiary","name":"Буйрат көшесі","bridge":null,"lanes":"4","oneway":"yes"}},{"type":"Feature","geometry":{"type":"LineString","coordinates":[[71.53268,51.15199],[71.53373,51.15308]]},"properties":{"layer":"road","districtId":"almaty","osmType":"way","osmId":1556602792,"highway":"secondary","name":"Рақымжан Қошқарбаев даңғылы","bridge":"yes","lanes":"4","oneway":"yes"}},{"type":"Feature","geometry":{"type":"LineString","coordinates":[[71.5339,51.15325],[71.53451,51.15389]]},"properties":{"layer":"road","districtId":"almaty","osmType":"way","osmId":1556602793,"highway":"tertiary","name":"Рақымжан Қошқарбаев даңғылы","bridge":null,"lanes":"3","oneway":"yes"}},{"type":"Feature","geometry":{"type":"LineString","coordinates":[[71.53373,51.15308],[71.5339,51.15325]]},"properties":{"layer":"road","districtId":"almaty","osmType":"way","osmId":1556602794,"highway":"secondary","name":"Рақымжан Қошқарбаев даңғылы","bridge":null,"lanes":"4","oneway":"yes"}},{"type":"Feature","geometry":{"type":"LineString","coordinates":[[71.53372,51.15325],[71.5336,51.15313]]},"properties":{"layer":"road","districtId":"almaty","osmType":"way","osmId":1556602795,"highway":"secondary","name":"Рақымжан Қошқарбаев даңғылы","bridge":null,"lanes":"4","oneway":"yes"}},{"type":"Feature","geometry":{"type":"LineString","coordinates":[[71.53586,51.15548],[71.53505,51.15463]]},"properties":{"layer":"road","districtId":"almaty","osmType":"way","osmId":1556602796,"highway":"tertiary","name":"Буйрат көшесі","bridge":null,"lanes":"4","oneway":"yes"}},{"type":"Feature","geometry":{"type":"LineString","coordinates":[[71.53178,51.15107],[71.53268,51.15199]]},"properties":{"layer":"road","districtId":"almaty","osmType":"way","osmId":1556602797,"highway":"secondary","name":"Рақымжан Қошқарбаев даңғылы","bridge":null,"lanes":"4","oneway":"yes"}},{"type":"Feature","geometry":{"type":"LineString","coordinates":[[71.5318,51.15127],[71.53129,51.15075]]},"properties":{"layer":"road","districtId":"almaty","osmType":"way","osmId":1556602798,"highway":"secondary","name":"Рақымжан Қошқарбаев даңғылы","bridge":null,"lanes":"3","oneway":"yes"}},{"type":"Feature","geometry":{"type":"LineString","coordinates":[[71.52889,51.14495],[71.52901,51.1449]]},"properties":{"layer":"road","districtId":"almaty","osmType":"way","osmId":1556602799,"highway":"secondary","name":null,"bridge":null,"lanes":null,"oneway":null}},{"type":"Feature","geometry":{"type":"LineString","coordinates":[[71.53066,51.14986],[71.53142,51.1507]]},"properties":{"layer":"road","districtId":"almaty","osmType":"way","osmId":1556602800,"highway":"secondary","name":"Рақымжан Қошқарбаев даңғылы","bridge":"yes","lanes":"3","oneway":"yes"}},{"type":"Feature","geometry":{"type":"LineString","coordinates":[[71.53142,51.1507],[71.53178,51.15107]]},"properties":{"layer":"road","districtId":"almaty","osmType":"way","osmId":1556602801,"highway":"secondary","name":"Рақымжан Қошқарбаев даңғылы","bridge":null,"lanes":"3","oneway":"yes"}},{"type":"Feature","geometry":{"type":"LineString","coordinates":[[71.52798,51.1438],[71.52998,51.14616],[71.53004,51.14876],[71.53066,51.14986]]},"properties":{"layer":"road","districtId":"almaty","osmType":"way","osmId":1556602806,"highway":"secondary","name":"Рақымжан Қошқарбаев даңғылы","bridge":null,"lanes":"3","oneway":"yes"}},{"type":"Feature","geometry":{"type":"LineString","coordinates":[[71.52775,51.14356],[71.52798,51.1438]]},"properties":{"layer":"road","districtId":"almaty","osmType":"way","osmId":1556602808,"highway":"secondary","name":"Рақымжан Қошқарбаев даңғылы","bridge":null,"lanes":"3","oneway":"yes"}},{"type":"Feature","geometry":{"type":"LineString","coordinates":[[71.52396,51.13964],[71.52463,51.14033]]},"properties":{"layer":"road","districtId":"almaty","osmType":"way","osmId":1556602811,"highway":"secondary","name":"Рақымжан Қошқарбаев даңғылы","bridge":"yes","lanes":"3","oneway":"yes"}},{"type":"Feature","geometry":{"type":"LineString","coordinates":[[71.51432,51.13393],[71.5127,51.13625]]},"properties":{"layer":"road","districtId":"almaty","osmType":"way","osmId":1556608704,"highway":"tertiary","name":"Өзбекәлі Жәнібек көшесі","bridge":null,"lanes":null,"oneway":null}},{"type":"Feature","geometry":{"type":"LineString","coordinates":[[71.50467,51.13266],[71.50552,51.13145]]},"properties":{"layer":"road","districtId":"almaty","osmType":"way","osmId":1556608711,"highway":"tertiary","name":"Қордай көшесі","bridge":null,"lanes":null,"oneway":null}},{"type":"Feature","geometry":{"type":"LineString","coordinates":[[71.46055,51.03033],[71.46074,51.03044]]},"properties":{"layer":"road","districtId":"esil","osmType":"way","osmId":1556611127,"highway":"primary","name":null,"bridge":null,"lanes":null,"oneway":"yes"}},{"type":"Feature","geometry":{"type":"LineString","coordinates":[[71.46257,51.0291],[71.46238,51.02944]]},"properties":{"layer":"road","districtId":"esil","osmType":"way","osmId":1556611532,"highway":"tertiary","name":null,"bridge":null,"lanes":"2","oneway":"yes"}},{"type":"Feature","geometry":{"type":"LineString","coordinates":[[71.45857,51.02908],[71.4594,51.02957]]},"properties":{"layer":"road","districtId":"esil","osmType":"way","osmId":1556611988,"highway":"tertiary","name":null,"bridge":null,"lanes":"3","oneway":"yes"}},{"type":"Feature","geometry":{"type":"LineString","coordinates":[[71.45828,51.0289],[71.45857,51.02908]]},"properties":{"layer":"road","districtId":"esil","osmType":"way","osmId":1556611989,"highway":"tertiary","name":null,"bridge":null,"lanes":"2","oneway":"yes"}},{"type":"Feature","geometry":{"type":"LineString","coordinates":[[71.44485,51.14849],[71.44469,51.14849]]},"properties":{"layer":"road","districtId":"almaty","osmType":"way","osmId":1556615501,"highway":"secondary","name":"Мұзафар Әлімбаев көшесі","bridge":null,"lanes":"4","oneway":null}},{"type":"Feature","geometry":{"type":"LineString","coordinates":[[71.50383,51.14772],[71.50322,51.14718],[71.48756,51.14269]]},"properties":{"layer":"road","districtId":"almaty","osmType":"way","osmId":1556619145,"highway":"secondary","name":null,"bridge":null,"lanes":"3","oneway":"yes"}},{"type":"Feature","geometry":{"type":"LineString","coordinates":[[71.48743,51.14265],[71.48725,51.14259]]},"properties":{"layer":"road","districtId":"almaty","osmType":"way","osmId":1556619146,"highway":"secondary","name":null,"bridge":null,"lanes":"3","oneway":"yes"}},{"type":"Feature","geometry":{"type":"LineString","coordinates":[[71.48756,51.14269],[71.48743,51.14265]]},"properties":{"layer":"road","districtId":"almaty","osmType":"way","osmId":1556619147,"highway":"secondary","name":null,"bridge":null,"lanes":null,"oneway":"yes"}},{"type":"Feature","geometry":{"type":"LineString","coordinates":[[71.48762,51.1426],[71.48756,51.14269]]},"properties":{"layer":"road","districtId":"almaty","osmType":"way","osmId":1556619148,"highway":"secondary","name":"Мағжан Жұмабаев даңғылы","bridge":null,"lanes":null,"oneway":"yes"}},{"type":"Feature","geometry":{"type":"LineString","coordinates":[[71.48743,51.14265],[71.4875,51.14256]]},"properties":{"layer":"road","districtId":"almaty","osmType":"way","osmId":1556619149,"highway":"secondary","name":"Мағжан Жұмабаев даңғылы","bridge":null,"lanes":null,"oneway":"yes"}},{"type":"Feature","geometry":{"type":"LineString","coordinates":[[71.49583,51.14504],[71.49588,51.14496]]},"properties":{"layer":"road","districtId":"almaty","osmType":"way","osmId":1556619150,"highway":"secondary","name":"Төлебаев көшесі","bridge":null,"lanes":null,"oneway":null}},{"type":"Feature","geometry":{"type":"LineString","coordinates":[[71.5038,51.14751],[71.50441,51.14814]]},"properties":{"layer":"road","districtId":"almaty","osmType":"way","osmId":1556621726,"highway":"secondary","name":null,"bridge":null,"lanes":"3","oneway":"yes"}},{"type":"Feature","geometry":{"type":"LineString","coordinates":[[71.50441,51.14814],[71.5045,51.14823]]},"properties":{"layer":"road","districtId":"almaty","osmType":"way","osmId":1556621728,"highway":"secondary","name":null,"bridge":null,"lanes":"3","oneway":"yes"}},{"type":"Feature","geometry":{"type":"LineString","coordinates":[[71.5045,51.14823],[71.50536,51.14913]]},"properties":{"layer":"road","districtId":"almaty","osmType":"way","osmId":1556621730,"highway":"secondary","name":null,"bridge":null,"lanes":"3","oneway":"yes"}},{"type":"Feature","geometry":{"type":"LineString","coordinates":[[71.50536,51.14913],[71.50879,51.15275]]},"properties":{"layer":"road","districtId":"almaty","osmType":"way","osmId":1556621732,"highway":"secondary","name":null,"bridge":null,"lanes":"3","oneway":"yes"}},{"type":"Feature","geometry":{"type":"LineString","coordinates":[[71.39068,51.11725],[71.39382,51.11681]]},"properties":{"layer":"road","districtId":"nura","osmType":"way","osmId":1556804175,"highway":"tertiary","name":"Роза Бағланова көшесі","bridge":null,"lanes":"4","oneway":null}},{"type":"Feature","geometry":{"type":"LineString","coordinates":[[71.32164,51.19424],[71.33407,51.19121]]},"properties":{"layer":"road","districtId":"saryarka","osmType":"way","osmId":1557337040,"highway":"primary","name":"Нұрғиса Тілендиев даңғылы","bridge":null,"lanes":"3","oneway":"yes"}},{"type":"Feature","geometry":{"type":"LineString","coordinates":[[71.41204,51.14605],[71.42254,51.14711]]},"properties":{"layer":"road","districtId":"nura","osmType":"way","osmId":1557366288,"highway":"secondary","name":"Қорғалжын тас жолы","bridge":null,"lanes":null,"oneway":"yes"}},{"type":"Feature","geometry":{"type":"LineString","coordinates":[[71.41173,51.14601],[71.41204,51.14605]]},"properties":{"layer":"road","districtId":"nura","osmType":"way","osmId":1557366290,"highway":"primary","name":"Қорғалжын тас жолы","bridge":null,"lanes":null,"oneway":"yes"}},{"type":"Feature","geometry":{"type":"LineString","coordinates":[[71.41204,51.14605],[71.41206,51.14616]]},"properties":{"layer":"road","districtId":"nura","osmType":"way","osmId":1557366291,"highway":"primary","name":"Тұран даңғылы","bridge":null,"lanes":"6","oneway":null}},{"type":"Feature","geometry":{"type":"LineString","coordinates":[[71.42651,51.16827],[71.42753,51.1646]]},"properties":{"layer":"road","districtId":"saryarka","osmType":"way","osmId":1557368647,"highway":"primary","name":"Республика даңғылы","bridge":null,"lanes":null,"oneway":"yes"}},{"type":"Feature","geometry":{"type":"LineString","coordinates":[[71.42821,51.16279],[71.42806,51.1627]]},"properties":{"layer":"road","districtId":"saryarka","osmType":"way","osmId":1557368650,"highway":"tertiary","name":"Амангелді Иманов көшесі","bridge":null,"lanes":"2","oneway":null}},{"type":"Feature","geometry":{"type":"LineString","coordinates":[[71.42793,51.16316],[71.43042,51.15488]]},"properties":{"layer":"road","districtId":"saryarka","osmType":"way","osmId":1557368651,"highway":"primary","name":"Республика даңғылы","bridge":null,"lanes":null,"oneway":"yes"}},{"type":"Feature","geometry":{"type":"LineString","coordinates":[[71.42753,51.1646],[71.42793,51.16316]]},"properties":{"layer":"road","districtId":"saryarka","osmType":"way","osmId":1557368652,"highway":"primary","name":"Республика даңғылы","bridge":null,"lanes":null,"oneway":"yes"}},{"type":"Feature","geometry":{"type":"LineString","coordinates":[[71.42768,51.16557],[71.42745,51.16554]]},"properties":{"layer":"road","districtId":"baikonur","osmType":"way","osmId":1557368653,"highway":"secondary","name":"Кенесары көшесі","bridge":null,"lanes":null,"oneway":"yes"}},{"type":"Feature","geometry":{"type":"LineString","coordinates":[[71.42745,51.16554],[71.42728,51.16551]]},"properties":{"layer":"road","districtId":"saryarka","osmType":"way","osmId":1557368654,"highway":"secondary","name":"Кенесары көшесі","bridge":null,"lanes":null,"oneway":"yes"}},{"type":"Feature","geometry":{"type":"LineString","coordinates":[[71.42565,51.17136],[71.42651,51.16827]]},"properties":{"layer":"road","districtId":"saryarka","osmType":"way","osmId":1557369221,"highway":"primary","name":"Республика даңғылы","bridge":null,"lanes":null,"oneway":"yes"}},{"type":"Feature","geometry":{"type":"LineString","coordinates":[[71.42648,51.16838],[71.42664,51.1684]]},"properties":{"layer":"road","districtId":"baikonur","osmType":"way","osmId":1557369222,"highway":"tertiary","name":"Абай даңғылы","bridge":null,"lanes":"4","oneway":"yes"}},{"type":"Feature","geometry":{"type":"LineString","coordinates":[[71.43829,51.17293],[71.42578,51.17144]]},"properties":{"layer":"road","districtId":"baikonur","osmType":"way","osmId":1557369223,"highway":"secondary","name":"Сәкен Сейфуллин көшесі","bridge":null,"lanes":"2","oneway":"yes"}},{"type":"Feature","geometry":{"type":"LineString","coordinates":[[71.42579,51.17138],[71.42578,51.17144]]},"properties":{"layer":"road","districtId":"baikonur","osmType":"way","osmId":1557369224,"highway":"primary","name":null,"bridge":null,"lanes":null,"oneway":"yes"}},{"type":"Feature","geometry":{"type":"LineString","coordinates":[[71.42565,51.17136],[71.42579,51.17138]]},"properties":{"layer":"road","districtId":"baikonur","osmType":"way","osmId":1557369225,"highway":"secondary","name":"Сәкен Сейфуллин көшесі","bridge":null,"lanes":null,"oneway":"yes"}},{"type":"Feature","geometry":{"type":"LineString","coordinates":[[71.47688,51.19943],[71.47623,51.19933]]},"properties":{"layer":"road","districtId":"baikonur","osmType":"way","osmId":1557376805,"highway":"secondary","name":null,"bridge":null,"lanes":null,"oneway":"yes"}},{"type":"Feature","geometry":{"type":"LineString","coordinates":[[71.47623,51.19933],[71.47552,51.19927]]},"properties":{"layer":"road","districtId":"baikonur","osmType":"way","osmId":1557376806,"highway":"secondary","name":null,"bridge":null,"lanes":null,"oneway":null}},{"type":"Feature","geometry":{"type":"LineString","coordinates":[[71.47552,51.19927],[71.47441,51.19924]]},"properties":{"layer":"road","districtId":"baikonur","osmType":"way","osmId":1557376808,"highway":"secondary","name":null,"bridge":null,"lanes":null,"oneway":null}},{"type":"Feature","geometry":{"type":"LineString","coordinates":[[71.47425,51.19891],[71.47263,51.19947]]},"properties":{"layer":"road","districtId":"baikonur","osmType":"way","osmId":1557376811,"highway":"secondary","name":null,"bridge":null,"lanes":"3","oneway":"yes"}},{"type":"Feature","geometry":{"type":"LineString","coordinates":[[71.47368,51.19903],[71.47425,51.19891]]},"properties":{"layer":"road","districtId":"baikonur","osmType":"way","osmId":1557376812,"highway":"secondary","name":null,"bridge":null,"lanes":null,"oneway":"yes"}},{"type":"Feature","geometry":{"type":"LineString","coordinates":[[71.47263,51.19947],[71.46051,51.2035],[71.45329,51.20659]]},"properties":{"layer":"road","districtId":"baikonur","osmType":"way","osmId":1557376813,"highway":"secondary","name":null,"bridge":null,"lanes":"3","oneway":"yes"}},{"type":"Feature","geometry":{"type":"LineString","coordinates":[[71.47032,51.20013],[71.47045,51.2002]]},"properties":{"layer":"road","districtId":"baikonur","osmType":"way","osmId":1557376817,"highway":"secondary","name":null,"bridge":null,"lanes":null,"oneway":null}},{"type":"Feature","geometry":{"type":"LineString","coordinates":[[71.47208,51.19955],[71.47263,51.19947]]},"properties":{"layer":"road","districtId":"baikonur","osmType":"way","osmId":1557376819,"highway":"secondary","name":null,"bridge":null,"lanes":null,"oneway":"yes"}},{"type":"Feature","geometry":{"type":"LineString","coordinates":[[71.46149,51.20304],[71.46158,51.20312]]},"properties":{"layer":"road","districtId":"baikonur","osmType":"way","osmId":1557376835,"highway":"secondary","name":"С-316 көшесі","bridge":null,"lanes":null,"oneway":null}},{"type":"Feature","geometry":{"type":"LineString","coordinates":[[71.45504,51.20584],[71.45496,51.20577]]},"properties":{"layer":"road","districtId":"baikonur","osmType":"way","osmId":1557376839,"highway":"secondary","name":null,"bridge":null,"lanes":null,"oneway":null}},{"type":"Feature","geometry":{"type":"LineString","coordinates":[[71.46302,51.19251],[71.46286,51.19263]]},"properties":{"layer":"road","districtId":"baikonur","osmType":"way","osmId":1557379681,"highway":"primary","name":"Михаил Шолохов көшесі","bridge":null,"lanes":null,"oneway":null}},{"type":"Feature","geometry":{"type":"LineString","coordinates":[[71.45612,51.18282],[71.45621,51.18293]]},"properties":{"layer":"road","districtId":"baikonur","osmType":"way","osmId":1557379683,"highway":"secondary","name":null,"bridge":null,"lanes":null,"oneway":null}},{"type":"Feature","geometry":{"type":"LineString","coordinates":[[71.46876,51.17874],[71.46874,51.17889]]},"properties":{"layer":"road","districtId":"baikonur","osmType":"way","osmId":1557379691,"highway":"secondary","name":"Жаһанша Досмұхамедұлы көшесі","bridge":null,"lanes":null,"oneway":null}},{"type":"Feature","geometry":{"type":"LineString","coordinates":[[71.46874,51.17889],[71.46853,51.17882]]},"properties":{"layer":"road","districtId":"baikonur","osmType":"way","osmId":1557379692,"highway":"secondary","name":null,"bridge":null,"lanes":null,"oneway":null}},{"type":"Feature","geometry":{"type":"LineString","coordinates":[[71.47778,51.17543],[71.47791,51.17551]]},"properties":{"layer":"road","districtId":"baikonur","osmType":"way","osmId":1557379695,"highway":"secondary","name":"Балочная көшесі","bridge":null,"lanes":null,"oneway":null}},{"type":"Feature","geometry":{"type":"LineString","coordinates":[[71.42401,51.17731],[71.42402,51.17714]]},"properties":{"layer":"road","districtId":"saryarka","osmType":"way","osmId":1557382038,"highway":"primary","name":"Республика даңғылы","bridge":null,"lanes":null,"oneway":"yes"}},{"type":"Feature","geometry":{"type":"LineString","coordinates":[[71.42402,51.17714],[71.42492,51.17407]]},"properties":{"layer":"road","districtId":"saryarka","osmType":"way","osmId":1557382039,"highway":"primary","name":"Республика даңғылы","bridge":null,"lanes":null,"oneway":"yes"}},{"type":"Feature","geometry":{"type":"LineString","coordinates":[[71.42483,51.17439],[71.42496,51.17441]]},"properties":{"layer":"road","districtId":"baikonur","osmType":"way","osmId":1557382040,"highway":"tertiary","name":"Әліби Жангелдин көшесі","bridge":null,"lanes":"4","oneway":null}},{"type":"Feature","geometry":{"type":"LineString","coordinates":[[71.42492,51.17407],[71.42563,51.17143]]},"properties":{"layer":"road","districtId":"saryarka","osmType":"way","osmId":1557382041,"highway":"primary","name":"Республика даңғылы","bridge":null,"lanes":null,"oneway":"yes"}},{"type":"Feature","geometry":{"type":"LineString","coordinates":[[71.42578,51.17144],[71.42563,51.17143]]},"properties":{"layer":"road","districtId":"saryarka","osmType":"way","osmId":1557382042,"highway":"secondary","name":"Сәкен Сейфуллин көшесі","bridge":null,"lanes":null,"oneway":"yes"}},{"type":"Feature","geometry":{"type":"LineString","coordinates":[[71.42563,51.17143],[71.42565,51.17136]]},"properties":{"layer":"road","districtId":"saryarka","osmType":"way","osmId":1557382216,"highway":"primary","name":"Республика даңғылы","bridge":null,"lanes":null,"oneway":"yes"}},{"type":"Feature","geometry":{"type":"LineString","coordinates":[[71.41503,51.18877],[71.41518,51.18811]]},"properties":{"layer":"road","districtId":"saryarka","osmType":"way","osmId":1557395907,"highway":"secondary","name":null,"bridge":null,"lanes":"3","oneway":"yes"}},{"type":"Feature","geometry":{"type":"LineString","coordinates":[[71.41794,51.17878],[71.41781,51.17876]]},"properties":{"layer":"road","districtId":"saryarka","osmType":"way","osmId":1557395908,"highway":"secondary","name":"Ықылас Дүкенұлы көшесі","bridge":null,"lanes":null,"oneway":null}},{"type":"Feature","geometry":{"type":"LineString","coordinates":[[71.41695,51.18242],[71.41683,51.18241]]},"properties":{"layer":"road","districtId":"saryarka","osmType":"way","osmId":1557395909,"highway":"secondary","name":"Мәскеу көшесі","bridge":null,"lanes":"2","oneway":"no"}},{"type":"Feature","geometry":{"type":"LineString","coordinates":[[71.41661,51.18308],[71.41665,51.18296]]},"properties":{"layer":"road","districtId":"saryarka","osmType":"way","osmId":1557395910,"highway":"secondary","name":null,"bridge":null,"lanes":"3","oneway":"yes"}},{"type":"Feature","geometry":{"type":"LineString","coordinates":[[71.41665,51.18296],[71.41822,51.17719]]},"properties":{"layer":"road","districtId":"saryarka","osmType":"way","osmId":1557395911,"highway":"secondary","name":null,"bridge":null,"lanes":"3","oneway":"yes"}},{"type":"Feature","geometry":{"type":"LineString","coordinates":[[71.41613,51.18484],[71.41661,51.18308]]},"properties":{"layer":"road","districtId":"saryarka","osmType":"way","osmId":1557395912,"highway":"secondary","name":null,"bridge":null,"lanes":"3","oneway":"yes"}},{"type":"Feature","geometry":{"type":"LineString","coordinates":[[71.41228,51.18568],[71.41576,51.18609]]},"properties":{"layer":"road","districtId":"saryarka","osmType":"way","osmId":1557395913,"highway":"tertiary","name":"Әлия Молдағұлова көшесі","bridge":null,"lanes":"4","oneway":null}},{"type":"Feature","geometry":{"type":"LineString","coordinates":[[71.41576,51.18609],[71.41588,51.1861]]},"properties":{"layer":"road","districtId":"saryarka","osmType":"way","osmId":1557395914,"highway":"secondary","name":"Әлия Молдағұлова көшесі","bridge":null,"lanes":"4","oneway":null}},{"type":"Feature","geometry":{"type":"LineString","coordinates":[[71.41553,51.1869],[71.41613,51.18484]]},"properties":{"layer":"road","districtId":"saryarka","osmType":"way","osmId":1557395915,"highway":"secondary","name":null,"bridge":null,"lanes":"3","oneway":"yes"}},{"type":"Feature","geometry":{"type":"LineString","coordinates":[[71.41518,51.18811],[71.41553,51.1869]]},"properties":{"layer":"road","districtId":"saryarka","osmType":"way","osmId":1557395916,"highway":"secondary","name":null,"bridge":null,"lanes":"3","oneway":"yes"}},{"type":"Feature","geometry":{"type":"LineString","coordinates":[[71.44892,51.168],[71.44848,51.16744]]},"properties":{"layer":"road","districtId":"baikonur","osmType":"way","osmId":1557407866,"highway":"tertiary","name":"Әлмұқан Сембинов көшесі","bridge":null,"lanes":"3","oneway":null}},{"type":"Feature","geometry":{"type":"LineString","coordinates":[[71.45056,51.17006],[71.45048,51.16997]]},"properties":{"layer":"road","districtId":"baikonur","osmType":"way","osmId":1557407867,"highway":"tertiary","name":"Әлмұқан Сембинов көшесі","bridge":null,"lanes":"3","oneway":null}},{"type":"Feature","geometry":{"type":"LineString","coordinates":[[71.45068,51.17021],[71.45056,51.17006]]},"properties":{"layer":"road","districtId":"baikonur","osmType":"way","osmId":1557579679,"highway":"tertiary","name":"Әлмұқан Сембинов көшесі","bridge":null,"lanes":"3","oneway":null}},{"type":"Feature","geometry":{"type":"LineString","coordinates":[[71.45073,51.17001],[71.4568,51.1681]]},"properties":{"layer":"road","districtId":"baikonur","osmType":"way","osmId":1557579680,"highway":"tertiary","name":"Абай даңғылы","bridge":null,"lanes":null,"oneway":"yes"}},{"type":"Feature","geometry":{"type":"LineString","coordinates":[[71.45038,51.17012],[71.45056,51.17006]]},"properties":{"layer":"road","districtId":"baikonur","osmType":"way","osmId":1557579681,"highway":"tertiary","name":"Абай даңғылы","bridge":null,"lanes":null,"oneway":"yes"}},{"type":"Feature","geometry":{"type":"LineString","coordinates":[[71.44816,51.17082],[71.45038,51.17012]]},"properties":{"layer":"road","districtId":"baikonur","osmType":"way","osmId":1557579682,"highway":"tertiary","name":"Абай даңғылы","bridge":null,"lanes":null,"oneway":"yes"}},{"type":"Feature","geometry":{"type":"LineString","coordinates":[[71.45691,51.17803],[71.45068,51.17021]]},"properties":{"layer":"road","districtId":"baikonur","osmType":"way","osmId":1557579683,"highway":"tertiary","name":"Әлмұқан Сембинов көшесі","bridge":null,"lanes":"3","oneway":null}},{"type":"Feature","geometry":{"type":"LineString","coordinates":[[71.43309,51.09924],[71.4286,51.09987]]},"properties":{"layer":"road","districtId":"esil","osmType":"way","osmId":1557637896,"highway":"tertiary","name":"Бұқар Жырау көшесі","bridge":null,"lanes":null,"oneway":"no"}},{"type":"Feature","geometry":{"type":"LineString","coordinates":[[71.43564,51.09888],[71.43414,51.09909]]},"properties":{"layer":"road","districtId":"esil","osmType":"way","osmId":1557637897,"highway":"tertiary","name":"Бұқар Жырау көшесі","bridge":null,"lanes":null,"oneway":"no"}},{"type":"Feature","geometry":{"type":"LineString","coordinates":[[71.43794,51.09856],[71.43784,51.09857]]},"properties":{"layer":"road","districtId":"esil","osmType":"way","osmId":1557818854,"highway":"tertiary","name":"Бұқар Жырау көшесі","bridge":null,"lanes":null,"oneway":null}},{"type":"Feature","geometry":{"type":"LineString","coordinates":[[71.43834,51.0985],[71.43794,51.09856]]},"properties":{"layer":"road","districtId":"esil","osmType":"way","osmId":1557818855,"highway":"tertiary","name":"Бұқар Жырау көшесі","bridge":null,"lanes":null,"oneway":null}},{"type":"Feature","geometry":{"type":"LineString","coordinates":[[71.44213,51.09795],[71.44057,51.0982]]},"properties":{"layer":"road","districtId":"esil","osmType":"way","osmId":1557818856,"highway":"tertiary","name":"Бұқар Жырау көшесі","bridge":null,"lanes":null,"oneway":null}},{"type":"Feature","geometry":{"type":"LineString","coordinates":[[71.44452,51.09763],[71.44213,51.09795]]},"properties":{"layer":"road","districtId":"esil","osmType":"way","osmId":1557818857,"highway":"tertiary","name":"Бұқар Жырау көшесі","bridge":null,"lanes":null,"oneway":null}},{"type":"Feature","geometry":{"type":"LineString","coordinates":[[71.48316,51.131],[71.48314,51.13103]]},"properties":{"layer":"road","districtId":"almaty","osmType":"way","osmId":1559050793,"highway":"tertiary","name":"Сағадат Нұрмағамбетов көшесі","bridge":null,"lanes":null,"oneway":null}},{"type":"Feature","geometry":{"type":"LineString","coordinates":[[71.485,51.12842],[71.48435,51.12936]]},"properties":{"layer":"road","districtId":"almaty","osmType":"way","osmId":1559050794,"highway":"tertiary","name":"Сағадат Нұрмағамбетов көшесі","bridge":null,"lanes":null,"oneway":null}},{"type":"Feature","geometry":{"type":"LineString","coordinates":[[71.4826,51.13112],[71.48341,51.13106],[71.48447,51.13136]]},"properties":{"layer":"road","districtId":"almaty","osmType":"way","osmId":1559050795,"highway":"tertiary","name":"Балқантау көшесі","bridge":null,"lanes":null,"oneway":null}},{"type":"Feature","geometry":{"type":"LineString","coordinates":[[71.47634,51.13261],[71.4826,51.13112]]},"properties":{"layer":"road","districtId":"almaty","osmType":"way","osmId":1559050796,"highway":"tertiary","name":"Балқантау көшесі","bridge":null,"lanes":null,"oneway":null}},{"type":"Feature","geometry":{"type":"LineString","coordinates":[[71.42703,51.12446],[71.42703,51.12445]]},"properties":{"layer":"road","districtId":"esil","osmType":"way","osmId":1559799731,"highway":"secondary","name":"Ақмешіт көшесі","bridge":null,"lanes":"4","oneway":null}},{"type":"Feature","geometry":{"type":"LineString","coordinates":[[71.45712,51.16818],[71.45693,51.16794]]},"properties":{"layer":"road","districtId":"baikonur","osmType":"way","osmId":1560146203,"highway":"tertiary","name":"Бейсекбаев көшесі","bridge":null,"lanes":null,"oneway":null}},{"type":"Feature","geometry":{"type":"LineString","coordinates":[[71.45693,51.16794],[71.45296,51.16289]]},"properties":{"layer":"road","districtId":"baikonur","osmType":"way","osmId":1560146204,"highway":"tertiary","name":"Бейсекбаев көшесі","bridge":null,"lanes":null,"oneway":null}},{"type":"Feature","geometry":{"type":"LineString","coordinates":[[71.45701,51.16804],[71.45713,51.16799]]},"properties":{"layer":"road","districtId":"baikonur","osmType":"way","osmId":1560146205,"highway":"tertiary","name":"Абай даңғылы","bridge":null,"lanes":null,"oneway":"yes"}},{"type":"Feature","geometry":{"type":"LineString","coordinates":[[71.4568,51.1681],[71.45701,51.16804]]},"properties":{"layer":"road","districtId":"baikonur","osmType":"way","osmId":1560146206,"highway":"tertiary","name":"Абай даңғылы","bridge":null,"lanes":null,"oneway":"yes"}},{"type":"Feature","geometry":{"type":"LineString","coordinates":[[71.40243,51.13477],[71.40201,51.13467]]},"properties":{"layer":"road","districtId":"nura","osmType":"way","osmId":1560201215,"highway":"tertiary","name":"Е-308 көшесі","bridge":null,"lanes":"4","oneway":null}},{"type":"Feature","geometry":{"type":"LineString","coordinates":[[71.40337,51.13487],[71.4028,51.13482]]},"properties":{"layer":"road","districtId":"nura","osmType":"way","osmId":1560201216,"highway":"tertiary","name":"Е-308 көшесі","bridge":null,"lanes":"4","oneway":null}},{"type":"Feature","geometry":{"type":"LineString","coordinates":[[71.38795,51.10099],[71.38845,51.10092]]},"properties":{"layer":"road","districtId":"nura","osmType":"way","osmId":1561019820,"highway":"tertiary","name":"Ұлы Дала даңғылы","bridge":null,"lanes":null,"oneway":"yes"}},{"type":"Feature","geometry":{"type":"LineString","coordinates":[[71.37541,51.10273],[71.38795,51.10099]]},"properties":{"layer":"road","districtId":"nura","osmType":"way","osmId":1561019821,"highway":"tertiary","name":"Ұлы Дала даңғылы","bridge":null,"lanes":null,"oneway":"yes"}},{"type":"Feature","geometry":{"type":"LineString","coordinates":[[71.38849,51.10105],[71.38801,51.10112]]},"properties":{"layer":"road","districtId":"nura","osmType":"way","osmId":1561019822,"highway":"tertiary","name":"Ұлы Дала даңғылы","bridge":null,"lanes":null,"oneway":"yes"}},{"type":"Feature","geometry":{"type":"LineString","coordinates":[[71.39703,51.10415],[71.39803,51.10401]]},"properties":{"layer":"road","districtId":"nura","osmType":"way","osmId":1561021014,"highway":"tertiary","name":"Бұқар Жырау көшесі","bridge":null,"lanes":null,"oneway":null}},{"type":"Feature","geometry":{"type":"LineString","coordinates":[[71.39672,51.1042],[71.39703,51.10415]]},"properties":{"layer":"road","districtId":"nura","osmType":"way","osmId":1561021015,"highway":"tertiary","name":"Бұқар Жырау көшесі","bridge":null,"lanes":null,"oneway":null}},{"type":"Feature","geometry":{"type":"LineString","coordinates":[[71.46575,51.14607],[71.4656,51.14607]]},"properties":{"layer":"road","districtId":"almaty","osmType":"way","osmId":1561025354,"highway":"tertiary","name":"Күйші Дина көшесі","bridge":null,"lanes":null,"oneway":null}},{"type":"Feature","geometry":{"type":"LineString","coordinates":[[71.46575,51.14627],[71.46575,51.14607]]},"properties":{"layer":"road","districtId":"almaty","osmType":"way","osmId":1561025357,"highway":"tertiary","name":"Анна Ахматова көшесі","bridge":null,"lanes":null,"oneway":null}},{"type":"Feature","geometry":{"type":"LineString","coordinates":[[71.46982,51.13769],[71.46704,51.1369]]},"properties":{"layer":"road","districtId":"almaty","osmType":"way","osmId":1561041863,"highway":"secondary","name":"Бауыржан Момышұлы даңғылы","bridge":null,"lanes":"2","oneway":"yes"}},{"type":"Feature","geometry":{"type":"LineString","coordinates":[[71.45809,51.12956],[71.4578,51.12961]]},"properties":{"layer":"road","districtId":"almaty","osmType":"way","osmId":1561042940,"highway":"secondary","name":"Сарайшық көшесі","bridge":null,"lanes":"3","oneway":"yes"}},{"type":"Feature","geometry":{"type":"LineString","coordinates":[[71.45826,51.12954],[71.45834,51.12973]]},"properties":{"layer":"road","districtId":"almaty","osmType":"way","osmId":1561042941,"highway":"secondary","name":"Бауыржан Момышұлы даңғылы","bridge":null,"lanes":"2","oneway":"yes"}},{"type":"Feature","geometry":{"type":"LineString","coordinates":[[71.45818,51.12976],[71.45809,51.12956]]},"properties":{"layer":"road","districtId":"almaty","osmType":"way","osmId":1561042942,"highway":"secondary","name":"Бауыржан Момышұлы даңғылы","bridge":null,"lanes":"2","oneway":"yes"}},{"type":"Feature","geometry":{"type":"LineString","coordinates":[[71.47086,51.12758],[71.47059,51.12762]]},"properties":{"layer":"road","districtId":"almaty","osmType":"way","osmId":1561042943,"highway":"secondary","name":"Рақымжан Қошқарбаев даңғылы","bridge":null,"lanes":"2","oneway":"yes"}}]}